patch_index,row,col,posthoc_state,representative_number,uncertainty,anomaly_probability,primary_anomaly_probability,reference_anomaly_probability,prediction_disagreement,source_reliability,update_gate,gt_lesion_fraction,transition_self_weight,transition_nonself_weight,top_source_patch,top_source_weight
0,0,0,stable_normal,,0.020859867334365845,0.35712912678718567,0.3744754195213318,0.343771368265152,0.03070405125617981,0.9791401624679565,0.14103712141513824,0.0,0.2713012397289276,0.72869873046875,0,0.2713012397289276
1,0,1,stable_normal,,0.009834080934524536,0.3610263168811798,0.37210437655448914,0.35052981972694397,0.021574556827545166,0.9901659488677979,0.138583704829216,0.0,0.2432047724723816,0.7567952275276184,1,0.2432047724723816
2,0,2,pseudo_anomaly_risk,,0.1302635371685028,0.3987644910812378,0.45123764872550964,0.3506161868572235,0.10062146186828613,0.8697364330291748,0.1533101201057434,0.0,0.23472195863723755,0.7652780413627625,2,0.23472195863723755
3,0,3,stable_normal,,0.01314634084701538,0.3503437638282776,0.37262704968452454,0.3300796151161194,0.04254743456840515,0.9868536591529846,0.14080914855003357,0.0,0.23970071971416473,0.7602992653846741,3,0.23970071971416473
4,0,4,stable_normal,,0.00609898567199707,0.3932762145996094,0.3966723382472992,0.39011144638061523,0.00656089186668396,0.9939010143280029,0.13304495811462402,0.0,0.2478255033493042,0.7521744966506958,4,0.2478255033493042
5,0,5,stable_normal,,0.007384687662124634,0.384893000125885,0.37093091011047363,0.39956992864608765,0.028639018535614014,0.9926153421401978,0.1345173716545105,0.0,0.18867629766464233,0.8113237023353577,5,0.18867629766464233
6,0,6,stable_normal,,0.06799322366714478,0.3885507881641388,0.3590646982192993,0.4161275625228882,0.05706286430358887,0.9320067763328552,0.1440417766571045,0.0,0.18602165579795837,0.8139783143997192,6,0.18602165579795837
7,0,7,stable_normal,,0.024547576904296875,0.3619227707386017,0.358508825302124,0.3683357536792755,0.00982692837715149,0.9754524230957031,0.14090172946453094,0.0,0.2510446608066559,0.7489553689956665,7,0.2510446608066559
8,0,8,stable_normal,,0.014404594898223877,0.3741786777973175,0.37833526730537415,0.37108755111694336,0.007247716188430786,0.9855954051017761,0.13730202615261078,0.0,0.24677880108356476,0.7532212138175964,8,0.24677880108356476
9,0,9,noise_sensitive_normal,,0.27692970633506775,0.4284926652908325,0.4135167598724365,0.4551964998245239,0.0416797399520874,0.7230702638626099,0.1759921759366989,0.0,0.26268044114112854,0.7373195886611938,9,0.26268044114112854
10,0,10,stable_normal,,0.00038439035415649414,0.4525294005870819,0.4516327381134033,0.45342832803726196,0.0017955899238586426,0.9996156096458435,0.12352985143661499,0.0,0.23093917965888977,0.7690608501434326,10,0.23093917965888977
11,0,11,stable_normal,,0.06093943119049072,0.3922656178474426,0.3793128430843353,0.41156861186027527,0.03225576877593994,0.9390605688095093,0.1422458291053772,0.0,0.20736783742904663,0.7926321625709534,11,0.20736783742904663
12,0,12,stable_normal,,0.028964638710021973,0.3954274356365204,0.3885767459869385,0.405335932970047,0.01675918698310852,0.971035361289978,0.13642320036888123,0.0,0.20839951932430267,0.7916004657745361,12,0.20839951932430267
13,0,13,stable_normal,,0.08289182186126709,0.3962419331073761,0.4001847207546234,0.40040189027786255,0.00021716952323913574,0.9171081781387329,0.14536480605602264,0.0,0.21113766729831696,0.7888623476028442,13,0.21113766729831696
14,0,14,pseudo_anomaly_risk,,0.3043253719806671,0.42277899384498596,0.45294684171676636,0.4048439860343933,0.04810285568237305,0.6956746578216553,0.18269097805023193,0.0,0.20132607221603394,0.7986739277839661,14,0.20132607221603394
15,0,15,stable_normal,,0.025809764862060547,0.43024909496307373,0.40589481592178345,0.45142239332199097,0.04552757740020752,0.9741902351379395,0.1306684911251068,0.0,0.18869638442993164,0.8113036155700684,15,0.18869638442993164
16,0,16,pseudo_anomaly_risk,,0.26615235209465027,0.4143187701702118,0.3980954885482788,0.4421975314617157,0.04410204291343689,0.7338476181030273,0.1764976680278778,0.0,0.2509751319885254,0.7490248680114746,16,0.2509751319885254
17,0,17,stable_normal,,0.01647433638572693,0.3967744708061218,0.39457836747169495,0.4011695981025696,0.006591230630874634,0.9835256338119507,0.13418684899806976,0.0,0.18364320695400238,0.8163567781448364,17,0.18364320695400238
18,0,18,stable_normal,,0.007310092449188232,0.37435632944107056,0.37413617968559265,0.3754067122936249,0.0012705326080322266,0.9926899075508118,0.13611097633838654,0.0,0.2602192461490631,0.7397807836532593,18,0.2602192461490631
19,0,19,pseudo_anomaly_risk,,0.10205838084220886,0.4084118604660034,0.3555229902267456,0.46209803223609924,0.10657504200935364,0.8979415893554688,0.14671020209789276,0.0,0.22670716047286987,0.7732928395271301,19,0.22670716047286987
20,0,20,stable_normal,,0.002223759889602661,0.3886851966381073,0.3900344669818878,0.387506365776062,0.0025281012058258057,0.9977762699127197,0.13311341404914856,0.0,0.17793434858322144,0.8220656514167786,20,0.17793434858322144
21,0,21,stable_normal,,0.0007086098194122314,0.4437958002090454,0.44784384965896606,0.44010812044143677,0.007735729217529297,0.9992914199829102,0.12481597065925598,0.0,0.1229902058839798,0.8770098090171814,21,0.1229902058839798
22,0,22,pseudo_anomaly_risk,,0.34935832023620605,0.41879093647003174,0.40472614765167236,0.4531097412109375,0.04838359355926514,0.650641679763794,0.19303086400032043,0.0,0.213682621717453,0.7863173484802246,22,0.213682621717453
23,0,23,stable_normal,,0.021885037422180176,0.39661431312561035,0.3917410671710968,0.4029987156391144,0.011257648468017578,0.9781149625778198,0.13508734107017517,0.0,0.19986344873905182,0.8001365661621094,23,0.19986344873905182
24,0,24,stable_normal,,0.006839126348495483,0.39299333095550537,0.3932327330112457,0.3934834897518158,0.00025075674057006836,0.9931608438491821,0.13320618867874146,0.0,0.1968919187784195,0.8031080961227417,24,0.1968919187784195
25,0,25,stable_normal,,0.032246679067611694,0.3843832314014435,0.37632644176483154,0.3941764235496521,0.017849981784820557,0.9677532911300659,0.13867077231407166,0.0,0.196450337767601,0.8035496473312378,25,0.196450337767601
26,0,26,stable_normal,,0.0014393031597137451,0.3949880003929138,0.3901461958885193,0.4001450836658478,0.009998887777328491,0.9985606670379639,0.1320439726114273,0.0,0.16326193511486053,0.8367380499839783,26,0.16326193511486053
27,0,27,stable_normal,,0.044242292642593384,0.378043532371521,0.36659830808639526,0.39355820417404175,0.026959896087646484,0.955757737159729,0.14167536795139313,0.0,0.20483478903770447,0.7951651811599731,27,0.20483478903770447
28,0,28,stable_normal,,0.012035012245178223,0.38551753759384155,0.37614649534225464,0.395315021276474,0.01916852593421936,0.9879649877548218,0.13517652451992035,0.0,0.2202901542186737,0.7797098159790039,28,0.2202901542186737
29,0,29,stable_normal,,0.01600050926208496,0.367525577545166,0.3804051876068115,0.356825053691864,0.02358013391494751,0.983999490737915,0.1385962963104248,0.0,0.22324898838996887,0.7767510414123535,29,0.22324898838996887
30,0,30,stable_normal,,0.0390683114528656,0.3898695111274719,0.3724289834499359,0.40853017568588257,0.036101192235946655,0.960931658744812,0.13894996047019958,0.0,0.18915505707263947,0.8108449578285217,30,0.18915505707263947
31,0,31,stable_normal,,0.005650907754898071,0.37319517135620117,0.37333226203918457,0.3737677037715912,0.0004354417324066162,0.9943491220474243,0.13601768016815186,0.0,0.20237722992897034,0.797622799873352,31,0.20237722992897034
32,0,32,stable_normal,,0.02206045389175415,0.36538103222846985,0.3469085395336151,0.38691508769989014,0.040006548166275024,0.9779395461082458,0.1399407833814621,0.0,0.24907629191875458,0.7509236931800842,32,0.24907629191875458
33,0,33,pseudo_anomaly_risk,,0.2326751947402954,0.35817739367485046,0.3423770070075989,0.39883866906166077,0.05646166205406189,0.7673248052597046,0.18039628863334656,0.0,0.23834599554538727,0.7616540193557739,33,0.23834599554538727
34,0,34,stable_normal,,0.049765050411224365,0.3682264983654022,0.3640615940093994,0.3774509131908417,0.01338931918144226,0.9502349495887756,0.1441819965839386,0.0,0.22217780351638794,0.7778221964836121,34,0.22217780351638794
35,0,35,stable_normal,,0.018057048320770264,0.3671117424964905,0.36867716908454895,0.36786964535713196,0.0008075237274169922,0.9819429516792297,0.13900241255760193,0.0,0.2283773273229599,0.7716226577758789,35,0.2283773273229599
36,0,36,stable_normal,,0.0255889892578125,0.3629623353481293,0.36459946632385254,0.3646646738052368,6.520748138427734e-05,0.9744110107421875,0.14091302454471588,0.0,0.26689231395721436,0.7331076860427856,36,0.26689231395721436
37,1,0,stable_normal,,0.0013027191162109375,0.3939635455608368,0.39893800020217896,0.3891603350639343,0.009777665138244629,0.9986972808837891,0.13217517733573914,0.0,0.23465295135974884,0.7653470635414124,37,0.23465295135974884
38,1,1,stable_normal,,0.017668455839157104,0.3740703761577606,0.35525065660476685,0.39530983567237854,0.040059179067611694,0.9823315143585205,0.13785700500011444,0.0,0.21405458450317383,0.7859454154968262,38,0.21405458450317383
39,1,2,stable_normal,,0.07394886016845703,0.3664659857749939,0.3739342987537384,0.36881327629089355,0.005121022462844849,0.926051139831543,0.14866945147514343,0.0,0.2250470668077469,0.7749529480934143,39,0.2250470668077469
40,1,3,stable_normal,,0.07796090841293335,0.374151349067688,0.39625856280326843,0.3629664480686188,0.03329211473464966,0.9220390915870667,0.14810913801193237,0.0,0.20397500693798065,0.7960249781608582,40,0.20397500693798065
41,1,4,noise_sensitive_normal,,0.15735504031181335,0.3450745940208435,0.37373533844947815,0.3378022015094757,0.03593313694000244,0.8426449298858643,0.1678019016981125,0.0,0.20309895277023315,0.7969010472297668,41,0.20309895277023315
42,1,5,stable_normal,,0.005793511867523193,0.3368253707885742,0.339028924703598,0.3355652689933777,0.003463655710220337,0.9942064881324768,0.14170533418655396,0.0,0.23066677153110504,0.7693332433700562,42,0.23066677153110504
43,1,6,stable_normal,,0.025722265243530273,0.43399301171302795,0.41353511810302734,0.4530710279941559,0.03953590989112854,0.9742777347564697,0.13010179996490479,0.0,0.1483602225780487,0.8516397476196289,43,0.1483602225780487
44,1,7,noise_sensitive_normal,,0.0932697057723999,0.39060959219932556,0.40706178545951843,0.38284167647361755,0.02422010898590088,0.9067302942276001,0.14808908104896545,0.0,0.12705697119235992,0.8729430437088013,44,0.12705697119235992
45,1,8,pseudo_anomaly_risk,,0.3604031205177307,0.4163911044597626,0.39984703063964844,0.45416727662086487,0.05432024598121643,0.6395968794822693,0.19592538475990295,0.0,0.22670483589172363,0.7732951641082764,45,0.22670483589172363
46,1,9,stable_normal,,0.00014272332191467285,0.45512738823890686,0.45588424801826477,0.45438048243522644,0.00150376558303833,0.9998573064804077,0.12312767654657364,0.0,0.16786178946495056,0.832138180732727,46,0.16786178946495056
47,1,10,stable_normal,,0.00010216236114501953,0.45210349559783936,0.4526073932647705,0.4516078531742096,0.000999540090560913,0.999897837638855,0.12354743480682373,0.0,0.18542146682739258,0.8145785331726074,47,0.18542146682739258
48,1,11,noise_sensitive_normal,,0.2048993706703186,0.36391615867614746,0.35466593503952026,0.3946901857852936,0.040024250745773315,0.7951006293296814,0.17368319630622864,0.0,0.20524917542934418,0.7947508096694946,48,0.20524917542934418
49,1,12,stable_normal,,0.04363679885864258,0.36223381757736206,0.3792869746685028,0.3544260859489441,0.024860888719558716,0.9563632011413574,0.14409412443637848,0.0,0.15428195893764496,0.8457180261611938,49,0.15428195893764496
50,1,13,stable_normal,,0.00029730796813964844,0.45451289415359497,0.4542509913444519,0.45478734374046326,0.0005363523960113525,0.9997026920318604,0.12323732674121857,0.0,0.13000456988811493,0.8699954152107239,50,0.13000456988811493
51,1,14,stable_normal,,0.0008744299411773682,0.4530309736728668,0.45217323303222656,0.4539604187011719,0.0017871856689453125,0.999125599861145,0.12353288382291794,0.0,0.17527808248996735,0.8247219324111938,51,0.17527808248996735
52,1,15,stable_normal,,0.014180004596710205,0.3514391779899597,0.3524480164051056,0.3524167537689209,3.126263618469238e-05,0.9858199954032898,0.14081034064292908,0.0,0.19670817255973816,0.8032917976379395,52,0.19670817255973816
53,1,16,stable_normal,,0.052217304706573486,0.36161014437675476,0.4113468825817108,0.3236478567123413,0.0876990258693695,0.9477826952934265,0.14567232131958008,0.0,0.2505524456501007,0.7494475841522217,53,0.2505524456501007
54,1,17,noise_sensitive_normal,,0.24313032627105713,0.4304102063179016,0.44539958238601685,0.42557013034820557,0.01982945203781128,0.7568696737289429,0.16893190145492554,0.0,0.18467091023921967,0.8153290748596191,54,0.18467091023921967
55,1,18,stable_normal,,0.057131677865982056,0.34349825978279114,0.3535119891166687,0.3416474163532257,0.011864572763442993,0.9428683519363403,0.14949923753738403,0.0,0.20456469058990479,0.7954353094100952,55,0.20456469058990479
56,1,19,stable_normal,,0.07055497169494629,0.43543741106987,0.4176885485649109,0.45410922169685364,0.03642067313194275,0.9294450283050537,0.1370953917503357,0.0,0.19113054871559143,0.808869481086731,56,0.19113054871559143
57,1,20,stable_normal,,0.002924323081970215,0.3850383162498474,0.38659194111824036,0.3838055431842804,0.002786397933959961,0.9970756769180298,0.13377529382705688,0.0,0.21177081763744354,0.7882291674613953,57,0.21177081763744354
58,1,21,stable_normal,,0.004411786794662476,0.3681245446205139,0.36283713579177856,0.3735455274581909,0.010708391666412354,0.9955881834030151,0.13659244775772095,0.0,0.21219339966773987,0.7878066301345825,58,0.21219339966773987
59,1,22,stable_normal,,0.0009045600891113281,0.45462632179260254,0.4562883675098419,0.4529387056827545,0.0033496618270874023,0.9990954399108887,0.1233125850558281,0.0,0.17067240178585052,0.8293275833129883,59,0.17067240178585052
60,1,23,noise_sensitive_normal,,0.36380574107170105,0.4220675528049469,0.4138379693031311,0.45293691754341125,0.03909894824028015,0.6361942291259766,0.19550597667694092,0.0,0.16641560196876526,0.8335844278335571,60,0.16641560196876526
61,1,24,stable_normal,,0.054991722106933594,0.3983127176761627,0.4328427016735077,0.3612261116504669,0.07161659002304077,0.9450082778930664,0.14028753340244293,0.0,0.2008429616689682,0.7991570234298706,61,0.2008429616689682
62,1,25,stable_normal,,0.013740301132202148,0.4497004747390747,0.446321964263916,0.4541574716567993,0.0078355073928833,0.9862596988677979,0.1259589046239853,0.0,0.22011378407478333,0.7798862457275391,62,0.22011378407478333
63,1,26,pseudo_anomaly_risk,,0.17545494437217712,0.4255332350730896,0.4540163576602936,0.40586113929748535,0.04815521836280823,0.8245450258255005,0.15697288513183594,0.0,0.19611893594264984,0.803881049156189,63,0.19611893594264984
64,1,27,pseudo_anomaly_risk,,0.3751233220100403,0.369600385427475,0.454169899225235,0.31914258003234863,0.13502731919288635,0.6248766779899597,0.20906776189804077,0.0,0.17826701700687408,0.8217329978942871,64,0.17826701700687408
65,1,28,stable_normal,,0.014236599206924438,0.4323135316371918,0.41136983036994934,0.4528787434101105,0.04150891304016113,0.985763430595398,0.12855055928230286,0.0,0.17017701268196106,0.8298230171203613,65,0.17017701268196106
66,1,29,stable_normal,,0.017455756664276123,0.3472019135951996,0.3397042453289032,0.355170339345932,0.015466094017028809,0.9825442433357239,0.14203329384326935,0.0,0.20838671922683716,0.7916132807731628,66,0.20838671922683716
67,1,30,stable_normal,,0.010937005281448364,0.35798728466033936,0.3783274292945862,0.33942651748657227,0.038900911808013916,0.989063024520874,0.13924053311347961,0.0,0.15749262273311615,0.8425073623657227,67,0.15749262273311615
68,1,31,stable_normal,,0.06080484390258789,0.43631094694137573,0.4157554805278778,0.4545714259147644,0.0388159453868866,0.9391951560974121,0.13536685705184937,0.0,0.1746489554643631,0.8253510594367981,68,0.1746489554643631
69,1,32,stable_normal,,0.016111910343170166,0.3683633804321289,0.3873203694820404,0.3522043824195862,0.035115987062454224,0.9838880896568298,0.13848453760147095,0.0,0.21569779515266418,0.7843022346496582,69,0.21569779515266418
70,1,33,stable_normal,,0.002767503261566162,0.3908003866672516,0.39724141359329224,0.3845657706260681,0.012675642967224121,0.9972324967384338,0.13288289308547974,0.0,0.2036217451095581,0.7963782548904419,70,0.2036217451095581
71,1,34,stable_normal,,0.006673574447631836,0.4094421863555908,0.40525883436203003,0.4148229956626892,0.00956416130065918,0.9933264255523682,0.1307257115840912,0.0,0.2174445539712906,0.7825554609298706,71,0.2174445539712906
72,1,35,stable_normal,,0.012771189212799072,0.31320297718048096,0.3230293095111847,0.30536508560180664,0.017664223909378052,0.9872288107872009,0.1466987580060959,0.0,0.2025618851184845,0.7974381446838379,72,0.2025618851184845
73,1,36,stable_normal,,0.011032789945602417,0.30888694524765015,0.3135160207748413,0.30615657567977905,0.007359445095062256,0.9889671802520752,0.14710044860839844,0.0,0.22121576964855194,0.7787842154502869,73,0.22121576964855194
74,2,0,stable_normal,,0.008105933666229248,0.3952835202217102,0.3849630355834961,0.40581706166267395,0.020854026079177856,0.9918940663337708,0.1330651342868805,0.0,0.23534414172172546,0.7646558284759521,74,0.23534414172172546
75,2,1,pseudo_anomaly_risk,,0.2354123890399933,0.3791857063770294,0.4214724004268646,0.3621677756309509,0.059304624795913696,0.7645876407623291,0.1769392341375351,0.0,0.15524916350841522,0.8447508215904236,75,0.15524916350841522
76,2,2,stable_normal,,0.058848023414611816,0.3842778503894806,0.4204160273075104,0.352628618478775,0.06778740882873535,0.9411519765853882,0.14316301047801971,0.0,0.15652255713939667,0.8434774279594421,76,0.15652255713939667
77,2,3,pseudo_anomaly_risk,,0.09935829043388367,0.40496826171875,0.44511890411376953,0.36412128806114197,0.08099761605262756,0.900641679763794,0.14680194854736328,0.0,0.19427913427352905,0.805720865726471,77,0.19427913427352905
78,2,4,stable_normal,,0.03382036089897156,0.3954933285713196,0.4056939482688904,0.3888099491596222,0.01688399910926819,0.966179609298706,0.13721010088920593,0.0,0.17057432234287262,0.8294256925582886,78,0.17057432234287262
79,2,5,pseudo_anomaly_risk,,0.12234300374984741,0.354418009519577,0.336821585893631,0.38654831051826477,0.04972672462463379,0.8776569962501526,0.15947769582271576,0.0,0.2470952868461609,0.7529047131538391,79,0.2470952868461609
80,2,6,stable_normal,,0.018332451581954956,0.39266541600227356,0.37233081459999084,0.4138343334197998,0.04150351881980896,0.9816675186157227,0.13511137664318085,0.0,0.23849473893642426,0.7615052461624146,80,0.23849473893642426
81,2,7,stable_normal,,0.010503530502319336,0.44040021300315857,0.4554561972618103,0.4239130914211273,0.03154310584068298,0.9894964694976807,0.12679962813854218,0.0,0.12186910957098007,0.8781309127807617,81,0.12186910957098007
82,2,8,stable_normal,,0.0006541907787322998,0.45328250527381897,0.4546962082386017,0.45191410183906555,0.002782106399536133,0.9993457794189453,0.12346427142620087,0.0,0.17859366536140442,0.821406364440918,82,0.17859366536140442
83,2,9,stable_normal,,0.00022810697555541992,0.4548441171646118,0.45527932047843933,0.45441433787345886,0.0008649826049804688,0.9997718930244446,0.1231803297996521,0.0,0.13880254328250885,0.8611974716186523,83,0.13880254328250885
84,2,10,stable_normal,,0.023833274841308594,0.3133705258369446,0.31017640233039856,0.32159730792045593,0.011420905590057373,0.9761667251586914,0.14860627055168152,0.0,0.2614349126815796,0.7385650873184204,84,0.2614349126815796
85,2,11,pseudo_anomaly_risk,,0.21419012546539307,0.3970548212528229,0.35915812849998474,0.44796547293663025,0.08880734443664551,0.7858098745346069,0.16938461363315582,0.0,0.20769260823726654,0.7923073768615723,85,0.20769260823726654
86,2,12,stable_normal,,0.017093688249588013,0.44120773673057556,0.43285924196243286,0.44897592067718506,0.016116678714752197,0.9829063415527344,0.1277000606060028,0.0,0.24105975031852722,0.7589402198791504,86,0.24105975031852722
87,2,13,stable_normal,,0.005110800266265869,0.3991154134273529,0.4079347252845764,0.3917296826839447,0.016205042600631714,0.9948891997337341,0.13201268017292023,0.0,0.21464450657367706,0.7853555083274841,87,0.21464450657367706
88,2,14,stable_normal,,0.014539957046508789,0.384544312953949,0.37056732177734375,0.40374070405960083,0.03317338228225708,0.9854600429534912,0.13573269546031952,0.0,0.23118872940540314,0.7688112854957581,88,0.23118872940540314
89,2,15,stable_normal,,0.002557516098022461,0.4415254294872284,0.4505244493484497,0.4329800605773926,0.01754438877105713,0.9974424839019775,0.12542098760604858,0.0,0.2137109935283661,0.7862889766693115,89,0.2137109935283661
90,2,16,stable_normal,,0.04258251190185547,0.39565324783325195,0.41009852290153503,0.38979387283325195,0.02030465006828308,0.9574174880981445,0.1386333554983139,0.0,0.22341836988925934,0.7765816450119019,90,0.22341836988925934
91,2,17,stable_normal,,0.05120283365249634,0.3888593912124634,0.36351296305656433,0.41755935549736023,0.0540463924407959,0.9487971663475037,0.14113956689834595,0.0,0.22614824771881104,0.773851752281189,91,0.22614824771881104
92,2,18,stable_normal,,0.07710635662078857,0.38029202818870544,0.34703704714775085,0.4192053973674774,0.07216835021972656,0.9228936433792114,0.14695388078689575,0.0,0.14793479442596436,0.8520652055740356,92,0.14793479442596436
93,2,19,stable_normal,,0.000663071870803833,0.4517974853515625,0.45490747690200806,0.44887638092041016,0.0060310959815979,0.9993369579315186,0.12367508560419083,0.0,0.2242419272661209,0.7757580876350403,93,0.2242419272661209
94,2,20,pseudo_anomaly_risk,,0.1749923825263977,0.4354782998561859,0.4128400385379791,0.45717060565948486,0.04433056712150574,0.8250076174736023,0.15518203377723694,0.0,0.17885233461856842,0.8211476802825928,94,0.17885233461856842
95,2,21,stable_normal,,0.0011866390705108643,0.4521721303462982,0.4551658034324646,0.4491899013519287,0.005975902080535889,0.9988133907318115,0.1237010583281517,0.0,0.1785883903503418,0.8214116096496582,95,0.1785883903503418
96,2,22,stable_normal,,0.030872046947479248,0.4235537648200989,0.3930283784866333,0.453061044216156,0.060032665729522705,0.9691279530525208,0.1324688196182251,0.0,0.21668457984924316,0.7833154201507568,96,0.21668457984924316
97,2,23,stable_normal,,0.01782512664794922,0.41294384002685547,0.39697325229644775,0.4273909330368042,0.030417680740356445,0.9821748733520508,0.1319737583398819,0.0,0.1590670496225357,0.8409329652786255,97,0.1590670496225357
98,2,24,stable_normal,,0.0021210908889770508,0.4263932406902313,0.41945335268974304,0.43366605043411255,0.014212697744369507,0.997878909111023,0.12753143906593323,0.0,0.17055393755435944,0.8294460773468018,98,0.17055393755435944
99,2,25,stable_normal,,0.04442042112350464,0.3791894316673279,0.3707168400287628,0.39312121272087097,0.022404372692108154,0.9555795788764954,0.1415240615606308,0.0,0.1759529709815979,0.8240470290184021,99,0.1759529709815979
100,2,26,stable_normal,,0.06801682710647583,0.4325227737426758,0.45512062311172485,0.4060767590999603,0.049043864011764526,0.9319831728935242,0.13712716102600098,0.0,0.2230876237154007,0.7769123911857605,100,0.2230876237154007
101,2,27,stable_normal,,0.018004029989242554,0.3892620801925659,0.3605385720729828,0.4220482110977173,0.0615096390247345,0.9819959402084351,0.13557672500610352,0.0,0.22357270121574402,0.7764272689819336,101,0.22357270121574402
102,2,28,stable_normal,,0.012827128171920776,0.4019494652748108,0.40065544843673706,0.40522873401641846,0.0045732855796813965,0.9871728420257568,0.1328207105398178,0.0,0.24525411427021027,0.7547459006309509,102,0.24525411427021027
103,2,29,stable_normal,,0.0006938278675079346,0.4603235721588135,0.45947059988975525,0.46119701862335205,0.0017264187335968018,0.9993062019348145,0.12248113006353378,0.0,0.21793442964553833,0.7820655703544617,103,0.21793442964553833
104,2,30,stable_normal,,0.001309812068939209,0.39899662137031555,0.39630037546157837,0.401714950799942,0.0054145753383636475,0.9986901879310608,0.1314261555671692,0.0,0.22097763419151306,0.7790223360061646,104,0.22097763419151306
105,2,31,stable_normal,,0.004686534404754639,0.401094913482666,0.41158920526504517,0.39145371317863464,0.020135492086410522,0.9953134655952454,0.13165010511875153,0.0,0.1459936648607254,0.8540063500404358,105,0.1459936648607254
106,2,32,stable_normal,,0.010627686977386475,0.42215147614479065,0.4313504099845886,0.41494908928871155,0.016401320695877075,0.9893723130226135,0.1294742226600647,0.0,0.21060608327388763,0.7893939018249512,106,0.21060608327388763
107,2,33,stable_normal,,0.06699711084365845,0.43317270278930664,0.4453265070915222,0.4229753911495209,0.022351115942001343,0.9330028891563416,0.13685952126979828,0.0,0.23883368074893951,0.7611663341522217,107,0.23883368074893951
108,2,34,stable_normal,,0.0013297200202941895,0.4587533175945282,0.4572801887989044,0.4602455198764801,0.0029653310775756836,0.9986702799797058,0.12279628217220306,0.0,0.21991093456745148,0.7800890803337097,108,0.21991093456745148
109,2,35,stable_normal,,0.004331618547439575,0.32146549224853516,0.33121147751808167,0.31295153498649597,0.018259942531585693,0.9956684112548828,0.14390556514263153,0.0,0.2069724202156067,0.7930275797843933,109,0.2069724202156067
110,2,36,stable_normal,,0.006835669279098511,0.3233734369277954,0.3207812011241913,0.32683348655700684,0.006052285432815552,0.9931643009185791,0.1440282166004181,0.0,0.21767885982990265,0.7823211550712585,110,0.21767885982990265
111,3,0,stable_normal,,0.0005114972591400146,0.4034653604030609,0.4041093587875366,0.40288931131362915,0.0012200474739074707,0.9994884729385376,0.13063709437847137,0.0,0.2243839055299759,0.7756161093711853,111,0.2243839055299759
112,3,1,noise_sensitive_normal,,0.1213454008102417,0.3569803833961487,0.36858654022216797,0.3628052771091461,0.005781263113021851,0.8786545991897583,0.15884548425674438,0.0,0.21001650393009186,0.7899835109710693,112,0.21001650393009186
113,3,2,stable_normal,,0.008187800645828247,0.3748866021633148,0.36446142196655273,0.38430675864219666,0.01984533667564392,0.9918122291564941,0.13617320358753204,0.0,0.19678995013237,0.8032100200653076,113,0.19678995013237
114,3,3,stable_normal,,6.479024887084961e-05,0.4536987543106079,0.45473557710647583,0.4526624381542206,0.002073138952255249,0.9999352097511292,0.12331702560186386,0.0,0.20077235996723175,0.7992276549339294,114,0.20077235996723175
115,3,4,stable_normal,,0.026617348194122314,0.3856135308742523,0.372570276260376,0.40426746010780334,0.03169718384742737,0.9733826518058777,0.13754867017269135,0.0,0.15988712012767792,0.8401128649711609,115,0.15988712012767792
116,3,5,stable_normal,,0.013499617576599121,0.3894873857498169,0.39936280250549316,0.380907267332077,0.018455535173416138,0.9865003824234009,0.1348104476928711,0.0,0.23882819712162018,0.761171817779541,116,0.23882819712162018
117,3,6,stable_normal,,0.009572744369506836,0.4082431495189667,0.4118656516075134,0.4050583243370056,0.0068073272705078125,0.9904272556304932,0.13136236369609833,0.0,0.21740148961544037,0.7825984954833984,117,0.21740148961544037
118,3,7,stable_normal,,0.020043551921844482,0.3969574570655823,0.40555286407470703,0.3901310861110687,0.015421777963638306,0.9799564480781555,0.13473646342754364,0.0,0.19533970952033997,0.8046603202819824,118,0.19533970952033997
119,3,8,pseudo_anomaly_risk,,0.2449001967906952,0.42168277502059937,0.39526140689849854,0.4491734206676483,0.05391201376914978,0.7550997734069824,0.17088207602500916,0.0,0.22419120371341705,0.7758088111877441,119,0.22419120371341705
120,3,9,stable_normal,,0.0005574524402618408,0.4546809792518616,0.4543112814426422,0.45506906509399414,0.0007577836513519287,0.9994425773620605,0.1232527419924736,0.0,0.19988161325454712,0.8001183867454529,120,0.19988161325454712
121,3,10,stable_normal,,0.01645144820213318,0.3764854669570923,0.3840915858745575,0.37087440490722656,0.013217180967330933,0.9835485219955444,0.1372831016778946,0.0,0.18449507653713226,0.8155049085617065,121,0.18449507653713226
122,3,11,pseudo_anomaly_risk,,0.10505539178848267,0.42252427339553833,0.3939763605594635,0.45383939146995544,0.05986303091049194,0.8949446082115173,0.14493952691555023,0.0,0.2311680167913437,0.7688319683074951,122,0.2311680167913437
123,3,12,stable_normal,,0.011903166770935059,0.35492268204689026,0.35215243697166443,0.3600293695926666,0.007876932621002197,0.9880968332290649,0.13988113403320312,0.0,0.1971224844455719,0.8028775453567505,123,0.1971224844455719
124,3,13,noise_sensitive_normal,,0.11648845672607422,0.3780766427516937,0.37491095066070557,0.3979782462120056,0.02306729555130005,0.8835115432739258,0.15432532131671906,0.0,0.15527808666229248,0.8447219133377075,124,0.15527808666229248
125,3,14,stable_normal,,0.010878324508666992,0.3668532073497772,0.36572128534317017,0.36917075514793396,0.003449469804763794,0.989121675491333,0.13785256445407867,0.0,0.19131091237068176,0.8086891174316406,125,0.19131091237068176
126,3,15,stable_normal,,0.00010851025581359863,0.4552235007286072,0.45502969622612,0.4554196894168854,0.00038999319076538086,0.9998915195465088,0.12310902774333954,0.0,0.17812442779541016,0.8218755722045898,126,0.17812442779541016
127,3,16,pseudo_anomaly_risk,,0.18023812770843506,0.4127429127693176,0.45754143595695496,0.3717399537563324,0.08580148220062256,0.8197618722915649,0.1600819230079651,0.0,0.1996513456106186,0.8003486394882202,127,0.1996513456106186
128,3,17,stable_normal,,0.00012379884719848633,0.45595818758010864,0.4573107063770294,0.45462292432785034,0.002687782049179077,0.9998762011528015,0.12300805002450943,0.0,0.17818446457386017,0.821815550327301,128,0.17818446457386017
129,3,18,pseudo_anomaly_risk,,0.4282985031604767,0.38841554522514343,0.44521331787109375,0.366792231798172,0.07842108607292175,0.5717015266418457,0.21735414862632751,0.0,0.23635795712471008,0.7636420726776123,129,0.23635795712471008
130,3,19,pseudo_anomaly_risk,,0.31435325741767883,0.41660866141319275,0.39012449979782104,0.45438525080680847,0.06426075100898743,0.6856467723846436,0.18599501252174377,0.0,0.18473213911056519,0.8152678608894348,130,0.18473213911056519
131,3,20,stable_normal,,0.00011307001113891602,0.45491114258766174,0.4534289836883545,0.4564034044742584,0.0029744207859039307,0.9998869299888611,0.12315364927053452,0.0,0.19225618243217468,0.8077437877655029,131,0.19225618243217468
132,3,21,pseudo_anomaly_risk,,0.4981023669242859,0.43667498230934143,0.39919328689575195,0.4571576714515686,0.05796438455581665,0.5018976330757141,0.2232217639684677,0.0,0.23046375811100006,0.7695362567901611,132,0.23046375811100006
133,3,22,stable_normal,,0.0015224814414978027,0.45331552624702454,0.44975516200065613,0.4568438231945038,0.007088661193847656,0.9984775185585022,0.12359027564525604,0.0,0.12089263647794724,0.8791073560714722,133,0.12089263647794724
134,3,23,stable_normal,,0.0021758675575256348,0.4532836377620697,0.4572957456111908,0.4491950571537018,0.008100688457489014,0.9978241324424744,0.12369317561388016,0.0,0.13283281028270721,0.8671671748161316,134,0.13283281028270721
135,3,24,stable_normal,,0.010385334491729736,0.43504419922828674,0.41961315274238586,0.4490947425365448,0.029481589794158936,0.9896146655082703,0.12755578756332397,0.0,0.18154042959213257,0.8184595704078674,135,0.18154042959213257
136,3,25,stable_normal,,8.14199447631836e-05,0.4572611451148987,0.45720797777175903,0.4573180079460144,0.0001100301742553711,0.9999185800552368,0.12281876057386398,0.0,0.18691672384738922,0.813083291053772,136,0.18691672384738922
137,3,26,stable_normal,,0.03885096311569214,0.3639811873435974,0.3263247609138489,0.4043275713920593,0.07800281047821045,0.9611490368843079,0.14299657940864563,0.0,0.24569378793239594,0.7543061971664429,137,0.24569378793239594
138,3,27,noise_sensitive_normal,,0.4218149185180664,0.43928632140159607,0.45521852374076843,0.41815054416656494,0.03706797957420349,0.5781850814819336,0.20482231676578522,0.0,0.27349787950515747,0.7265021204948425,138,0.27349787950515747
139,3,28,stable_normal,,0.011881500482559204,0.34700390696525574,0.35324275493621826,0.34293317794799805,0.010309576988220215,0.9881185293197632,0.14112302660942078,0.0,0.22737343609333038,0.7726265788078308,139,0.22737343609333038
140,3,29,pseudo_anomaly_risk,,0.3599650263786316,0.38547369837760925,0.35008955001831055,0.45502540469169617,0.10493585467338562,0.6400349736213684,0.20224891602993011,0.0,0.17096981406211853,0.8290301561355591,140,0.17096981406211853
141,3,30,stable_normal,,0.02653762698173523,0.3950340151786804,0.3663281500339508,0.4311118423938751,0.06478369235992432,0.9734623432159424,0.13608650863170624,0.0,0.25657516717910767,0.7434248328208923,141,0.25657516717910767
142,3,31,pseudo_anomaly_risk,,0.10826310515403748,0.3749523162841797,0.3567896783351898,0.40301334857940674,0.04622367024421692,0.8917368650436401,0.153366819024086,0.0,0.18886548280715942,0.8111345171928406,142,0.18886548280715942
143,3,32,stable_normal,,0.01582220196723938,0.37409868836402893,0.36271554231643677,0.3859924077987671,0.023276865482330322,0.984177827835083,0.13754794001579285,0.0,0.20417028665542603,0.795829713344574,143,0.20417028665542603
144,3,33,stable_normal,,0.013748884201049805,0.36427775025367737,0.35770297050476074,0.37361449003219604,0.015911519527435303,0.9862511157989502,0.13872775435447693,0.0,0.14356446266174316,0.8564355373382568,144,0.14356446266174316
145,3,34,stable_normal,,0.012702375650405884,0.3325193524360657,0.35114774107933044,0.31820881366729736,0.03293892741203308,0.9872976541519165,0.14356549084186554,0.0,0.15225069224834442,0.8477492928504944,145,0.15225069224834442
146,3,35,stable_normal,,0.007304728031158447,0.31768864393234253,0.31883537769317627,0.3177255094051361,0.0011098682880401611,0.9926952719688416,0.14502428472042084,0.0,0.21067531406879425,0.7893247008323669,146,0.21067531406879425
147,3,36,stable_normal,,0.013337165117263794,0.32102057337760925,0.32291528582572937,0.32139813899993896,0.0015171468257904053,0.9866628646850586,0.14552652835845947,0.0,0.22470179200172424,0.7752982378005981,147,0.22470179200172424
148,4,0,stable_normal,,0.0011594593524932861,0.42884257435798645,0.43138569593429565,0.4264445900917053,0.004941105842590332,0.9988405704498291,0.12702861428260803,0.0,0.20772308111190796,0.792276918888092,148,0.20772308111190796
149,4,1,stable_normal,,0.011882424354553223,0.3449731469154358,0.3436746895313263,0.34766313433647156,0.003988444805145264,0.9881175756454468,0.1414441168308258,0.0,0.23500454425811768,0.7649954557418823,149,0.23500454425811768
150,4,2,pseudo_anomaly_risk,,0.3917599618434906,0.3899781107902527,0.3661622107028961,0.4531824588775635,0.08702024817466736,0.608240008354187,0.20850305259227753,0.0,0.23239664733409882,0.76760333776474,150,0.23239664733409882
151,4,3,pseudo_anomaly_risk,,0.46943482756614685,0.3646509647369385,0.34515872597694397,0.42952263355255127,0.0843639075756073,0.5305651426315308,0.23271864652633667,0.0,0.2539845108985901,0.7460154891014099,151,0.2539845108985901
152,4,4,stable_normal,,0.015548080205917358,0.33923864364624023,0.3566022217273712,0.3201047480106354,0.03649747371673584,0.9844518899917603,0.14297674596309662,0.0,0.15270745754241943,0.8472925424575806,152,0.15270745754241943
153,4,5,stable_normal,,0.014417976140975952,0.3586844503879547,0.3622263967990875,0.3569771647453308,0.005249232053756714,0.9855819940567017,0.13971224427223206,0.0,0.18546922504901886,0.8145307898521423,153,0.18546922504901886
154,4,6,stable_normal,,0.01726016402244568,0.3526981472969055,0.3538573682308197,0.35394424200057983,8.687376976013184e-05,0.9827398061752319,0.1411302089691162,0.0,0.2366250455379486,0.763374924659729,154,0.2366250455379486
155,4,7,stable_normal,,0.023428380489349365,0.37142637372016907,0.3603193461894989,0.3886045217514038,0.028285175561904907,0.9765716195106506,0.13922347128391266,0.0,0.1796397864818573,0.8203601837158203,155,0.1796397864818573
156,4,8,pseudo_anomaly_risk,,0.4928171634674072,0.3946431875228882,0.36647507548332214,0.4559696614742279,0.08949458599090576,0.5071828365325928,0.23154835402965546,0.0,0.23924030363559723,0.760759711265564,156,0.23924030363559723
157,4,9,stable_normal,,0.00024208426475524902,0.45355600118637085,0.454618901014328,0.4525124430656433,0.0021064579486846924,0.9997578859329224,0.12336377054452896,0.0,0.17197656631469727,0.8280234336853027,157,0.17197656631469727
158,4,10,pseudo_anomaly_risk,,0.3802451491355896,0.3979285955429077,0.3678703308105469,0.45158714056015015,0.08371680974960327,0.6197548508644104,0.20418626070022583,0.0,0.22060132026672363,0.7793986797332764,158,0.22060132026672363
159,4,11,stable_normal,,0.06671181321144104,0.40687766671180725,0.4073297381401062,0.412321537733078,0.004991799592971802,0.9332882165908813,0.1409078687429428,0.0,0.16397356986999512,0.8360264301300049,159,0.16397356986999512
160,4,12,stable_normal,,0.00929635763168335,0.35842010378837585,0.3554460108280182,0.36240315437316895,0.006957143545150757,0.9907036423683167,0.1389000117778778,0.0,0.187876358628273,0.8121236562728882,160,0.187876358628273
161,4,13,stable_normal,,0.030689984560012817,0.4007665812969208,0.3803572952747345,0.42041531205177307,0.040058016777038574,0.9693100452423096,0.13588732481002808,0.0,0.2269563525915146,0.7730436325073242,161,0.2269563525915146
162,4,14,stable_normal,,0.0041585564613342285,0.4504565894603729,0.44857949018478394,0.4524990916252136,0.0039196014404296875,0.9958414435386658,0.12439270317554474,0.0,0.22407551109790802,0.7759245038032532,162,0.22407551109790802
163,4,15,stable_normal,,0.008756935596466064,0.3807695209980011,0.367499977350235,0.39438319206237793,0.026883214712142944,0.9912430644035339,0.13536696135997772,0.0,0.21827328205108643,0.7817267179489136,163,0.21827328205108643
164,4,16,pseudo_anomaly_risk,,0.37933090329170227,0.3753149211406708,0.45630741119384766,0.3247729539871216,0.13153445720672607,0.6206691265106201,0.2088041454553604,0.0,0.1635081022977829,0.8364918828010559,164,0.1635081022977829
165,4,17,pseudo_anomaly_risk,,0.18624424934387207,0.4099593460559845,0.4545074999332428,0.3676162362098694,0.08689126372337341,0.8137557506561279,0.1616983860731125,0.0,0.1844261884689331,0.8155738115310669,165,0.1844261884689331
166,4,18,stable_normal,,0.0023755431175231934,0.45766621828079224,0.4622819125652313,0.4531359076499939,0.009146004915237427,0.9976244568824768,0.12310570478439331,0.0,0.1654587984085083,0.8345412015914917,166,0.1654587984085083
167,4,19,stable_normal,,0.03030213713645935,0.4528012275695801,0.4534553587436676,0.45357221364974976,0.00011685490608215332,0.9696978330612183,0.12806342542171478,0.0,0.17468830943107605,0.8253116607666016,167,0.17468830943107605
168,4,20,noise_sensitive_normal,,0.34724581241607666,0.42601481080055237,0.41864874958992004,0.45376887917518616,0.03512012958526611,0.6527541875839233,0.191115140914917,0.0,0.168016716837883,0.8319832682609558,168,0.168016716837883
169,4,21,stable_normal,,0.06158095598220825,0.44994431734085083,0.44255369901657104,0.46050798892974854,0.01795428991317749,0.9384190440177917,0.13342659175395966,0.0,0.20138618350028992,0.7986137866973877,169,0.20138618350028992
170,4,22,stable_normal,,0.0007644891738891602,0.4514002799987793,0.4486853778362274,0.4542704224586487,0.005585044622421265,0.9992355108261108,0.12374645471572876,0.0,0.15406471490859985,0.8459352850914001,170,0.15406471490859985
171,4,23,stable_normal,,0.0007364153861999512,0.4541882872581482,0.453277051448822,0.4551359713077545,0.0018589198589324951,0.9992635846138,0.12334899604320526,0.0,0.17043152451515198,0.8295685052871704,171,0.17043152451515198
172,4,24,stable_normal,,0.00013971328735351562,0.45668843388557434,0.4583548903465271,0.4550285339355469,0.0033263564109802246,0.9998602867126465,0.1229078620672226,0.0,0.12732134759426117,0.8726786375045776,172,0.12732134759426117
173,4,25,stable_normal,,0.07137006521224976,0.4126158654689789,0.40161052346229553,0.4269081950187683,0.02529767155647278,0.9286299347877502,0.14078693091869354,0.0,0.21085752546787262,0.7891424894332886,173,0.21085752546787262
174,4,26,stable_normal,,0.029337167739868164,0.3368781507015228,0.32180726528167725,0.3563101589679718,0.034502893686294556,0.9706628322601318,0.1457236111164093,0.0,0.1393793523311615,0.8606206178665161,174,0.1393793523311615
175,4,27,stable_normal,,0.00133475661277771,0.45531585812568665,0.4581502079963684,0.4526629149913788,0.005487293004989624,0.9986652135848999,0.12328013777732849,0.0,0.23456010222434998,0.7654398679733276,175,0.23456010222434998
176,4,28,stable_normal,,0.037693917751312256,0.4351838529109955,0.4605594873428345,0.40879127383232117,0.051768213510513306,0.9623060822486877,0.1318189650774002,0.0,0.21433433890342712,0.7856656312942505,176,0.21433433890342712
177,4,29,pseudo_anomaly_risk,,0.17732971906661987,0.3950141966342926,0.3760204315185547,0.42602574825286865,0.050005316734313965,0.8226702809333801,0.16265980899333954,0.0,0.2121506929397583,0.7878493070602417,177,0.2121506929397583
178,4,30,stable_normal,,0.020433664321899414,0.3639407157897949,0.34003373980522156,0.3880833387374878,0.048049598932266235,0.9795663356781006,0.13989445567131042,0.0,0.15610037744045258,0.8438996076583862,178,0.15610037744045258
179,4,31,noise_sensitive_normal,,0.0958278477191925,0.3611794114112854,0.3643403947353363,0.3706847131252289,0.006344318389892578,0.9041721820831299,0.15345193445682526,0.0,0.16862255334854126,0.8313774466514587,179,0.16862255334854126
180,4,32,stable_normal,,0.005400747060775757,0.37198740243911743,0.3687516450881958,0.3757086992263794,0.006957054138183594,0.9945992231369019,0.13616174459457397,0.0,0.19198578596115112,0.8080142140388489,180,0.19198578596115112
181,4,33,stable_normal,,0.00024306774139404297,0.456991583108902,0.45675209164619446,0.4572409689426422,0.0004888772964477539,0.999756932258606,0.12288079410791397,0.0,0.18669326603412628,0.8133067488670349,181,0.18669326603412628
182,4,34,stable_normal,,0.04632377624511719,0.3553972840309143,0.3484925925731659,0.3670421242713928,0.01854953169822693,0.9536762237548828,0.14565995335578918,0.0,0.16333292424678802,0.8366670608520508,182,0.16333292424678802
183,4,35,stable_normal,,0.044880568981170654,0.37202176451683044,0.39889034628868103,0.345053493976593,0.05383685231208801,0.9551194310188293,0.14274033904075623,0.0,0.15790119767189026,0.8420988321304321,183,0.15790119767189026
184,4,36,pseudo_anomaly_risk,,0.2909635305404663,0.4089139997959137,0.44675928354263306,0.3863343894481659,0.06042489409446716,0.7090364694595337,0.18261446058750153,0.0,0.20372971892356873,0.7962702512741089,184,0.20372971892356873
185,5,0,stable_normal,,0.000964432954788208,0.4443238377571106,0.4511987864971161,0.4373839497566223,0.013814836740493774,0.9990355968475342,0.12477970123291016,0.0,0.2447127103805542,0.7552872896194458,185,0.2447127103805542
186,5,1,noise_sensitive_normal,,0.19704005122184753,0.3569079339504242,0.3733024299144745,0.36899203062057495,0.004310399293899536,0.8029599189758301,0.17342565953731537,0.0,0.19920477271080017,0.8007951974868774,186,0.19920477271080017
187,5,2,stable_normal,,0.01681840419769287,0.3999341130256653,0.3904911279678345,0.41332781314849854,0.022836685180664062,0.9831815958023071,0.13376484811306,0.0,0.2247418463230133,0.7752581834793091,187,0.2247418463230133
188,5,3,noise_sensitive_normal,,0.14545360207557678,0.3706500828266144,0.3586776852607727,0.39672398567199707,0.038046300411224365,0.8545464277267456,0.16095493733882904,0.0,0.18850326538085938,0.8114967346191406,188,0.18850326538085938
189,5,4,stable_normal,,0.015128493309020996,0.37597838044166565,0.38024231791496277,0.37335553765296936,0.006886780261993408,0.984871506690979,0.13714361190795898,0.0,0.1761208474636078,0.8238791227340698,189,0.1761208474636078
190,5,5,stable_normal,,0.0005683302879333496,0.4492890536785126,0.4523140788078308,0.44620153307914734,0.006112545728683472,0.9994316697120667,0.12401530891656876,0.0,0.25152987241744995,0.74847012758255,190,0.25152987241744995
191,5,6,stable_normal,,0.06708496809005737,0.3528560996055603,0.32873883843421936,0.385619193315506,0.05688035488128662,0.9329150319099426,0.1497085988521576,0.0,0.17515181005001068,0.8248481750488281,191,0.17515181005001068
192,5,7,stable_normal,,0.0484674870967865,0.37164026498794556,0.3952414095401764,0.35255926847457886,0.042682141065597534,0.9515324831008911,0.1434125155210495,0.0,0.23462307453155518,0.7653769254684448,192,0.23462307453155518
193,5,8,stable_normal,,0.00012284517288208008,0.4549647271633148,0.45532914996147156,0.45460617542266846,0.0007229745388031006,0.9998771548271179,0.12314757704734802,0.0,0.1477191001176834,0.8522809147834778,193,0.1477191001176834
194,5,9,stable_normal,,9.819865226745605e-05,0.45432889461517334,0.4551907777786255,0.45348137617111206,0.0017094016075134277,0.9999017715454102,0.12323332577943802,0.0,0.12426885962486267,0.8757311105728149,194,0.12426885962486267
195,5,10,stable_normal,,0.01998800039291382,0.3581048846244812,0.34235337376594543,0.37677910923957825,0.03442573547363281,0.9800119996070862,0.14073660969734192,0.0,0.20906831324100494,0.7909317016601562,195,0.20906831324100494
196,5,11,pseudo_anomaly_risk,,0.1512409746646881,0.37223920226097107,0.3149402141571045,0.42695602774620056,0.11201581358909607,0.8487590551376343,0.16176335513591766,0.0,0.2483893632888794,0.7516106367111206,196,0.2483893632888794
197,5,12,noise_sensitive_normal,,0.19807878136634827,0.4281691014766693,0.4106779098510742,0.45269447565078735,0.042016565799713135,0.8019212484359741,0.16071546077728271,0.0,0.1895487755537033,0.8104512095451355,197,0.1895487755537033
198,5,13,pseudo_anomaly_risk,,0.4511825144290924,0.42540058493614197,0.38529229164123535,0.4652740955352783,0.07998180389404297,0.54881751537323,0.21458296477794647,0.0,0.2509285509586334,0.749071478843689,198,0.2509285509586334
199,5,14,noise_sensitive_normal,,0.09285309910774231,0.40989789366722107,0.4086722433567047,0.41819828748703003,0.009526044130325317,0.9071469306945801,0.14487580955028534,0.0,0.25273075699806213,0.7472692728042603,199,0.25273075699806213
200,5,15,stable_normal,,0.030826210975646973,0.3605395257472992,0.3762187659740448,0.34887218475341797,0.02734658122062683,0.969173789024353,0.14218099415302277,0.0,0.24976371228694916,0.7502362728118896,200,0.24976371228694916
201,5,16,pseudo_anomaly_risk,,0.3088304400444031,0.3955222964286804,0.34217071533203125,0.45737266540527344,0.11520195007324219,0.6911695599555969,0.18900969624519348,0.0,0.248752623796463,0.7512474060058594,201,0.248752623796463
202,5,17,stable_normal,,0.004645317792892456,0.39090031385421753,0.38896775245666504,0.3934148848056793,0.004447132349014282,0.9953546524047852,0.13316889107227325,0.0,0.18371763825416565,0.8162823915481567,202,0.18371763825416565
203,5,18,pseudo_anomaly_risk,,0.39740318059921265,0.38429728150367737,0.3465827405452728,0.4549451768398285,0.10836243629455566,0.6025968194007874,0.21102972328662872,0.0,0.1970769464969635,0.8029230833053589,203,0.1970769464969635
204,5,19,stable_normal,,0.0046828389167785645,0.4065362811088562,0.4134065806865692,0.40031155943870544,0.01309502124786377,0.9953171610832214,0.1308414191007614,0.0,0.23437248170375824,0.7656275033950806,204,0.23437248170375824
205,5,20,stable_normal,,0.06325441598892212,0.4416866600513458,0.4307098388671875,0.45477980375289917,0.02406996488571167,0.9367455840110779,0.13494639098644257,0.0,0.18155714869499207,0.8184428215026855,205,0.18155714869499207
206,5,21,pseudo_anomaly_risk,,0.09194052219390869,0.4342474341392517,0.45590147376060486,0.41006630659103394,0.04583516716957092,0.9080594778060913,0.14083725214004517,0.0,0.19768311083316803,0.8023169040679932,206,0.19768311083316803
207,5,22,stable_normal,,0.007440149784088135,0.4529373347759247,0.4378954768180847,0.4663988947868347,0.02850341796875,0.9925598502159119,0.1245376318693161,0.0,0.1284397840499878,0.8715602159500122,207,0.1284397840499878
208,5,23,stable_normal,,0.043867409229278564,0.4237777888774872,0.42234137654304504,0.4281322956085205,0.005790919065475464,0.9561325907707214,0.1345243901014328,0.0,0.24505175650119781,0.7549482583999634,208,0.24505175650119781
209,5,24,stable_normal,,8.884072303771973e-05,0.4558734893798828,0.45663610100746155,0.45511844754219055,0.001517653465270996,0.9999111890792847,0.12301471829414368,0.0,0.1920342743396759,0.8079657554626465,209,0.1920342743396759
210,5,25,stable_normal,,8.878111839294434e-05,0.4558061957359314,0.45424240827560425,0.4573954641819,0.0031530559062957764,0.9999111890792847,0.12302415817975998,0.0,0.1514069139957428,0.8485931158065796,210,0.1514069139957428
211,5,26,stable_normal,,0.017884761095046997,0.3269898593425751,0.34976017475128174,0.31057435274124146,0.03918582201004028,0.9821152687072754,0.1453457772731781,0.0,0.2243635654449463,0.7756364345550537,211,0.2243635654449463
212,5,27,noise_sensitive_normal,,0.1334875226020813,0.3476065695285797,0.36163827776908875,0.3521394431591034,0.009498834609985352,0.8665124773979187,0.16277039051055908,0.0,0.20971271395683289,0.7902872562408447,212,0.20971271395683289
213,5,28,stable_normal,,0.0010100901126861572,0.45524048805236816,0.45589378476142883,0.45463359355926514,0.0012601912021636963,0.9989899396896362,0.12324197590351105,0.0,0.17609697580337524,0.8239030241966248,213,0.17609697580337524
214,5,29,stable_normal,,0.00013315677642822266,0.4578706920146942,0.4570881128311157,0.45865461230278015,0.0015664994716644287,0.9998668432235718,0.1227409690618515,0.0,0.14805719256401062,0.851942777633667,214,0.14805719256401062
215,5,30,noise_sensitive_normal,,0.10792079567909241,0.34971752762794495,0.34973832964897156,0.3625023365020752,0.012764006853103638,0.89207923412323,0.15762020647525787,0.0,0.18768101930618286,0.8123189806938171,215,0.18768101930618286
216,5,31,stable_normal,,0.008356809616088867,0.4585949182510376,0.45218902826309204,0.4647132456302643,0.012524217367172241,0.9916431903839111,0.12387463450431824,0.0,0.18499547243118286,0.8150045275688171,216,0.18499547243118286
217,5,32,stable_normal,,0.02908426523208618,0.4392417073249817,0.45568060874938965,0.42436733841896057,0.03131327033042908,0.9709157347679138,0.1298571079969406,0.0,0.1709708720445633,0.8290291428565979,217,0.1709708720445633
218,5,33,stable_normal,,0.02770453691482544,0.4221779704093933,0.42709770798683167,0.4184824824333191,0.008615225553512573,0.9722954630851746,0.13216908276081085,0.0,0.25384920835494995,0.74615079164505,218,0.25384920835494995
219,5,34,noise_sensitive_normal,,0.19449836015701294,0.3394943177700043,0.3473193049430847,0.36037805676460266,0.013058751821517944,0.8055016398429871,0.17618778347969055,0.0,0.2095222920179367,0.7904776930809021,219,0.2095222920179367
220,5,35,stable_normal,,0.016093283891677856,0.39362356066703796,0.3821447193622589,0.40569254755973816,0.023547828197479248,0.9839067459106445,0.13460268080234528,0.0,0.1769041270017624,0.8230958580970764,220,0.1769041270017624
221,5,36,stable_normal,,0.02583402395248413,0.3764420747756958,0.3862770199775696,0.3710631728172302,0.015213847160339355,0.9741659760475159,0.1388416886329651,0.0,0.13511866331100464,0.8648813366889954,221,0.13511866331100464
222,6,0,stable_normal,,0.0014086663722991943,0.3981247842311859,0.40467947721481323,0.39163413643836975,0.013045340776443481,0.9985913038253784,0.13157154619693756,0.0,0.24090704321861267,0.7590929269790649,222,0.24090704321861267
223,6,1,stable_normal,,0.011090755462646484,0.35849565267562866,0.3729252815246582,0.34491825103759766,0.028007030487060547,0.9889092445373535,0.1391868144273758,0.0,0.20253998041152954,0.7974600195884705,223,0.20253998041152954
224,6,2,stable_normal,,0.01058650016784668,0.3498972952365875,0.35685044527053833,0.34436529874801636,0.012485146522521973,0.9894134998321533,0.1404494345188141,0.0,0.1783006489276886,0.8216993808746338,224,0.1783006489276886
225,6,3,stable_normal,,0.00016888976097106934,0.45924922823905945,0.4593278467655182,0.459176629781723,0.00015121698379516602,0.9998310804367065,0.12255311757326126,0.0,0.15555772185325623,0.8444422483444214,225,0.15555772185325623
226,6,4,stable_normal,,0.004088997840881348,0.35631585121154785,0.36134928464889526,0.3523389399051666,0.009010344743728638,0.9959110021591187,0.13836301863193512,0.0,0.1298617124557495,0.8701382875442505,226,0.1298617124557495
227,6,5,stable_normal,,0.025417745113372803,0.38363179564476013,0.4060804843902588,0.3645837903022766,0.04149669408798218,0.9745822548866272,0.13765710592269897,0.0,0.22212538123130798,0.7778745889663696,227,0.22212538123130798
228,6,6,stable_normal,,0.00039076805114746094,0.4551767110824585,0.45450931787490845,0.4558357298374176,0.0013264119625091553,0.9996092319488525,0.12315796315670013,0.0,0.13009601831436157,0.8699039816856384,228,0.13009601831436157
229,6,7,noise_sensitive_normal,,0.2017587423324585,0.3643639385700226,0.35673385858535767,0.39858517050743103,0.041851311922073364,0.7982412576675415,0.17297415435314178,0.0,0.23040711879730225,0.7695928812026978,229,0.23040711879730225
230,6,8,stable_normal,,0.020082682371139526,0.4154731035232544,0.4443442225456238,0.39178675413131714,0.05255746841430664,0.9799172878265381,0.1319558173418045,0.0,0.19153624773025513,0.8084637522697449,230,0.19153624773025513
231,6,9,pseudo_anomaly_risk,,0.4776809513568878,0.3931429982185364,0.3578421175479889,0.45071467757225037,0.09287256002426147,0.5223190784454346,0.22817009687423706,0.0,0.2629830241203308,0.7370169758796692,231,0.2629830241203308
232,6,10,stable_normal,,0.027657389640808105,0.376423180103302,0.3501925468444824,0.4099801182746887,0.0597875714302063,0.9723426103591919,0.13914793729782104,0.0,0.25684601068496704,0.743153989315033,232,0.25684601068496704
233,6,11,stable_normal,,0.009366810321807861,0.3771235942840576,0.39614492654800415,0.36085227131843567,0.03529265522956848,0.9906331896781921,0.13602332770824432,0.0,0.22932511568069458,0.7706748843193054,233,0.22932511568069458
234,6,12,pseudo_anomaly_risk,,0.2922177314758301,0.42136266827583313,0.401298463344574,0.4533624053001404,0.052063941955566406,0.7077822685241699,0.18046431243419647,0.0,0.19502149522304535,0.8049784898757935,234,0.19502149522304535
235,6,13,pseudo_anomaly_risk,,0.23479628562927246,0.3858870267868042,0.43212807178497314,0.3526359498500824,0.07949212193489075,0.7652037143707275,0.17554771900177002,0.0,0.18320876359939575,0.8167912364006042,235,0.18320876359939575
236,6,14,pseudo_anomaly_risk,,0.10606926679611206,0.43908724188804626,0.40266916155815125,0.4647294878959656,0.06206032633781433,0.8939307332038879,0.14245840907096863,0.0,0.19210471212863922,0.807895302772522,236,0.19210471212863922
237,6,15,pseudo_anomaly_risk,,0.21847254037857056,0.4120410680770874,0.45810431241989136,0.37694716453552246,0.0811571478843689,0.7815274596214294,0.167484313249588,0.0,0.20718300342559814,0.7928169965744019,237,0.20718300342559814
238,6,16,stable_normal,,0.008680284023284912,0.38023829460144043,0.39522475004196167,0.3669089674949646,0.02831578254699707,0.9913197159767151,0.13543549180030823,0.0,0.24256367981433868,0.7574363350868225,238,0.24256367981433868
239,6,17,stable_normal,,0.0010418295860290527,0.4575348496437073,0.45562395453453064,0.45938220620155334,0.003758251667022705,0.998958170413971,0.12292418628931046,0.0,0.10457350313663483,0.8954265117645264,239,0.10457350313663483
240,6,18,stable_normal,,0.05819264054298401,0.441658079624176,0.42993760108947754,0.4563548266887665,0.02641722559928894,0.9418073892593384,0.1341315358877182,0.0,0.192511186003685,0.8074887990951538,240,0.192511186003685
241,6,19,stable_normal,,0.031806766986846924,0.4564095437526703,0.45634615421295166,0.45791253447532654,0.001566380262374878,0.9681932330131531,0.12777243554592133,0.0,0.17205680906772614,0.8279432058334351,241,0.17205680906772614
242,6,20,pseudo_anomaly_risk,,0.3535194993019104,0.38206446170806885,0.45530927181243896,0.3502659797668457,0.10504329204559326,0.6464805006980896,0.2015209197998047,0.0,0.15206968784332275,0.8479303121566772,242,0.15206968784332275
243,6,21,stable_normal,,0.0018239319324493408,0.4494478106498718,0.44501376152038574,0.4538218677043915,0.008808106184005737,0.998176097869873,0.12418253719806671,0.0,0.13681159913539886,0.8631883859634399,243,0.13681159913539886
244,6,22,stable_normal,,0.0010423362255096436,0.4531843662261963,0.45611900091171265,0.45022350549697876,0.005895495414733887,0.998957633972168,0.12353648990392685,0.0,0.12683290243148804,0.873167097568512,244,0.12683290243148804
245,6,23,stable_normal,,0.0006420612335205078,0.45122623443603516,0.4532109200954437,0.44928863644599915,0.00392228364944458,0.9993579387664795,0.12375256419181824,0.0,0.128530353307724,0.8714696168899536,245,0.128530353307724
246,6,24,stable_normal,,0.006404876708984375,0.40449538826942444,0.40376681089401245,0.40579941868782043,0.0020326077938079834,0.9935951232910156,0.13141699135303497,0.0,0.2164420336484909,0.7835579514503479,246,0.2164420336484909
247,6,25,stable_normal,,0.04320710897445679,0.3725600838661194,0.4135637581348419,0.3395121991634369,0.07405155897140503,0.9567928910255432,0.1423703283071518,0.0,0.14876748621463776,0.8512325286865234,247,0.14876748621463776
248,6,26,stable_normal,,0.05751436948776245,0.4558129608631134,0.46334564685821533,0.45085906982421875,0.012486577033996582,0.9424856305122375,0.1318967342376709,0.0,0.19079457223415375,0.8092054128646851,248,0.19079457223415375
249,6,27,stable_normal,,0.0014520585536956787,0.4502429664134979,0.4473278224468231,0.45333313941955566,0.006005316972732544,0.9985479116439819,0.12401378899812698,0.0,0.16063867509365082,0.839361310005188,249,0.16063867509365082
250,6,28,stable_normal,,0.00040590763092041016,0.4513227343559265,0.45062050223350525,0.45207303762435913,0.0014525353908538818,0.9995940923690796,0.12370336055755615,0.0,0.1865582913160324,0.8134416937828064,250,0.1865582913160324
251,6,29,stable_normal,,0.0015454888343811035,0.4554111659526825,0.4533270001411438,0.4575909674167633,0.004263967275619507,0.9984545111656189,0.12329837679862976,0.0,0.15890341997146606,0.8410965800285339,251,0.15890341997146606
252,6,30,stable_normal,,0.0008713901042938232,0.44858622550964355,0.45309552550315857,0.44409096240997314,0.009004563093185425,0.9991285800933838,0.12416060268878937,0.0,0.18889616429805756,0.8111038208007812,252,0.18889616429805756
253,6,31,stable_normal,,0.030004799365997314,0.3383762240409851,0.3437229096889496,0.33738231658935547,0.006340593099594116,0.9699952006340027,0.14559626579284668,0.0,0.2520447075366974,0.747955322265625,253,0.2520447075366974
254,6,32,stable_normal,,0.016918301582336426,0.3688109815120697,0.3509472608566284,0.3897247910499573,0.03877753019332886,0.9830816984176636,0.13854873180389404,0.0,0.24405421316623688,0.7559458017349243,254,0.24405421316623688
255,6,33,stable_normal,,0.035615354776382446,0.3257855474948883,0.30277320742607117,0.3478233218193054,0.04505011439323425,0.9643846750259399,0.1486322432756424,0.0,0.19120433926582336,0.808795690536499,255,0.19120433926582336
256,6,34,pseudo_anomaly_risk,,0.40459007024765015,0.3910728394985199,0.36636918783187866,0.4455838203430176,0.07921463251113892,0.5954099297523499,0.21122358739376068,0.0,0.20090003311634064,0.7990999817848206,256,0.20090003311634064
257,6,35,pseudo_anomaly_risk,,0.3466561436653137,0.4109925925731659,0.4697628319263458,0.35878610610961914,0.11097672581672668,0.6533438563346863,0.1940300017595291,0.0,0.21439555287361145,0.7856044769287109,257,0.21439555287361145
258,6,36,lesion_candidate_preserved,,0.0006366372108459473,0.5091521143913269,0.5096819996833801,0.5085982084274292,0.0010837912559509277,0.999363362789154,0.11579988151788712,0.0,0.26586204767227173,0.7341379523277283,258,0.26586204767227173
259,7,0,stable_normal,,0.016962796449661255,0.41736751794815063,0.39604347944259644,0.43630266189575195,0.04025918245315552,0.9830372333526611,0.13117843866348267,0.0,0.23897624015808105,0.761023759841919,259,0.23897624015808105
260,7,1,stable_normal,,0.0797111988067627,0.4230533838272095,0.3974124789237976,0.45447608828544617,0.05706360936164856,0.9202888011932373,0.14054499566555023,0.0,0.13720841705799103,0.8627915978431702,260,0.13720841705799103
261,7,2,stable_normal,,0.07573586702346802,0.36925747990608215,0.3630427420139313,0.3842540979385376,0.021211355924606323,0.924264132976532,0.14852368831634521,0.0,0.13955649733543396,0.8604434728622437,261,0.13955649733543396
262,7,3,stable_normal,,0.007002383470535278,0.37475359439849854,0.38314083218574524,0.3674364686012268,0.015704363584518433,0.9929976463317871,0.1359998881816864,0.0,0.18541404604911804,0.8145859241485596,262,0.18541404604911804
263,7,4,pseudo_anomaly_risk,,0.30379217863082886,0.4200819432735443,0.4000437557697296,0.45525193214416504,0.055208176374435425,0.6962078213691711,0.1831052303314209,0.0,0.22488440573215485,0.7751156091690063,263,0.22488440573215485
264,7,5,stable_normal,,0.018275201320648193,0.4412890076637268,0.45974820852279663,0.42259272933006287,0.037155479192733765,0.9817247986793518,0.1278712898492813,0.0,0.21043787896633148,0.7895621061325073,264,0.21043787896633148
265,7,6,pseudo_anomaly_risk,,0.3195902109146118,0.4266124367713928,0.4550535976886749,0.4115540683269501,0.043499529361724854,0.6804097890853882,0.1851259022951126,0.0,0.21459074318408966,0.7854092717170715,265,0.21459074318408966
266,7,7,stable_normal,,0.001012355089187622,0.45495927333831787,0.45418259501457214,0.4558123052120209,0.0016297101974487305,0.9989876747131348,0.12328189611434937,0.0,0.18576203286647797,0.8142379522323608,266,0.18576203286647797
267,7,8,noise_sensitive_normal,,0.3071958124637604,0.4389358162879944,0.4347989559173584,0.4550116956233978,0.02021273970603943,0.692804217338562,0.18015825748443604,0.0,0.1755319982767105,0.8244680166244507,267,0.1755319982767105
268,7,9,stable_normal,,0.0047744810581207275,0.4288768172264099,0.43082234263420105,0.4272916913032532,0.003530651330947876,0.9952255487442017,0.1275818645954132,0.0,0.24205346405506134,0.7579465508460999,268,0.24205346405506134
269,7,10,stable_normal,,0.03403481841087341,0.3358824551105499,0.3176348805427551,0.35688871145248413,0.039253830909729004,0.9659651517868042,0.14670057594776154,0.0,0.23474833369255066,0.765251636505127,269,0.23474833369255066
270,7,11,stable_normal,,0.00293886661529541,0.45811551809310913,0.46107006072998047,0.4552532136440277,0.005816847085952759,0.9970611333847046,0.1231270581483841,0.0,0.127938374876976,0.8720616102218628,270,0.127938374876976
271,7,12,pseudo_anomaly_risk,,0.2594307065010071,0.4152590334415436,0.38101592659950256,0.45520293712615967,0.0741870105266571,0.7405692934989929,0.17496702075004578,0.0,0.20132757723331451,0.7986724376678467,271,0.20132757723331451
272,7,13,stable_normal,,9.396672248840332e-05,0.45660948753356934,0.457127183675766,0.4561019837856293,0.0010251998901367188,0.999906063079834,0.12291209399700165,0.0,0.13303208351135254,0.8669679164886475,272,0.13303208351135254
273,7,14,stable_normal,,0.0001251697540283203,0.45386528968811035,0.4552052915096283,0.4525316059589386,0.0026736855506896973,0.9998748302459717,0.1233026385307312,0.0,0.18526586890220642,0.8147341012954712,273,0.18526586890220642
274,7,15,stable_normal,,7.653236389160156e-05,0.4539744257926941,0.4551367163658142,0.4528075158596039,0.002329200506210327,0.9999234676361084,0.12327996641397476,0.0,0.2044217437505722,0.7955782413482666,274,0.2044217437505722
275,7,16,stable_normal,,0.008827298879623413,0.44696280360221863,0.43957751989364624,0.4551604688167572,0.015582948923110962,0.9911726713180542,0.12560012936592102,0.0,0.1944444626569748,0.805555522441864,275,0.1944444626569748
276,7,17,stable_normal,,0.02160915732383728,0.3902885317802429,0.3881460726261139,0.3941620886325836,0.0060160160064697266,0.9783908128738403,0.1360078603029251,0.0,0.2618100047111511,0.7381899952888489,276,0.2618100047111511
277,7,18,stable_normal,,0.021816134452819824,0.4587511122226715,0.4640715718269348,0.45262569189071655,0.011445879936218262,0.9781838655471802,0.12589684128761292,0.0,0.25274863839149475,0.7472513914108276,277,0.25274863839149475
278,7,19,stable_normal,,0.0037848949432373047,0.4549270272254944,0.4606330990791321,0.44893431663513184,0.011698782444000244,0.9962151050567627,0.12370356917381287,0.0,0.200286403298378,0.7997136116027832,278,0.200286403298378
279,7,20,stable_normal,,0.028562188148498535,0.43884575366973877,0.42655330896377563,0.45265206694602966,0.02609875798225403,0.9714378118515015,0.1298334151506424,0.0,0.17418378591537476,0.8258162140846252,279,0.17418378591537476
280,7,21,stable_normal,,0.0011313557624816895,0.4506305158138275,0.4565294682979584,0.44471579790115356,0.01181367039680481,0.9988686442375183,0.12391054630279541,0.0,0.14967064559459686,0.8503293395042419,280,0.14967064559459686
281,7,22,stable_normal,,7.861852645874023e-05,0.4560091495513916,0.45600298047065735,0.45601874589920044,1.576542854309082e-05,0.9999213814735413,0.12299411743879318,0.0,0.16559836268424988,0.8344016075134277,281,0.16559836268424988
282,7,23,stable_normal,,0.0016080737113952637,0.45567572116851807,0.45660293102264404,0.45477569103240967,0.001827239990234375,0.9983919262886047,0.12327054888010025,0.0,0.15419736504554749,0.8458026647567749,282,0.15419736504554749
283,7,24,stable_normal,,3.266334533691406e-05,0.45717093348503113,0.45750129222869873,0.4568426311016083,0.0006586611270904541,0.9999673366546631,0.12282411754131317,0.0,0.16402344405651093,0.8359765410423279,283,0.16402344405651093
284,7,25,stable_normal,,9.34600830078125e-05,0.45594748854637146,0.45478907227516174,0.45711466670036316,0.002325594425201416,0.9999065399169922,0.12300499528646469,0.0,0.14631640911102295,0.853683590888977,284,0.14631640911102295
285,7,26,stable_normal,,0.01290246844291687,0.36373090744018555,0.34616613388061523,0.3815152645111084,0.035349130630493164,0.9870975017547607,0.13867232203483582,0.0,0.2322416454553604,0.7677583694458008,285,0.2322416454553604
286,7,27,pseudo_anomaly_risk,,0.13462069630622864,0.36947140097618103,0.4178270995616913,0.333516001701355,0.0843110978603363,0.8653793334960938,0.15913721919059753,0.0,0.22065509855747223,0.779344916343689,286,0.22065509855747223
287,7,28,stable_normal,,0.00032216310501098633,0.4579828679561615,0.4567577838897705,0.45921728014945984,0.002459496259689331,0.999677836894989,0.12275353074073792,0.0,0.18514689803123474,0.8148530721664429,287,0.18514689803123474
288,7,29,stable_normal,,0.0006963908672332764,0.4518794119358063,0.453155517578125,0.45062658190727234,0.002528935670852661,0.9993035793304443,0.12366853654384613,0.0,0.17230179905891418,0.8276982307434082,288,0.17230179905891418
289,7,30,stable_normal,,7.200241088867188e-05,0.45654356479644775,0.45648935437202454,0.4566006660461426,0.00011131167411804199,0.9999279975891113,0.12291807681322098,0.0,0.1794079840183258,0.8205920457839966,289,0.1794079840183258
290,7,31,stable_normal,,0.0008471310138702393,0.4465738832950592,0.4502007067203522,0.44290557503700256,0.007295131683349609,0.9991528987884521,0.1244422197341919,0.0,0.16125378012657166,0.838746190071106,290,0.16125378012657166
291,7,32,stable_normal,,0.0005793571472167969,0.4567214548587799,0.45900169014930725,0.45447027683258057,0.004531413316726685,0.9994206428527832,0.1229691207408905,0.0,0.17002904415130615,0.8299709558486938,291,0.17002904415130615
292,7,33,stable_normal,,0.02209186553955078,0.33329132199287415,0.3589920103549957,0.3097556531429291,0.04923635721206665,0.9779081344604492,0.14505283534526825,0.0,0.16876472532749176,0.8312352895736694,292,0.16876472532749176
293,7,34,stable_normal,,0.07740864157676697,0.37415769696235657,0.3520181477069855,0.40468424558639526,0.05266609787940979,0.9225913286209106,0.14801128208637238,0.0,0.16014254093170166,0.8398574590682983,293,0.16014254093170166
294,7,35,stable_normal,,0.04673892259597778,0.4534932076931,0.4573194980621338,0.4516986310482025,0.005620867013931274,0.9532610774040222,0.1305338442325592,0.0,0.18522021174430847,0.8147797584533691,294,0.18522021174430847
295,7,36,pseudo_anomaly_risk,,0.2319638431072235,0.36063140630722046,0.4255710542201996,0.3041546046733856,0.12141644954681396,0.7680361270904541,0.1797783523797989,0.0,0.25548309087753296,0.744516909122467,295,0.25548309087753296
296,8,0,stable_normal,,0.009206444025039673,0.40821143984794617,0.39260947704315186,0.4233357012271881,0.030726224184036255,0.9907935857772827,0.13130900263786316,0.0,0.18922190368175507,0.8107780814170837,296,0.18922190368175507
297,8,1,pseudo_anomaly_risk,,0.11218440532684326,0.37162595987319946,0.40206676721572876,0.3499468266963959,0.052119940519332886,0.8878155946731567,0.15464138984680176,0.0,0.1605272889137268,0.8394727110862732,297,0.1605272889137268
298,8,2,stable_normal,,0.00530242919921875,0.36503541469573975,0.36454811692237854,0.36617955565452576,0.0016314387321472168,0.9946975708007812,0.13721413910388947,0.0,0.1755203902721405,0.8244795799255371,298,0.1755203902721405
299,8,3,stable_normal,,0.01591700315475464,0.34776344895362854,0.36330679059028625,0.33278360962867737,0.030523180961608887,0.9840829968452454,0.1416839063167572,0.0,0.17637082934379578,0.8236291408538818,299,0.17637082934379578
300,8,4,pseudo_anomaly_risk,,0.32062917947769165,0.41518476605415344,0.39076194167137146,0.45445218682289124,0.06369024515151978,0.6793708205223083,0.18760178983211517,0.0,0.20589525997638702,0.7941047549247742,300,0.20589525997638702
301,8,5,pseudo_anomaly_risk,,0.30609551072120667,0.4291723966598511,0.4582194983959198,0.4115893840789795,0.04663011431694031,0.6939045190811157,0.18181656301021576,0.0,0.15370826423168182,0.846291720867157,301,0.15370826423168182
302,8,6,noise_sensitive_normal,,0.3745173513889313,0.4245144724845886,0.41978970170021057,0.4514921307563782,0.0317024290561676,0.6254826784133911,0.19735293090343475,0.0,0.2413027137517929,0.7586972713470459,302,0.2413027137517929
303,8,7,stable_normal,,0.00014451146125793457,0.45382159948349,0.454247385263443,0.45340394973754883,0.000843435525894165,0.9998555183410645,0.12331168353557587,0.0,0.1872350573539734,0.8127649426460266,303,0.1872350573539734
304,8,8,stable_normal,,0.02693861722946167,0.4428270161151886,0.42880260944366455,0.4551892578601837,0.026386648416519165,0.9730613827705383,0.1289949268102646,0.0,0.19647851586341858,0.8035215139389038,304,0.19647851586341858
305,8,9,pseudo_anomaly_risk,,0.10713833570480347,0.4218604266643524,0.45453116297721863,0.39263594150543213,0.0618952214717865,0.8928616642951965,0.1454060971736908,0.0,0.1614157259464264,0.838584303855896,305,0.1614157259464264
306,8,10,stable_normal,,0.026559114456176758,0.31055739521980286,0.33312487602233887,0.29803428053855896,0.03509059548377991,0.9734408855438232,0.14955167472362518,0.0,0.2343900501728058,0.7656099796295166,306,0.2343900501728058
307,8,11,pseudo_anomaly_risk,,0.150107741355896,0.33733049035072327,0.3087499439716339,0.3735319674015045,0.0647820234298706,0.849892258644104,0.1678038090467453,0.0,0.24963530898094177,0.7503646612167358,307,0.24963530898094177
308,8,12,stable_normal,,4.1991472244262695e-05,0.45624589920043945,0.4563416540622711,0.4561522901058197,0.00018936395645141602,0.9999580383300781,0.12295535951852798,0.0,0.17286676168441772,0.8271332383155823,308,0.17286676168441772
309,8,13,stable_normal,,0.03980165719985962,0.4634541869163513,0.4693756103515625,0.4585937261581421,0.01078188419342041,0.9601983428001404,0.12798839807510376,0.0,0.20686055719852448,0.7931394577026367,309,0.20686055719852448
310,8,14,noise_sensitive_normal,,0.0905948281288147,0.3981325924396515,0.3981841504573822,0.40689510107040405,0.00871095061302185,0.9094051718711853,0.14639195799827576,0.0,0.20439350605010986,0.7956064939498901,310,0.20439350605010986
311,8,15,stable_normal,,0.04547989368438721,0.3487415313720703,0.3906121850013733,0.31315821409225464,0.07745397090911865,0.9545201063156128,0.146595299243927,0.0,0.22898706793785095,0.7710129022598267,311,0.22898706793785095
312,8,16,pseudo_anomaly_risk,,0.13966259360313416,0.42784208059310913,0.4044347107410431,0.4507284164428711,0.046293705701828,0.8603373765945435,0.15011729300022125,0.0,0.20860369503498077,0.7913963198661804,312,0.20860369503498077
313,8,17,stable_normal,,0.012120991945266724,0.4059133231639862,0.39352351427078247,0.4170227646827698,0.023499250411987305,0.9878790378570557,0.13211460411548615,0.0,0.2819894254207611,0.7180105447769165,313,0.2819894254207611
314,8,18,pseudo_anomaly_risk,,0.5573557615280151,0.40724286437034607,0.4103015959262848,0.4538445770740509,0.04354298114776611,0.44264423847198486,0.24484504759311676,0.0,0.2542259097099304,0.7457740902900696,314,0.2542259097099304
315,8,19,stable_normal,,0.003695935010910034,0.4619629681110382,0.4626275599002838,0.4614329934120178,0.0011945664882659912,0.9963040351867676,0.12270025163888931,0.0,0.20145350694656372,0.7985464930534363,315,0.20145350694656372
316,8,20,noise_sensitive_normal,,0.1681618094444275,0.45895010232925415,0.4688999354839325,0.4558456540107727,0.01305428147315979,0.8318381905555725,0.1500016450881958,0.0,0.16564251482486725,0.834357500076294,316,0.16564251482486725
317,8,21,pseudo_anomaly_risk,,0.16490203142166138,0.4391065835952759,0.47414499521255493,0.39807748794555664,0.07606750726699829,0.8350979685783386,0.15273970365524292,0.0,0.23209038376808167,0.7679096460342407,317,0.23209038376808167
318,8,22,pseudo_anomaly_risk,,0.2748475968837738,0.4155489206314087,0.45621979236602783,0.39673370122909546,0.05948609113693237,0.7251523733139038,0.17802655696868896,0.0,0.20686312019824982,0.7931368947029114,318,0.20686312019824982
319,8,23,stable_normal,,0.05416685342788696,0.3460955023765564,0.3855500817298889,0.305576354265213,0.0799737274646759,0.945833146572113,0.14854764938354492,0.0,0.2351236194372177,0.7648763656616211,319,0.2351236194372177
320,8,24,stable_normal,,5.8323144912719727e-05,0.45675310492515564,0.4556257128715515,0.4578932523727417,0.0022675395011901855,0.9999417066574097,0.12288658320903778,0.0,0.1937735676765442,0.8062264323234558,320,0.1937735676765442
321,8,25,stable_normal,,0.0006414055824279785,0.4591769874095917,0.4582884907722473,0.4601086378097534,0.0018201470375061035,0.999358594417572,0.12263388186693192,0.0,0.1612178534269333,0.8387821316719055,321,0.1612178534269333
322,8,26,stable_normal,,0.038640618324279785,0.4172404110431671,0.3908970355987549,0.44214433431625366,0.05124729871749878,0.9613593816757202,0.13466998934745789,0.0,0.20367103815078735,0.7963289618492126,322,0.20367103815078735
323,8,27,stable_normal,,0.025221288204193115,0.4552082419395447,0.4550097584724426,0.4564834237098694,0.0014736652374267578,0.9747787117958069,0.12692910432815552,0.0,0.19975969195365906,0.8002402782440186,323,0.19975969195365906
324,8,28,stable_normal,,0.005357146263122559,0.4574046730995178,0.4416342079639435,0.47254180908203125,0.03090760111808777,0.9946428537368774,0.12359068542718887,0.0,0.14513938128948212,0.8548606038093567,324,0.14513938128948212
325,8,29,stable_normal,,0.03147783875465393,0.4426210820674896,0.44179990887641907,0.4454580247402191,0.003658115863800049,0.9685221910476685,0.12973572313785553,0.0,0.2258988916873932,0.7741011381149292,325,0.2258988916873932
326,8,30,stable_normal,,0.008036971092224121,0.38000673055648804,0.39205026626586914,0.36759743094444275,0.02445283532142639,0.9919630289077759,0.13536611199378967,0.0,0.23135149478912354,0.7686485052108765,326,0.23135149478912354
327,8,31,pseudo_anomaly_risk,,0.16860634088516235,0.4049636721611023,0.3759589195251465,0.4344576299190521,0.05849871039390564,0.8313936591148376,0.1592721939086914,0.0,0.23032230138778687,0.7696776986122131,327,0.23032230138778687
328,8,32,noise_sensitive_normal,,0.13281485438346863,0.45821723341941833,0.4674724340438843,0.4548998475074768,0.01257258653640747,0.867185115814209,0.14396235346794128,0.0,0.1450924277305603,0.8549075722694397,328,0.1450924277305603
329,8,33,stable_normal,,0.08538448810577393,0.3978692591190338,0.37624502182006836,0.42091619968414307,0.04467117786407471,0.9146155118942261,0.14553198218345642,0.0,0.15902329981327057,0.8409767150878906,329,0.15902329981327057
330,8,34,pseudo_anomaly_risk,,0.18224471807479858,0.3767748177051544,0.3409000635147095,0.424945592880249,0.08404552936553955,0.8177552819252014,0.16686904430389404,0.0,0.19023162126541138,0.8097683787345886,330,0.19023162126541138
331,8,35,pseudo_anomaly_risk,,0.10051056742668152,0.4438731372356415,0.41252219676971436,0.4723787307739258,0.059856534004211426,0.8994894027709961,0.14076152443885803,0.0,0.1895868331193924,0.8104131817817688,331,0.1895868331193924
332,8,36,stable_normal,,0.01683628559112549,0.38490548729896545,0.4011582136154175,0.3684283494949341,0.0327298641204834,0.9831637144088745,0.1360522210597992,0.0,0.21355371177196503,0.7864462733268738,332,0.21355371177196503
333,9,0,stable_normal,,0.04805150628089905,0.3329889178276062,0.3546215295791626,0.31758883595466614,0.03703269362449646,0.9519485235214233,0.14963504672050476,0.0,0.25440046191215515,0.7455995082855225,333,0.25440046191215515
334,9,1,stable_normal,,0.00025397539138793945,0.4558347761631012,0.4567332863807678,0.4549521207809448,0.001781165599822998,0.9997460246086121,0.12304491549730301,0.0,0.16868513822555542,0.8313148617744446,334,0.16868513822555542
335,9,2,stable_normal,,0.01160573959350586,0.3689895570278168,0.38480430841445923,0.3526515066623688,0.032152801752090454,0.9883942604064941,0.13764217495918274,0.0,0.19291415810585022,0.8070858716964722,335,0.19291415810585022
336,9,3,stable_normal,,0.006752073764801025,0.37527307868003845,0.37926384806632996,0.3722881078720093,0.006975740194320679,0.993247926235199,0.1358795315027237,0.0,0.12394976615905762,0.8760502338409424,336,0.12394976615905762
337,9,4,noise_sensitive_normal,,0.18790194392204285,0.3794047236442566,0.3871099054813385,0.39140456914901733,0.004294663667678833,0.8120980262756348,0.16748689115047455,0.0,0.23520204424858093,0.7647979259490967,337,0.23520204424858093
338,9,5,stable_normal,,0.007812410593032837,0.456351101398468,0.4575764536857605,0.45539259910583496,0.002183854579925537,0.9921876192092896,0.12410988658666611,0.0,0.17947353422641754,0.8205264806747437,338,0.17947353422641754
339,9,6,stable_normal,,0.00528755784034729,0.46318182349205017,0.4660910367965698,0.46047571301460266,0.005615323781967163,0.9947124719619751,0.12276751548051834,0.0,0.21632739901542664,0.783672571182251,339,0.21632739901542664
340,9,7,stable_normal,,0.002561330795288086,0.4662598967552185,0.4653257131576538,0.46727317571640015,0.0019474625587463379,0.9974386692047119,0.12193013727664948,0.0,0.21092525124549866,0.7890747785568237,340,0.21092525124549866
341,9,8,pseudo_anomaly_risk,,0.41337209939956665,0.39010441303253174,0.44083547592163086,0.3720795810222626,0.06875589489936829,0.5866279006004333,0.21347613632678986,0.0,0.2672419846057892,0.7327580451965332,341,0.2672419846057892
342,9,9,pseudo_anomaly_risk,,0.19105300307273865,0.4149317145347595,0.4654408395290375,0.35974183678627014,0.10569900274276733,0.808946967124939,0.1617264747619629,0.0,0.25339066982269287,0.7466093301773071,342,0.25339066982269287
343,9,10,stable_normal,,0.007390528917312622,0.353989839553833,0.3592192232608795,0.35026440024375916,0.008954823017120361,0.9926095008850098,0.13927379250526428,0.0,0.16447791457176208,0.8355220556259155,343,0.16447791457176208
344,9,11,pseudo_anomaly_risk,4,0.33848094940185547,0.36384862661361694,0.26272109150886536,0.46530717611312866,0.2025860846042633,0.6615190505981445,0.20197568833827972,0.0,0.28403252363204956,0.7159674763679504,344,0.28403252363204956
345,9,12,pseudo_anomaly_risk,,0.26691290736198425,0.42089739441871643,0.3750680685043335,0.47134897112846375,0.09628090262413025,0.7330870628356934,0.17540857195854187,0.0,0.22497303783893585,0.7750269770622253,345,0.22497303783893585
346,9,13,lesion_candidate_preserved,,0.02978956699371338,0.4868653416633606,0.48219484090805054,0.49171561002731323,0.009520769119262695,0.9702104330062866,0.12311339378356934,0.0,0.24384015798568726,0.7561598420143127,346,0.24384015798568726
347,9,14,lesion_candidate_preserved,,0.005286216735839844,0.4764595925807953,0.4902319312095642,0.46350282430648804,0.026729106903076172,0.9947137832641602,0.1209169253706932,0.0,0.1749032586812973,0.8250967264175415,347,0.1749032586812973
348,9,15,lesion_candidate_preserved,,0.014731884002685547,0.476680189371109,0.5073500871658325,0.44905346632003784,0.05829662084579468,0.9852681159973145,0.12228856235742569,0.0,0.19186782836914062,0.8081321716308594,348,0.19186782836914062
349,9,16,stable_normal,,0.010040730237960815,0.462995320558548,0.4582964777946472,0.46857553720474243,0.010279059410095215,0.9899592399597168,0.1235070675611496,0.0,0.24957768619060516,0.7504222989082336,349,0.24957768619060516
350,9,17,stable_normal,,0.03477811813354492,0.4566158950328827,0.4708823263645172,0.4451907277107239,0.025691598653793335,0.9652218818664551,0.1282033622264862,0.0,0.23222675919532776,0.7677732706069946,350,0.23222675919532776
351,9,18,lesion_candidate_preserved,,0.004375159740447998,0.46678608655929565,0.45799657702445984,0.47452306747436523,0.016526490449905396,0.995624840259552,0.12212679535150528,0.0,0.2279231697320938,0.7720768451690674,351,0.2279231697320938
352,9,19,noise_sensitive_normal,,0.3002949357032776,0.4226026237010956,0.4456038475036621,0.41086891293525696,0.03473493456840515,0.6997050642967224,0.18189020454883575,0.0,0.25961825251579285,0.7403817176818848,352,0.25961825251579285
353,9,20,pseudo_anomaly_risk,,0.18599653244018555,0.4308837354183197,0.3994332253932953,0.46508198976516724,0.06564876437187195,0.8140034675598145,0.15799224376678467,0.0,0.18383334577083588,0.8161666393280029,353,0.18383334577083588
354,9,21,stable_normal,,0.013059258460998535,0.3753078281879425,0.36170700192451477,0.38948339223861694,0.027776390314102173,0.9869407415390015,0.13690680265426636,0.0,0.2620677053928375,0.7379323244094849,354,0.2620677053928375
355,9,22,pseudo_anomaly_risk,,0.12725818157196045,0.45780664682388306,0.4355890452861786,0.48625868558883667,0.05066964030265808,0.8727418184280396,0.1430787444114685,0.0,0.21026723086833954,0.7897327542304993,355,0.21026723086833954
356,9,23,stable_normal,,0.005678355693817139,0.4436027705669403,0.4391111731529236,0.44851166009902954,0.009400486946105957,0.9943216443061829,0.12560008466243744,0.0,0.23003262281417847,0.7699673771858215,356,0.23003262281417847
357,9,24,lesion_candidate_preserved,,0.012177795171737671,0.47109663486480713,0.46974143385887146,0.4727841913700104,0.003042757511138916,0.9878221750259399,0.12268868088722229,0.0,0.23762288689613342,0.762377142906189,357,0.23762288689613342
358,9,25,stable_normal,,0.06445181369781494,0.4215501844882965,0.3800581395626068,0.4639376103878021,0.08387947082519531,0.9355481863021851,0.1382356733083725,0.0,0.14370153844356537,0.8562984466552734,358,0.14370153844356537
359,9,26,stable_normal,,0.002386420965194702,0.46314069628715515,0.4661169648170471,0.4603271782398224,0.0057897865772247314,0.9976135492324829,0.12233967334032059,0.0,0.19889084994792938,0.8011091351509094,359,0.19889084994792938
360,9,27,stable_normal,,0.008861184120178223,0.4420325458049774,0.42441025376319885,0.4599258601665497,0.03551560640335083,0.9911388158798218,0.1263122707605362,0.0,0.17369046807289124,0.8263095617294312,360,0.17369046807289124
361,9,28,stable_normal,,0.0006432831287384033,0.45685428380966187,0.45583730936050415,0.4578922390937805,0.002054929733276367,0.999356746673584,0.12296004593372345,0.0,0.21107330918312073,0.7889267206192017,361,0.21107330918312073
362,9,29,stable_normal,,0.039095401763916016,0.3415340483188629,0.37063226103782654,0.30767199397087097,0.06296026706695557,0.960904598236084,0.14665961265563965,0.0,0.15597127377986908,0.8440287113189697,362,0.15597127377986908
363,9,30,pseudo_anomaly_risk,,0.42403045296669006,0.38706231117248535,0.3377607464790344,0.4638051688671112,0.12604442238807678,0.5759695768356323,0.2166457176208496,0.0,0.253616064786911,0.7463839054107666,363,0.253616064786911
364,9,31,stable_normal,,0.00023880600929260254,0.45598840713500977,0.4555181562900543,0.45646992325782776,0.0009517669677734375,0.9997612237930298,0.12302105873823166,0.0,0.19173622131347656,0.8082637786865234,364,0.19173622131347656
365,9,32,stable_normal,,0.018823593854904175,0.4492335319519043,0.46075430512428284,0.4387468993663788,0.022007405757904053,0.9811763763427734,0.1268061250448227,0.0,0.17539875209331512,0.8246012330055237,365,0.17539875209331512
366,9,33,stable_normal,,0.012237191200256348,0.3867400586605072,0.3883555233478546,0.38636645674705505,0.0019890666007995605,0.9877628087997437,0.135023295879364,0.0,0.18182767927646637,0.8181723356246948,366,0.18182767927646637
367,9,34,stable_normal,,0.08612719178199768,0.41237789392471313,0.3664087653160095,0.4452913999557495,0.07888263463973999,0.9138728380203247,0.14332444965839386,0.0,0.23149533569812775,0.7685046792030334,367,0.23149533569812775
368,9,35,stable_normal,,0.06237414479255676,0.41476237773895264,0.3912797272205353,0.44190776348114014,0.05062803626060486,0.9376258850097656,0.13894638419151306,0.0,0.24340637028217316,0.756593644618988,368,0.24340637028217316
369,9,36,stable_normal,,0.004772096872329712,0.45283249020576477,0.4595160186290741,0.4465801417827606,0.012935876846313477,0.9952279329299927,0.12414871901273727,0.0,0.2324940413236618,0.767505943775177,369,0.2324940413236618
370,10,0,stable_normal,,0.0007576346397399902,0.4210619628429413,0.42490607500076294,0.4170963168144226,0.007809758186340332,0.99924236536026,0.12809427082538605,0.0,0.23572435975074768,0.7642756700515747,370,0.23572435975074768
371,10,1,noise_sensitive_normal,,0.12530845403671265,0.42825981974601746,0.42003944516181946,0.44462865591049194,0.024589210748672485,0.8746915459632874,0.14752119779586792,0.0,0.2296680063009262,0.7703319787979126,371,0.2296680063009262
372,10,2,pseudo_anomaly_risk,,0.13024932146072388,0.42100030183792114,0.45733529329299927,0.39292165637016296,0.0644136369228363,0.8697506785392761,0.1495857834815979,0.0,0.13462893664836884,0.86537104845047,372,0.13462893664836884
373,10,3,stable_normal,,0.010298371315002441,0.4126291275024414,0.40352973341941833,0.42454853653907776,0.021018803119659424,0.9897016286849976,0.13082654774188995,0.0,0.19036754965782166,0.809632420539856,373,0.19036754965782166
374,10,4,noise_sensitive_normal,,0.12011080980300903,0.3619748055934906,0.3690732717514038,0.37086448073387146,0.0017912089824676514,0.879889190196991,0.15775009989738464,0.0,0.19611676037311554,0.8038832545280457,374,0.19611676037311554
375,10,5,stable_normal,,0.005130589008331299,0.4588663876056671,0.4476489722728729,0.4702923893928528,0.02264341711997986,0.9948694109916687,0.12335053086280823,0.0,0.14213413000106812,0.8578658699989319,375,0.14213413000106812
376,10,6,lesion_candidate_preserved,,0.000981062650680542,0.4674985110759735,0.4621073007583618,0.4728751480579376,0.010767847299575806,0.9990189075469971,0.12152282893657684,0.0,0.16250145435333252,0.8374985456466675,376,0.16250145435333252
377,10,7,stable_normal,,0.0012576878070831299,0.45898568630218506,0.45268264412879944,0.46499568223953247,0.012313038110733032,0.9987423419952393,0.12275291234254837,0.0,0.1916392743587494,0.8083606958389282,377,0.1916392743587494
378,10,8,stable_normal,,0.0022312700748443604,0.4666774272918701,0.46367037296295166,0.4696103632450104,0.005939990282058716,0.997768759727478,0.12182284146547318,0.0,0.19248899817466736,0.8075109720230103,378,0.19248899817466736
379,10,9,stable_normal,,0.020774245262145996,0.4586973190307617,0.4579125940799713,0.4602234363555908,0.002310842275619507,0.979225754737854,0.1257452815771103,0.0,0.17577733099460602,0.8242226839065552,379,0.17577733099460602
380,10,10,noise_sensitive_normal,,0.31805679202079773,0.45245033502578735,0.45796436071395874,0.4631679356098175,0.005203574895858765,0.6819431781768799,0.179788276553154,0.0,0.18388226628303528,0.8161177635192871,380,0.18388226628303528
381,10,11,stable_normal,,0.08207857608795166,0.4258069097995758,0.4300893247127533,0.42784544825553894,0.0022438764572143555,0.9179214239120483,0.1405092477798462,0.0,0.21151667833328247,0.7884833216667175,381,0.21151667833328247
382,10,12,stable_normal,,0.0018081367015838623,0.453708291053772,0.46229714155197144,0.44490543007850647,0.017391711473464966,0.9981918334960938,0.12357785552740097,0.0,0.2177913784980774,0.7822086215019226,382,0.2177913784980774
383,10,13,stable_normal,,0.015069186687469482,0.40890076756477356,0.4054688513278961,0.41320177912712097,0.0077329277992248535,0.9849308133125305,0.13213829696178436,0.0,0.2252425104379654,0.7747575044631958,383,0.2252425104379654
384,10,14,pseudo_anomaly_risk,,0.22891804575920105,0.4324326813220978,0.461759090423584,0.4045040011405945,0.0572550892829895,0.7710819244384766,0.16581203043460846,0.0,0.17347674071788788,0.8265232443809509,384,0.17347674071788788
385,10,15,stable_normal,,0.044357359409332275,0.4067496359348297,0.40128862857818604,0.419491708278656,0.01820307970046997,0.9556426405906677,0.1372082382440567,0.0,0.21247640252113342,0.787523627281189,385,0.21247640252113342
386,10,16,stable_normal,,0.010859131813049316,0.3407427668571472,0.3375771939754486,0.34581464529037476,0.008237451314926147,0.9891408681869507,0.14194123446941376,0.0,0.18905602395534515,0.8109439611434937,386,0.18905602395534515
387,10,17,stable_normal,,0.020380258560180664,0.34433743357658386,0.33348730206489563,0.3555547893047333,0.022067487239837646,0.9796197414398193,0.14298593997955322,0.0,0.17486365139484406,0.8251363635063171,387,0.17486365139484406
388,10,18,stable_normal,,0.00012427568435668945,0.4549160897731781,0.45483267307281494,0.45500510931015015,0.00017243623733520508,0.9998757243156433,0.12315463274717331,0.0,0.1920447200536728,0.807955265045166,388,0.1920447200536728
389,10,19,stable_normal,,8.386373519897461e-05,0.4555940628051758,0.45610707998275757,0.45508813858032227,0.0010189414024353027,0.999916136264801,0.12305323779582977,0.0,0.1527940332889557,0.8472059965133667,389,0.1527940332889557
390,10,20,stable_normal,,0.000733107328414917,0.46011829376220703,0.45916983485221863,0.4611133635044098,0.0019435286521911621,0.9992668628692627,0.1225157156586647,0.0,0.23491516709327698,0.7650848627090454,390,0.23491516709327698
391,10,21,noise_sensitive_normal,,0.2199556827545166,0.45686665177345276,0.4515981078147888,0.4732900857925415,0.021691977977752686,0.7800443172454834,0.15977731347084045,0.0,0.22266380488872528,0.7773361802101135,391,0.22266380488872528
392,10,22,stable_normal,,0.001109004020690918,0.4587738513946533,0.46029362082481384,0.4572756886482239,0.003017932176589966,0.9988909959793091,0.1227603554725647,0.0,0.18924598395824432,0.8107540011405945,392,0.18924598395824432
393,10,23,stable_normal,,6.154179573059082e-05,0.4556615948677063,0.45669645071029663,0.4546332061290741,0.002063244581222534,0.9999384880065918,0.12304038554430008,0.0,0.1598939746618271,0.8401060104370117,393,0.1598939746618271
394,10,24,lesion_candidate_preserved,,0.038538843393325806,0.49144643545150757,0.5034052133560181,0.48146143555641174,0.021943777799606323,0.9614611864089966,0.12378361821174622,0.0,0.131516695022583,0.868483304977417,394,0.131516695022583
395,10,25,stable_normal,,0.00018408894538879395,0.4569912254810333,0.45649853348731995,0.4574945271015167,0.0009959936141967773,0.9998159408569336,0.1228720098733902,0.0,0.13294875621795654,0.8670512437820435,395,0.13294875621795654
396,10,26,stable_normal,,0.004401564598083496,0.44277244806289673,0.43571922183036804,0.44964921474456787,0.013929992914199829,0.9955984354019165,0.12552399933338165,0.0,0.20442375540733337,0.7955762147903442,396,0.20442375540733337
397,10,27,stable_normal,,0.006438612937927246,0.46569180488586426,0.45942455530166626,0.47214341163635254,0.01271885633468628,0.9935613870620728,0.12258784472942352,0.0,0.21508650481700897,0.7849134802818298,397,0.21508650481700897
398,10,28,stable_normal,,0.07721072435379028,0.40556901693344116,0.40537992119789124,0.4125078618526459,0.007127940654754639,0.9227892756462097,0.14289222657680511,0.0,0.23033542931079865,0.7696645855903625,398,0.23033542931079865
399,10,29,stable_normal,,0.014124810695648193,0.3827937841415405,0.3708244264125824,0.3959418535232544,0.025117427110671997,0.9858751893043518,0.13593259453773499,0.0,0.20111940801143646,0.7988805770874023,399,0.20111940801143646
400,10,30,stable_normal,,0.014578908681869507,0.4069858491420746,0.39925622940063477,0.4151506721973419,0.015894442796707153,0.9854210615158081,0.13234631717205048,0.0,0.2540454566478729,0.7459545135498047,400,0.2540454566478729
401,10,31,stable_normal,,0.012186408042907715,0.4390246570110321,0.41429227590560913,0.46273073554039,0.048438459634780884,0.9878135919570923,0.12725767493247986,0.0,0.20096392929553986,0.7990360856056213,401,0.20096392929553986
402,10,32,pseudo_anomaly_risk,,0.2710121273994446,0.41189298033714294,0.36491984128952026,0.4591275155544281,0.09420767426490784,0.7289878726005554,0.17794328927993774,0.0,0.2225872427225113,0.7774127721786499,402,0.2225872427225113
403,10,33,lesion_candidate_preserved,,0.15923720598220825,0.47818076610565186,0.46418142318725586,0.5016480684280396,0.03746664524078369,0.8407627940177917,0.14528876543045044,0.0,0.23688897490501404,0.7631109952926636,403,0.23688897490501404
404,10,34,stable_normal,,0.03351721167564392,0.38912704586982727,0.37521395087242126,0.40686583518981934,0.03165188431739807,0.9664827585220337,0.13814453780651093,0.0,0.2279512733221054,0.7720487117767334,404,0.2279512733221054
405,10,35,stable_normal,,0.009838014841079712,0.38365036249160767,0.3918875455856323,0.37650346755981445,0.015384078025817871,0.9901620149612427,0.13510386645793915,0.0,0.2425539344549179,0.7574460506439209,405,0.2425539344549179
406,10,36,stable_normal,,0.021335452795028687,0.44567248225212097,0.45309701561927795,0.439459890127182,0.013637125492095947,0.9786645174026489,0.1277090311050415,0.0,0.24015659093856812,0.7598434090614319,406,0.24015659093856812
407,11,0,stable_normal,,0.0032188892364501953,0.45572975277900696,0.4576353132724762,0.4539029002189636,0.0037324130535125732,0.9967811107635498,0.12350507825613022,0.0,0.20873388648033142,0.7912660837173462,407,0.20873388648033142
408,11,1,stable_normal,,0.023796260356903076,0.44880715012550354,0.44099360704421997,0.4573432207107544,0.016349613666534424,0.9762037396430969,0.12763521075248718,0.0,0.17126299440860748,0.8287370204925537,408,0.17126299440860748
409,11,2,stable_normal,,0.0034842491149902344,0.4236842393875122,0.4210536479949951,0.42654862999916077,0.005494982004165649,0.9965157508850098,0.12813608348369598,0.0,0.16765202581882477,0.8323479890823364,409,0.16765202581882477
410,11,3,pseudo_anomaly_risk,,0.12776482105255127,0.4185253977775574,0.40197375416755676,0.44791126251220703,0.04593750834465027,0.8722351789474487,0.14955657720565796,0.0,0.2394462376832962,0.760553777217865,410,0.2394462376832962
411,11,4,stable_normal,,0.000993490219116211,0.45577311515808105,0.4565502107143402,0.45505961775779724,0.0014905929565429688,0.9990065097808838,0.12316452711820602,0.0,0.18153080344200134,0.8184691667556763,411,0.18153080344200134
412,11,5,stable_normal,,0.010601699352264404,0.45842215418815613,0.4599996507167816,0.45733264088630676,0.0026670098304748535,0.9893983006477356,0.12423814088106155,0.0,0.1463552862405777,0.8536447286605835,412,0.1463552862405777
413,11,6,stable_normal,,0.004443317651748657,0.46173447370529175,0.46467530727386475,0.45884963870048523,0.005825668573379517,0.9955567121505737,0.12284417450428009,0.0,0.1555604636669159,0.8444395065307617,413,0.1555604636669159
414,11,7,stable_normal,,0.0052290260791778564,0.4626094400882721,0.45888441801071167,0.46626079082489014,0.007376372814178467,0.9947710037231445,0.1228390485048294,0.0,0.17918738722801208,0.8208125829696655,414,0.17918738722801208
415,11,8,stable_normal,,0.00024431943893432617,0.4583827257156372,0.4570187032222748,0.4597374200820923,0.002718716859817505,0.9997556805610657,0.12268581241369247,0.0,0.20102739334106445,0.7989726066589355,415,0.20102739334106445
416,11,9,stable_normal,,0.0006150007247924805,0.4600606858730316,0.46197372674942017,0.45816510915756226,0.00380861759185791,0.9993849992752075,0.12250614166259766,0.0,0.2061205357313156,0.7938794493675232,416,0.2061205357313156
417,11,10,stable_normal,,0.0022510886192321777,0.4645553529262543,0.45789387822151184,0.47085633873939514,0.0129624605178833,0.9977489113807678,0.12212181091308594,0.0,0.16199594736099243,0.8380040526390076,417,0.16199594736099243
418,11,11,lesion_candidate_preserved,,0.07298845052719116,0.4700278043746948,0.4861766993999481,0.4546624422073364,0.031514257192611694,0.9270115494728088,0.13223977386951447,0.0,0.1672818660736084,0.8327181339263916,418,0.1672818660736084
419,11,12,stable_normal,,0.004470348358154297,0.430019736289978,0.4257710874080658,0.4344203472137451,0.008649259805679321,0.9955296516418457,0.12736926972866058,0.0,0.22168342769145966,0.7783165574073792,419,0.22168342769145966
420,11,13,stable_normal,,0.019167453050613403,0.3134705126285553,0.33197566866874695,0.3005494177341461,0.03142625093460083,0.980832576751709,0.1477712243795395,0.0,0.23644910752773285,0.763550877571106,420,0.23644910752773285
421,11,14,pseudo_anomaly_risk,,0.19333761930465698,0.41858866810798645,0.4683077335357666,0.38073012232780457,0.08757761120796204,0.806662380695343,0.1615113466978073,0.0,0.17579300701618195,0.8242070078849792,421,0.17579300701618195
422,11,15,lesion_candidate_preserved,,0.17035576701164246,0.47124364972114563,0.4902261793613434,0.45669493079185486,0.033531248569488525,0.8296442031860352,0.1483563333749771,0.0,0.17321650683879852,0.8267834782600403,422,0.17321650683879852
423,11,16,stable_normal,,0.010446637868881226,0.4247051775455475,0.42032390832901,0.42988672852516174,0.009562820196151733,0.9895533323287964,0.12907150387763977,0.0,0.18337103724479675,0.8166289329528809,423,0.18337103724479675
424,11,17,stable_normal,,0.019602715969085693,0.34995463490486145,0.3370372951030731,0.3622110188007355,0.025173723697662354,0.9803972840309143,0.1419600397348404,0.0,0.25490128993988037,0.7450987100601196,424,0.25490128993988037
425,11,18,stable_normal,,0.025148749351501465,0.36805012822151184,0.3495364189147949,0.3852728605270386,0.03573644161224365,0.9748512506484985,0.14003899693489075,0.0,0.24778515100479126,0.7522148489952087,425,0.24778515100479126
426,11,19,pseudo_anomaly_risk,,0.41616785526275635,0.4060952663421631,0.45935991406440735,0.37840884923934937,0.08095106482505798,0.5838321447372437,0.21064524352550507,0.0,0.21479582786560059,0.7852041721343994,426,0.21479582786560059
427,11,20,stable_normal,,0.007640033960342407,0.46453288197517395,0.4588501453399658,0.47156426310539246,0.012714117765426636,0.99235999584198,0.12293020635843277,0.0,0.16982968151569366,0.8301703333854675,427,0.16982968151569366
428,11,21,lesion_candidate_preserved,,0.00430634617805481,0.4875256419181824,0.4749673306941986,0.5007222294807434,0.0257548987865448,0.9956936836242676,0.11925005912780762,0.0,0.23774944245815277,0.762250542640686,428,0.23774944245815277
429,11,22,stable_normal,,0.003552049398422241,0.4607139825820923,0.4579381048679352,0.4635985493659973,0.005660444498062134,0.9964479207992554,0.12285393476486206,0.0,0.18587684631347656,0.8141231536865234,429,0.18587684631347656
430,11,23,pseudo_anomaly_risk,,0.17037731409072876,0.36615148186683655,0.4361727833747864,0.30209940671920776,0.1340733766555786,0.8296226859092712,0.16649989783763885,0.0,0.2634769380092621,0.7365230321884155,430,0.2634769380092621
431,11,24,noise_sensitive_normal,,0.1407543420791626,0.44769367575645447,0.44814372062683105,0.4551078975200653,0.006964176893234253,0.8592456579208374,0.14703844487667084,0.0,0.1610357165336609,0.8389642834663391,431,0.1610357165336609
432,11,25,stable_normal,,0.006078183650970459,0.45826196670532227,0.4747612178325653,0.4415924847126007,0.0331687331199646,0.9939218163490295,0.1235782727599144,0.0,0.17392785847187042,0.8260721564292908,432,0.17392785847187042
433,11,26,stable_normal,,0.050874412059783936,0.3639785945415497,0.35056421160697937,0.3799296021461487,0.02936539053916931,0.9491255879402161,0.14505718648433685,0.0,0.14025811851024628,0.8597418665885925,433,0.14025811851024628
434,11,27,stable_normal,,0.008998304605484009,0.33172082901000977,0.32796144485473633,0.336314857006073,0.00835341215133667,0.9910017251968384,0.14306111633777618,0.0,0.2688937187194824,0.7311062812805176,434,0.2688937187194824
435,11,28,pseudo_anomaly_risk,,0.08999130129814148,0.4056255519390106,0.3778029680252075,0.4361268877983093,0.05832391977310181,0.9100086688995361,0.14507253468036652,0.0,0.19183765351772308,0.8081623315811157,435,0.19183765351772308
436,11,29,noise_sensitive_normal,,0.2500598430633545,0.4513974189758301,0.4605226218700409,0.4554145932197571,0.0051080286502838135,0.7499401569366455,0.16646085679531097,0.0,0.1969747543334961,0.8030252456665039,436,0.1969747543334961
437,11,30,pseudo_anomaly_risk,,0.15358155965805054,0.42190101742744446,0.38000455498695374,0.4662390351295471,0.08623448014259338,0.8464184403419495,0.1536056250333786,0.0,0.20652467012405396,0.793475329875946,437,0.20652467012405396
438,11,31,stable_normal,,0.016383975744247437,0.4277149736881256,0.4432390630245209,0.4113965928554535,0.03184247016906738,0.9836159944534302,0.12955927848815918,0.0,0.17149001359939575,0.8285099864006042,438,0.17149001359939575
439,11,32,stable_normal,,0.0004406571388244629,0.4603000283241272,0.4623512029647827,0.4582534730434418,0.004097729921340942,0.9995593428611755,0.12244660407304764,0.0,0.20678043365478516,0.7932195663452148,439,0.20678043365478516
440,11,33,pseudo_anomaly_risk,,0.1958751082420349,0.39935359358787537,0.34634852409362793,0.43922746181488037,0.09287893772125244,0.8041248917579651,0.16541939973831177,0.0,0.22624225914478302,0.7737577557563782,440,0.22624225914478302
441,11,34,stable_normal,,0.03031143546104431,0.38379696011543274,0.39737141132354736,0.3757961690425873,0.021575242280960083,0.9696885347366333,0.13844084739685059,0.0,0.2592560052871704,0.7407439947128296,441,0.2592560052871704
442,11,35,stable_normal,,0.02254021167755127,0.30273714661598206,0.3261537253856659,0.28235283493995667,0.04380089044570923,0.9774597883224487,0.15013766288757324,0.0,0.28180384635925293,0.7181961536407471,442,0.28180384635925293
443,11,36,stable_normal,,0.01295614242553711,0.37148845195770264,0.3796766698360443,0.36313509941101074,0.01654157042503357,0.9870438575744629,0.13747870922088623,0.0,0.21748875081539154,0.7825112342834473,443,0.21748875081539154
444,12,0,stable_normal,,0.0008773207664489746,0.46178510785102844,0.46162864565849304,0.46197938919067383,0.00035074353218078613,0.999122679233551,0.1223040372133255,0.0,0.17760895192623138,0.8223910331726074,444,0.17760895192623138
445,12,1,stable_normal,,0.05190110206604004,0.3764421343803406,0.3920874297618866,0.36818361282348633,0.02390381693840027,0.94809889793396,0.14323055744171143,0.0,0.19097363948822021,0.8090263605117798,445,0.19097363948822021
446,12,2,stable_normal,,0.00012761354446411133,0.4558897912502289,0.45543166995048523,0.45635613799095154,0.0009244680404663086,0.9998723864555359,0.12301824241876602,0.0,0.1614113748073578,0.8385885953903198,446,0.1614113748073578
447,12,3,stable_normal,,0.00020819902420043945,0.4564947187900543,0.45639026165008545,0.4566054940223694,0.00021523237228393555,0.9997918009757996,0.12294534593820572,0.0,0.12000556290149689,0.8799944519996643,447,0.12000556290149689
448,12,4,stable_normal,,0.031920790672302246,0.3607465326786041,0.4040910005569458,0.3333605229854584,0.07073047757148743,0.9680792093276978,0.1423337310552597,0.0,0.25086697936058044,0.7491329908370972,448,0.25086697936058044
449,12,5,stable_normal,,0.0003795027732849121,0.4562755823135376,0.4538477063179016,0.45878779888153076,0.00494009256362915,0.9996204972267151,0.12300179153680801,0.0,0.18709485232830048,0.8129051327705383,449,0.18709485232830048
450,12,6,stable_normal,,0.0006657838821411133,0.45969754457473755,0.46367117762565613,0.4556375741958618,0.008033603429794312,0.9993342161178589,0.12256459146738052,0.0,0.16212168335914612,0.8378783464431763,450,0.16212168335914612
451,12,7,stable_normal,,5.307793617248535e-05,0.4579225778579712,0.45801520347595215,0.4578320384025574,0.0001831650733947754,0.9999469518661499,0.12272172421216965,0.0,0.1912558227777481,0.8087441921234131,451,0.1912558227777481
452,12,8,stable_normal,,0.021762937307357788,0.45961448550224304,0.46536755561828613,0.45446714758872986,0.010900408029556274,0.9782370328903198,0.12576502561569214,0.0,0.20640012621879578,0.7935998439788818,452,0.20640012621879578
453,12,9,lesion_candidate_preserved,,0.015160799026489258,0.4804043471813202,0.4835987687110901,0.4775697588920593,0.006029009819030762,0.9848392009735107,0.12183263897895813,0.0,0.17427809536457062,0.8257219195365906,453,0.17427809536457062
454,12,10,stable_normal,,0.07295918464660645,0.4641193151473999,0.4669008255004883,0.46388185024261475,0.003018975257873535,0.9270408153533936,0.13312067091464996,0.0,0.18999360501766205,0.8100063800811768,454,0.18999360501766205
455,12,11,stable_normal,,0.05304199457168579,0.3801227807998657,0.33424147963523865,0.4185585081577301,0.08431702852249146,0.9469580054283142,0.1428373008966446,0.0,0.21430560946464539,0.7856943607330322,455,0.21430560946464539
456,12,12,stable_normal,,0.006928920745849609,0.3972632884979248,0.39005303382873535,0.4068029224872589,0.01674988865852356,0.9930710792541504,0.13257969915866852,0.0,0.1542622298002243,0.8457377552986145,456,0.1542622298002243
457,12,13,stable_normal,,0.007259100675582886,0.416392982006073,0.4267905354499817,0.4063735008239746,0.02041703462600708,0.9927408695220947,0.1297922283411026,0.0,0.186637282371521,0.813362717628479,457,0.186637282371521
458,12,14,stable_normal,,0.04397612810134888,0.30435046553611755,0.30948880314826965,0.30691543221473694,0.002573370933532715,0.9560238718986511,0.15370547771453857,0.0,0.27188780903816223,0.7281122207641602,458,0.27188780903816223
459,12,15,noise_sensitive_normal,,0.39701929688453674,0.42966943979263306,0.4550897479057312,0.42705169320106506,0.028038054704666138,0.6029807329177856,0.20127245783805847,0.0,0.20590165257453918,0.7940983772277832,459,0.20590165257453918
460,12,16,pseudo_anomaly_risk,,0.3734002113342285,0.3504006564617157,0.4566352069377899,0.29003921151161194,0.16659599542617798,0.6265997886657715,0.2128315269947052,0.0,0.26944395899772644,0.7305560111999512,460,0.26944395899772644
461,12,17,lesion_candidate_preserved,,0.004749476909637451,0.47184979915618896,0.46378397941589355,0.4808415174484253,0.01705753803253174,0.9952505230903625,0.12147696316242218,0.0,0.22900390625,0.77099609375,461,0.22900390625
462,12,18,lesion_candidate_preserved,,0.019374161958694458,0.4668976068496704,0.4526626765727997,0.4825345575809479,0.029871881008148193,0.9806258678436279,0.1243637278676033,0.0,0.2031610906124115,0.7968388795852661,462,0.2031610906124115
463,12,19,stable_normal,,0.00012120604515075684,0.4559181034564972,0.45663362741470337,0.45521172881126404,0.001421898603439331,0.9998787641525269,0.12301330268383026,0.0,0.1989065557718277,0.8010934591293335,463,0.1989065557718277
464,12,20,stable_normal,,0.04124504327774048,0.31563833355903625,0.3361591100692749,0.30298539996147156,0.033173710107803345,0.9587549567222595,0.15131458640098572,0.0,0.24459144473075867,0.755408525466919,464,0.24459144473075867
465,12,21,pseudo_anomaly_risk,,0.18797755241394043,0.3638240396976471,0.4109407067298889,0.33001479506492615,0.08092591166496277,0.8120224475860596,0.17035053670406342,0.0,0.20352736115455627,0.7964726686477661,465,0.20352736115455627
466,12,22,lesion_candidate_preserved,,0.20997273921966553,0.485372930765152,0.5215409398078918,0.4568988084793091,0.06464213132858276,0.7900272607803345,0.15304824709892273,0.0,0.20633020997047424,0.7936698198318481,466,0.20633020997047424
467,12,23,stable_normal,,8.255243301391602e-05,0.4561423361301422,0.45695021748542786,0.4553360939025879,0.0016141235828399658,0.9999174475669861,0.12297599762678146,0.0,0.14868076145648956,0.8513192534446716,467,0.14868076145648956
468,12,24,stable_normal,,0.006277948617935181,0.4267979860305786,0.41705939173698425,0.43689218163490295,0.0198327898979187,0.9937220811843872,0.12811680138111115,0.0,0.19914685189723969,0.8008531332015991,468,0.19914685189723969
469,12,25,stable_normal,,0.0028174221515655518,0.4601899981498718,0.46348199248313904,0.4569130837917328,0.00656890869140625,0.9971826076507568,0.12281744182109833,0.0,0.17258335649967194,0.8274166584014893,469,0.17258335649967194
470,12,26,lesion_candidate_preserved,,0.0677528977394104,0.4719531536102295,0.4892851710319519,0.45545661449432373,0.033828556537628174,0.9322471022605896,0.13112099468708038,0.0,0.18406756222248077,0.8159324526786804,470,0.18406756222248077
471,12,27,stable_normal,,0.04117649793624878,0.4612914025783539,0.4672582447528839,0.4564676582813263,0.010790586471557617,0.9588235020637512,0.12851698696613312,0.0,0.19348114728927612,0.8065188527107239,471,0.19348114728927612
472,12,28,stable_normal,,0.04431721568107605,0.36626213788986206,0.3605594336986542,0.3778286576271057,0.017269223928451538,0.9556827545166016,0.14356447756290436,0.0,0.21413666009902954,0.7858633399009705,472,0.21413666009902954
473,12,29,stable_normal,,0.009755313396453857,0.3403218984603882,0.3330163061618805,0.3485136926174164,0.015497386455535889,0.9902446866035461,0.14182119071483612,0.0,0.2518482208251953,0.7481517791748047,473,0.2518482208251953
474,12,30,stable_normal,,0.005299389362335205,0.3897136151790619,0.39908912777900696,0.37982723116874695,0.01926189661026001,0.9947006106376648,0.13345250487327576,0.0,0.13909202814102173,0.8609079718589783,474,0.13909202814102173
475,12,31,pseudo_anomaly_risk,,0.09159967303276062,0.42966216802597046,0.3630741536617279,0.48593688011169434,0.12286272644996643,0.908400297164917,0.14150390028953552,0.0,0.2070128619670868,0.7929871082305908,475,0.2070128619670868
476,12,32,pseudo_anomaly_risk,,0.45950743556022644,0.41459494829177856,0.3674517273902893,0.4629209041595459,0.09546917676925659,0.5404925346374512,0.2189367562532425,0.0,0.23309196531772614,0.7669080495834351,476,0.23309196531772614
477,12,33,lesion_candidate_preserved,,0.0023523569107055664,0.46720296144485474,0.46526655554771423,0.4692900478839874,0.004023492336273193,0.9976476430892944,0.12176761776208878,0.0,0.21832551062107086,0.7816745042800903,477,0.21832551062107086
478,12,34,noise_sensitive_normal,,0.09603458642959595,0.46448808908462524,0.4761374890804291,0.4554107189178467,0.020726770162582397,0.903965413570404,0.1368088722229004,0.0,0.20667436718940735,0.793325662612915,478,0.20667436718940735
479,12,35,stable_normal,1,0.008912473917007446,0.26941126585006714,0.2723320424556732,0.2682449519634247,0.004087090492248535,0.9910875558853149,0.1532861739397049,0.0,0.334192156791687,0.665807843208313,479,0.334192156791687
480,12,36,stable_normal,,0.035739004611968994,0.4104623794555664,0.4270029067993164,0.3962973654270172,0.030705541372299194,0.964260995388031,0.13522979617118835,0.0,0.16985249519348145,0.8301475048065186,480,0.16985249519348145
481,13,0,stable_normal,,0.005281656980514526,0.4537622630596161,0.4513741433620453,0.4563329517841339,0.004958808422088623,0.9947183132171631,0.12409406900405884,0.0,0.22789649665355682,0.772103488445282,481,0.22789649665355682
482,13,1,noise_sensitive_normal,,0.30299094319343567,0.4344751834869385,0.45748740434646606,0.42062345147132874,0.03686395287513733,0.6970090866088867,0.18015316128730774,0.0,0.19388751685619354,0.8061124682426453,482,0.19388751685619354
483,13,2,stable_normal,,0.014584273099899292,0.36332637071609497,0.359207421541214,0.3685266971588135,0.009319275617599487,0.9854156970977783,0.1390148103237152,0.0,0.22201265394687653,0.7779873609542847,483,0.22201265394687653
484,13,3,stable_normal,,0.0018462538719177246,0.4569621980190277,0.4613925516605377,0.4526689946651459,0.008723556995391846,0.9981537461280823,0.12312527745962143,0.0,0.1775667369365692,0.8224332332611084,484,0.1775667369365692
485,13,4,stable_normal,,0.0014019012451171875,0.4629814028739929,0.4575280249118805,0.4685737192630768,0.011045694351196289,0.9985980987548828,0.12221507728099823,0.0,0.16856400668621063,0.8314359784126282,485,0.16856400668621063
486,13,5,stable_normal,,0.00827684998512268,0.4566287100315094,0.4552380442619324,0.4585057199001312,0.0032676756381988525,0.9917231798171997,0.12414076924324036,0.0,0.2020849883556366,0.797914981842041,486,0.2020849883556366
487,13,6,stable_normal,,0.019238561391830444,0.45387688279151917,0.4552219808101654,0.45325756072998047,0.0019644200801849365,0.9807614088058472,0.1262015551328659,0.0,0.18988841772079468,0.8101115822792053,487,0.18988841772079468
488,13,7,lesion_candidate_preserved,,0.0027022361755371094,0.4926275312900543,0.4903966188430786,0.49498236179351807,0.004585742950439453,0.9972977638244629,0.11832111328840256,0.0,0.22622233629226685,0.7737776637077332,488,0.22622233629226685
489,13,8,lesion_candidate_preserved,,0.1861504316329956,0.49548104405403137,0.5322572588920593,0.4652988016605377,0.0669584572315216,0.8138495683670044,0.14714549481868744,0.0,0.23278814554214478,0.7672118544578552,489,0.23278814554214478
490,13,9,stable_normal,,0.00019952654838562012,0.4551597833633423,0.45440608263015747,0.4559256136417389,0.001519531011581421,0.999800443649292,0.1231316402554512,0.0,0.2218131273984909,0.7781868577003479,490,0.2218131273984909
491,13,10,lesion_candidate_preserved,,0.0114554762840271,0.4727870523929596,0.47186264395713806,0.474035382270813,0.0021727383136749268,0.9885445237159729,0.12234403938055038,0.0,0.1945027858018875,0.8054972290992737,491,0.1945027858018875
492,13,11,noise_sensitive_normal,,0.2264884114265442,0.4466070234775543,0.45616602897644043,0.44550657272338867,0.010659456253051758,0.7735115885734558,0.16281329095363617,0.0,0.1922827512025833,0.8077172636985779,492,0.1922827512025833
493,13,12,stable_normal,,4.7266483306884766e-05,0.45674532651901245,0.456540048122406,0.45695218443870544,0.0004121363162994385,0.9999527335166931,0.12288602441549301,0.0,0.12238959223031998,0.8776103854179382,493,0.12238959223031998
494,13,13,stable_normal,,0.013750553131103516,0.4521195888519287,0.4736892879009247,0.4300133287906647,0.04367595911026001,0.9862494468688965,0.1256139725446701,0.0,0.1614610254764557,0.8385390043258667,494,0.1614610254764557
495,13,14,stable_normal,,0.01841437816619873,0.4119442105293274,0.42903783917427063,0.3972793519496918,0.03175848722457886,0.9815856218338013,0.1322169303894043,0.0,0.23823091387748718,0.7617690563201904,495,0.23823091387748718
496,13,15,stable_normal,,0.00011304020881652832,0.456783652305603,0.45691877603530884,0.4566532075405121,0.00026556849479675293,0.9998869895935059,0.12289050221443176,0.051020409911870956,0.16592225432395935,0.8340777158737183,496,0.16592225432395935
497,13,16,stable_normal,,0.056147754192352295,0.413596510887146,0.45252835750579834,0.3715214133262634,0.08100694417953491,0.9438522458076477,0.13809488713741302,0.2142857164144516,0.18127019703388214,0.818729817867279,497,0.18127019703388214
498,13,17,stable_normal,,0.019761741161346436,0.4158211052417755,0.41678375005722046,0.4164411723613739,0.0003425776958465576,0.9802382588386536,0.13185283541679382,0.2857142984867096,0.1962752789258957,0.8037247061729431,498,0.1962752789258957
499,13,18,stable_normal,,6.35981559753418e-05,0.4576289653778076,0.45695582032203674,0.45830264687538147,0.0013468265533447266,0.9999364018440247,0.1227644681930542,0.2857142984867096,0.16652832925319672,0.8334716558456421,499,0.16652832925319672
500,13,19,lesion_candidate_preserved,,0.06654345989227295,0.47427305579185486,0.5120054483413696,0.4153650403022766,0.09664040803909302,0.933456540107727,0.1305861473083496,0.18367347121238708,0.22542037069797516,0.774579644203186,500,0.22542037069797516
501,13,20,lesion_candidate_preserved,,0.1659267246723175,0.4827991724014282,0.4593663215637207,0.5108428001403809,0.051476478576660156,0.8340733051300049,0.14569684863090515,0.0,0.16318835318088531,0.8368116617202759,501,0.16318835318088531
502,13,21,stable_normal,,3.3915042877197266e-05,0.45609670877456665,0.45636361837387085,0.4558317959308624,0.0005318224430084229,0.9999660849571228,0.12297510355710983,0.0,0.1522877812385559,0.8477122187614441,502,0.1522877812385559
503,13,22,stable_normal,,0.00017133355140686035,0.45552006363868713,0.4535715878009796,0.4575038552284241,0.003932267427444458,0.9998286962509155,0.12307675182819366,0.0,0.1620461642742157,0.8379538059234619,503,0.1620461642742157
504,13,23,stable_normal,,4.762411117553711e-05,0.4566165804862976,0.45610636472702026,0.45713159441947937,0.0010252296924591064,0.9999523758888245,0.12290415912866592,0.0,0.17470420897006989,0.8252958059310913,504,0.17470420897006989
505,13,24,stable_normal,,0.07131367921829224,0.4533790946006775,0.4179747700691223,0.4924956262111664,0.07452085614204407,0.9286863207817078,0.134476900100708,0.0,0.21908296644687653,0.7809170484542847,505,0.21908296644687653
506,13,25,stable_normal,,0.0021716952323913574,0.4122418761253357,0.4065978229045868,0.41756516695022583,0.010967344045639038,0.9978283047676086,0.12960435450077057,0.0,0.22016139328479767,0.7798386216163635,506,0.22016139328479767
507,13,26,stable_normal,,8.922815322875977e-05,0.45586079359054565,0.45491474866867065,0.45681411027908325,0.0018993616104125977,0.9999107718467712,0.12301655113697052,0.0,0.18508297204971313,0.8149170279502869,507,0.18508297204971313
508,13,27,stable_normal,,0.030565619468688965,0.3981205224990845,0.36962640285491943,0.42519935965538025,0.055572956800460815,0.969434380531311,0.13627217710018158,0.0,0.25638318061828613,0.7436168193817139,508,0.25638318061828613
509,13,28,lesion_candidate_preserved,,0.05451419949531555,0.47289755940437317,0.48081541061401367,0.46428048610687256,0.016534924507141113,0.9454858303070068,0.1289006620645523,0.0,0.1844508796930313,0.8155491352081299,509,0.1844508796930313
510,13,29,stable_normal,,0.008106589317321777,0.3235663175582886,0.311892032623291,0.33761557936668396,0.025723546743392944,0.9918934106826782,0.14421512186527252,0.0,0.2637617886066437,0.7362382411956787,510,0.2637617886066437
511,13,30,stable_normal,,0.03273022174835205,0.46223723888397217,0.45504695177078247,0.4716833531856537,0.016636401414871216,0.967269778251648,0.12707117199897766,0.0,0.15057379007339478,0.8494262099266052,511,0.15057379007339478
512,13,31,stable_normal,,0.04356801509857178,0.3424072265625,0.3718663156032562,0.31853124499320984,0.05333507061004639,0.9564319849014282,0.14729639887809753,0.0,0.27103862166404724,0.7289613485336304,512,0.27103862166404724
513,13,32,stable_normal,,0.034034907817840576,0.4359089732170105,0.46289387345314026,0.4047556221485138,0.058138251304626465,0.9659650921821594,0.1311303973197937,0.0,0.17658060789108276,0.8234193921089172,513,0.17658060789108276
514,13,33,stable_normal,,0.02266538143157959,0.46051907539367676,0.4789047837257385,0.44287678599357605,0.036027997732162476,0.9773346185684204,0.1257733851671219,0.0,0.1712823361158371,0.8287176489830017,514,0.1712823361158371
515,13,34,stable_normal,,0.00018090009689331055,0.4566778838634491,0.45596858859062195,0.45739519596099854,0.001426607370376587,0.9998190999031067,0.12291551381349564,0.0,0.14256858825683594,0.8574314117431641,515,0.14256858825683594
516,13,35,lesion_candidate_preserved,,0.08856022357940674,0.4947826564311981,0.4836508333683014,0.5096291303634644,0.025978296995162964,0.9114397764205933,0.1310281604528427,0.0,0.17989219725131989,0.8201078176498413,516,0.17989219725131989
517,13,36,lesion_candidate_preserved,,0.054268717765808105,0.48291125893592834,0.4836411774158478,0.4830659329891205,0.0005752444267272949,0.9457312822341919,0.12740527093410492,0.0,0.15558549761772156,0.844414472579956,517,0.15558549761772156
518,14,0,stable_normal,,0.001493692398071289,0.43687498569488525,0.43863943219184875,0.4350365996360779,0.003602832555770874,0.9985063076019287,0.12592408061027527,0.0,0.21369215846061707,0.7863078117370605,518,0.21369215846061707
519,14,1,stable_normal,,0.04434490203857422,0.4415290355682373,0.4238337278366089,0.45744064450263977,0.033606916666030884,0.9556550979614258,0.1319311261177063,0.0,0.21960504353046417,0.780394971370697,519,0.21960504353046417
520,14,2,stable_normal,,0.0803355872631073,0.3874538540840149,0.4065167009830475,0.37018144130706787,0.036335259675979614,0.9196643829345703,0.14634819328784943,0.0,0.1764860451221466,0.8235139846801758,520,0.1764860451221466
521,14,3,noise_sensitive_normal,,0.10871720314025879,0.3952530324459076,0.404433012008667,0.39678090810775757,0.007652103900909424,0.8912827968597412,0.15004535019397736,0.0,0.21235854923725128,0.7876414656639099,521,0.21235854923725128
522,14,4,pseudo_anomaly_risk,,0.1164655089378357,0.4178197383880615,0.3824232220649719,0.45679771900177,0.0743744969367981,0.8835344910621643,0.1476856917142868,0.0,0.13684959709644318,0.863150417804718,522,0.13684959709644318
523,14,5,lesion_candidate_preserved,,0.0754997730255127,0.47192633152008057,0.473224937915802,0.47277069091796875,0.00045424699783325195,0.9245002269744873,0.13235659897327423,0.0,0.16740106046199799,0.8325989246368408,523,0.16740106046199799
524,14,6,lesion_candidate_preserved,,0.023129254579544067,0.5124452710151672,0.4985502362251282,0.5276474952697754,0.029097259044647217,0.9768707752227783,0.11859041452407837,0.0,0.15877512097358704,0.8412249088287354,524,0.15877512097358704
525,14,7,lesion_candidate_preserved,,0.17051127552986145,0.5228549242019653,0.570612370967865,0.4810509979724884,0.08956137299537659,0.8294887542724609,0.14008811116218567,0.0,0.2073153704404831,0.7926846146583557,525,0.2073153704404831
526,14,8,lesion_candidate_preserved,,0.003173530101776123,0.5200403332710266,0.5139750242233276,0.5257530808448792,0.011778056621551514,0.9968264698982239,0.11471328139305115,0.0,0.2167181521654129,0.7832818627357483,526,0.2167181521654129
527,14,9,lesion_candidate_preserved,,0.010690778493881226,0.5345461368560791,0.55789715051651,0.5116027593612671,0.04629439115524292,0.9893091917037964,0.11385837942361832,0.0,0.21538467705249786,0.7846153378486633,527,0.21538467705249786
528,14,10,stable_normal,,0.00011199712753295898,0.45388931035995483,0.45378634333610535,0.45399731397628784,0.00021097064018249512,0.999888002872467,0.12329727411270142,0.0,0.21508482098579407,0.7849152088165283,528,0.21508482098579407
529,14,11,stable_normal,,0.00013810396194458008,0.4571897089481354,0.4558295011520386,0.458545058965683,0.002715557813644409,0.9998618960380554,0.12283723801374435,0.0,0.16877229511737823,0.831227719783783,529,0.16877229511737823
530,14,12,lesion_candidate_preserved,,0.22201889753341675,0.4968920052051544,0.4586619734764099,0.5479316115379333,0.08926963806152344,0.7779811024665833,0.15327386558055878,0.06122449040412903,0.209246426820755,0.7907536029815674,530,0.209246426820755
531,14,13,lesion_candidate_preserved,,0.12285220623016357,0.4926862418651581,0.4755929112434387,0.5153581500053406,0.039765238761901855,0.8771477937698364,0.13687336444854736,0.3877550959587097,0.13218283653259277,0.8678171634674072,531,0.13218283653259277
532,14,14,lesion_candidate_preserved,,0.0713774561882019,0.46989941596984863,0.40755560994148254,0.5082014203071594,0.10064581036567688,0.9286225438117981,0.13200218975543976,0.7755101919174194,0.24001345038414001,0.7599865198135376,532,0.24001345038414001
533,14,15,stable_normal,,0.02308189868927002,0.4374770224094391,0.4253872036933899,0.44992515444755554,0.02453795075416565,0.97691810131073,0.12917569279670715,1.0,0.1799718290567398,0.8200281858444214,533,0.1799718290567398
534,14,16,stable_normal,,0.0020827651023864746,0.46143046021461487,0.4554055631160736,0.4673669934272766,0.011961430311203003,0.9979172348976135,0.12253367155790329,1.0,0.13816966116428375,0.8618303537368774,534,0.13816966116428375
535,14,17,stable_normal,,0.00017380714416503906,0.4589161276817322,0.45870494842529297,0.45913463830947876,0.000429689884185791,0.999826192855835,0.12260051816701889,1.0,0.16832347214221954,0.8316765427589417,535,0.16832347214221954
536,14,18,stable_normal,,0.010194480419158936,0.4659987986087799,0.46065181493759155,0.47207361459732056,0.011421799659729004,0.9898055195808411,0.12310726940631866,1.0,0.19894243776798248,0.8010575771331787,536,0.19894243776798248
537,14,19,lesion_candidate_preserved,,0.10009104013442993,0.47609809041023254,0.5017988085746765,0.45553383231163025,0.046264976263046265,0.8999089598655701,0.1356927454471588,1.0,0.18921209871768951,0.8107879161834717,537,0.18921209871768951
538,14,20,lesion_candidate_preserved,,0.009425699710845947,0.5186582207679749,0.5014795064926147,0.5324048399925232,0.030925333499908447,0.990574300289154,0.11578289419412613,1.0,0.16181114315986633,0.838188886642456,538,0.16181114315986633
539,14,21,noise_sensitive_normal,,0.1002122163772583,0.4533218443393707,0.45049676299095154,0.45986270904541016,0.009365946054458618,0.8997877836227417,0.1392299085855484,1.0,0.1557905226945877,0.8442094922065735,539,0.1557905226945877
540,14,22,stable_normal,,3.635883331298828e-05,0.4568049907684326,0.45733872056007385,0.4562740623950958,0.0010646581649780273,0.999963641166687,0.12287601828575134,1.0,0.1327914446592331,0.8672085404396057,540,0.1327914446592331
541,14,23,stable_normal,,0.006918966770172119,0.46323755383491516,0.46960559487342834,0.4567895829677582,0.012816011905670166,0.9930810332298279,0.12300410121679306,0.9591836929321289,0.1629117876291275,0.8370882272720337,541,0.1629117876291275
542,14,24,stable_normal,,0.0023483633995056152,0.45213958621025085,0.44851580262184143,0.4557048976421356,0.0071890950202941895,0.9976516366004944,0.12388081103563309,0.8571428656578064,0.15853993594646454,0.8414600491523743,542,0.15853993594646454
543,14,25,lesion_candidate_preserved,,0.00667998194694519,0.5160114169120789,0.5030171275138855,0.5320953130722046,0.029078185558319092,0.9933199882507324,0.11574514210224152,0.7551020383834839,0.2083323746919632,0.791667640209198,543,0.2083323746919632
544,14,26,lesion_candidate_preserved,,0.22632813453674316,0.4838634431362152,0.46973803639411926,0.5021213293075562,0.03238329291343689,0.7736718654632568,0.15627728402614594,0.26530611515045166,0.18779441714286804,0.8122055530548096,544,0.18779441714286804
545,14,27,stable_normal,,0.07543313503265381,0.3740333914756775,0.40575093030929565,0.3377460837364197,0.06800484657287598,0.9245668649673462,0.14768575131893158,0.0,0.2652772068977356,0.7347227931022644,545,0.2652772068977356
546,14,28,stable_normal,,0.0003421306610107422,0.4581198990345001,0.46001070737838745,0.45622846484184265,0.0037822425365448,0.9996578693389893,0.12273731082677841,0.0,0.19387836754322052,0.8061216473579407,546,0.19387836754322052
547,14,29,stable_normal,,0.002197742462158203,0.4523710012435913,0.45579099655151367,0.4491649866104126,0.006626009941101074,0.9978022575378418,0.12382537126541138,0.0,0.16646528244018555,0.8335347175598145,547,0.16646528244018555
548,14,30,stable_normal,,0.008383691310882568,0.4502546787261963,0.44180697202682495,0.4591448903083801,0.017337918281555176,0.9916163086891174,0.1250625103712082,0.0,0.1691814512014389,0.8308185338973999,548,0.1691814512014389
549,14,31,stable_normal,,0.010080516338348389,0.4022394120693207,0.38093698024749756,0.42302894592285156,0.042091965675354004,0.9899194836616516,0.1323382556438446,0.0,0.249704048037529,0.7502959370613098,549,0.249704048037529
550,14,32,lesion_candidate_preserved,,0.0037061572074890137,0.4753214716911316,0.4744938910007477,0.47628071904182434,0.0017868280410766602,0.996293842792511,0.12084107846021652,0.0,0.1825844794511795,0.8174155354499817,550,0.1825844794511795
551,14,33,lesion_candidate_preserved,,0.025279581546783447,0.4775344133377075,0.47744566202163696,0.47821301221847534,0.0007673501968383789,0.9747204184532166,0.12375013530254364,0.0,0.1986883282661438,0.8013116717338562,551,0.1986883282661438
552,14,34,lesion_candidate_preserved,,0.02979379892349243,0.47796282172203064,0.48710712790489197,0.46981921792030334,0.017287909984588623,0.9702062010765076,0.12437134236097336,0.0,0.17315150797367096,0.8268485069274902,552,0.17315150797367096
553,14,35,lesion_candidate_preserved,,0.0028450191020965576,0.5115092992782593,0.5185878872871399,0.5041027069091797,0.014485180377960205,0.997154951095581,0.11579979956150055,0.0,0.24228742718696594,0.7577126026153564,553,0.24228742718696594
554,14,36,lesion_candidate_preserved,,0.027648836374282837,0.48603877425193787,0.48232612013816833,0.49042946100234985,0.008103340864181519,0.9723511934280396,0.12290855497121811,0.0,0.22022852301597595,0.7797714471817017,554,0.22022852301597595
555,15,0,stable_normal,,0.010476619005203247,0.45331254601478577,0.46311935782432556,0.4428554177284241,0.02026394009590149,0.9895234107971191,0.12494505196809769,0.0,0.22563154995441437,0.7743684649467468,555,0.22563154995441437
556,15,1,pseudo_anomaly_risk,,0.1759296953678131,0.43579456210136414,0.4053891599178314,0.47447291016578674,0.06908375024795532,0.8240703344345093,0.1552988439798355,0.0,0.2275438755750656,0.7724561095237732,556,0.2275438755750656
557,15,2,stable_normal,,0.02801048755645752,0.3968554139137268,0.4029048681259155,0.3928738534450531,0.010031014680862427,0.9719895124435425,0.13604827225208282,0.0,0.1825580894947052,0.8174419403076172,557,0.1825580894947052
558,15,3,stable_normal,,0.010742902755737305,0.3663029968738556,0.361637145280838,0.3717852532863617,0.010148108005523682,0.9892570972442627,0.13791540265083313,0.0,0.18598291277885437,0.8140170574188232,558,0.18598291277885437
559,15,4,pseudo_anomaly_risk,,0.3198225200176239,0.420475035905838,0.3949214518070221,0.455863893032074,0.06094244122505188,0.6801774501800537,0.18638379871845245,0.0,0.1744404286146164,0.8255595564842224,559,0.1744404286146164
560,15,5,lesion_candidate_preserved,,0.037054598331451416,0.4868814945220947,0.4713404178619385,0.5069451332092285,0.03560471534729004,0.9629454016685486,0.12420538067817688,0.0,0.16263312101364136,0.8373668789863586,560,0.16263312101364136
561,15,6,lesion_candidate_preserved,,0.14235952496528625,0.47853323817253113,0.5068441033363342,0.454303115606308,0.052540987730026245,0.8576405048370361,0.14234383404254913,0.0,0.16396567225456238,0.8360342979431152,561,0.16396567225456238
562,15,7,lesion_candidate_preserved,,0.007645308971405029,0.5104700326919556,0.5059517025947571,0.5150666236877441,0.00911492109298706,0.992354691028595,0.11662408709526062,0.0,0.20348674058914185,0.7965132594108582,562,0.20348674058914185
563,15,8,lesion_candidate_preserved,,0.00349465012550354,0.4697878360748291,0.47778600454330444,0.4617161750793457,0.01606982946395874,0.9965053796768188,0.12157749384641647,0.0,0.2254406213760376,0.7745593786239624,563,0.2254406213760376
564,15,9,stable_normal,,5.21540641784668e-05,0.4564898610115051,0.4559960663318634,0.4569873511791229,0.0009912848472595215,0.9999478459358215,0.1229226291179657,0.0,0.15226541459560394,0.8477345705032349,564,0.15226541459560394
565,15,10,stable_normal,,0.06947457790374756,0.3997114598751068,0.4236584007740021,0.3820136487483978,0.04164475202560425,0.9305254220962524,0.14251017570495605,0.0714285746216774,0.23951874673366547,0.7604812383651733,565,0.23951874673366547
566,15,11,stable_normal,,0.016345351934432983,0.3871587812900543,0.3994564414024353,0.37693801522254944,0.022518426179885864,0.9836546182632446,0.1356276124715805,0.8775510191917419,0.2582117021083832,0.7417882680892944,566,0.2582117021083832
567,15,12,stable_normal,,5.823373794555664e-05,0.455978125333786,0.45507335662841797,0.4568873643875122,0.0018140077590942383,0.9999417662620544,0.12299542874097824,1.0,0.11519809067249298,0.8848019242286682,567,0.11519809067249298
568,15,13,lesion_candidate_preserved,,0.2213006317615509,0.48462384939193726,0.45622891187667847,0.5243129134178162,0.0680840015411377,0.7786993980407715,0.15522821247577667,1.0,0.1776493638753891,0.8223506212234497,568,0.1776493638753891
569,15,14,lesion_candidate_preserved,,0.007609516382217407,0.49447423219680786,0.49914681911468506,0.489668071269989,0.009478747844696045,0.992390513420105,0.11878249794244766,1.0,0.16422198712825775,0.835777997970581,569,0.16422198712825775
570,15,15,stable_normal,,3.343820571899414e-05,0.45756733417510986,0.4570591449737549,0.4580783545970917,0.001019209623336792,0.999966561794281,0.12276860326528549,1.0,0.15646687150001526,0.8435331583023071,570,0.15646687150001526
571,15,16,stable_normal,,0.0001099705696105957,0.4571271240711212,0.45693838596343994,0.4573206305503845,0.0003822445869445801,0.9998900294303894,0.12284181267023087,1.0,0.1236809641122818,0.8763190507888794,571,0.1236809641122818
572,15,17,stable_normal,,0.05429157614707947,0.4564611315727234,0.4903145730495453,0.41403311491012573,0.07628145813941956,0.9457083940505981,0.13128836452960968,1.0,0.22466817498207092,0.7753318548202515,572,0.22466817498207092
573,15,18,stable_normal,,4.303455352783203e-05,0.45733171701431274,0.456487238407135,0.45818156003952026,0.001694321632385254,0.9999569654464722,0.12280309945344925,1.0,0.13185352087020874,0.8681464791297913,573,0.13185352087020874
574,15,19,lesion_candidate_preserved,,0.21630793809890747,0.4759441316127777,0.4359967112541199,0.5266292691230774,0.09063255786895752,0.7836920619010925,0.15580157935619354,1.0,0.19992677867412567,0.8000732064247131,574,0.19992677867412567
575,15,20,lesion_candidate_preserved,,0.006467878818511963,0.5110045075416565,0.5118851661682129,0.5100585222244263,0.001826643943786621,0.993532121181488,0.11638396233320236,1.0,0.19353368878364563,0.8064663410186768,575,0.19353368878364563
576,15,21,lesion_candidate_preserved,,0.02142465114593506,0.46848413348197937,0.4815579950809479,0.45648056268692017,0.02507743239402771,0.9785753488540649,0.12444906681776047,1.0,0.13616034388542175,0.8638396263122559,576,0.13616034388542175
577,15,22,stable_normal,,0.06537619233131409,0.4666096568107605,0.4707293212413788,0.4652264714241028,0.005502849817276001,0.9346238374710083,0.13153813779354095,1.0,0.1860845983028412,0.8139153718948364,577,0.1860845983028412
578,15,23,stable_normal,,8.45789909362793e-05,0.4570484459400177,0.45716556906700134,0.45693454146385193,0.00023102760314941406,0.9999154210090637,0.12284906953573227,1.0,0.15428271889686584,0.8457173109054565,578,0.15428271889686584
579,15,24,pseudo_anomaly_risk,,0.24618297815322876,0.44772881269454956,0.41672447323799133,0.46004718542099,0.04332271218299866,0.7538170218467712,0.16637621819972992,1.0,0.22669705748558044,0.7733029127120972,579,0.22669705748558044
580,15,25,noise_sensitive_normal,,0.1461927592754364,0.4512053430080414,0.467009961605072,0.4424811601638794,0.024528801441192627,0.8538072109222412,0.1474131941795349,1.0,0.19152995944023132,0.8084700107574463,580,0.19152995944023132
581,15,26,lesion_candidate_preserved,,0.022471189498901367,0.4868752360343933,0.5283194184303284,0.4479462802410126,0.0803731381893158,0.9775288105010986,0.12201809138059616,1.0,0.1554083228111267,0.8445916771888733,581,0.1554083228111267
582,15,27,pseudo_anomaly_risk,,0.46239814162254333,0.43768608570098877,0.45510146021842957,0.41179171204566956,0.04330974817276001,0.5376018285751343,0.21451334655284882,0.051020409911870956,0.27173689007759094,0.7282631397247314,582,0.27173689007759094
583,15,28,lesion_candidate_preserved,,0.09060084819793701,0.482712984085083,0.4647063910961151,0.49981412291526794,0.03510773181915283,0.909399151802063,0.13315553963184357,0.0,0.14028620719909668,0.8597137928009033,583,0.14028620719909668
584,15,29,pseudo_anomaly_risk,,0.2634885311126709,0.4218069612979889,0.40730157494544983,0.4574320316314697,0.0501304566860199,0.7365114688873291,0.17455044388771057,0.0,0.16583895683288574,0.8341610431671143,584,0.16583895683288574
585,15,30,stable_normal,,0.00875246524810791,0.45239973068237305,0.47100311517715454,0.4333971440792084,0.03760597109794617,0.9912475347518921,0.12481309473514557,0.0,0.16729971766471863,0.832700252532959,585,0.16729971766471863
586,15,31,noise_sensitive_normal,,0.10546335577964783,0.4581660330295563,0.46309909224510193,0.4578230381011963,0.00527605414390564,0.8945366144180298,0.13934849202632904,0.0,0.19222235679626465,0.8077776432037354,586,0.19222235679626465
587,15,32,pseudo_anomaly_risk,,0.14246225357055664,0.45888787508010864,0.4290015697479248,0.4917016327381134,0.0627000629901886,0.8575377464294434,0.1455141007900238,0.0,0.19437859952449799,0.8056213855743408,587,0.19437859952449799
588,15,33,stable_normal,,0.001000910997390747,0.4596700370311737,0.46155011653900146,0.45794007182121277,0.0036100447177886963,0.9989991188049316,0.12261854112148285,0.0,0.20862874388694763,0.79137122631073,588,0.20862874388694763
589,15,34,lesion_candidate_preserved,,0.002939939498901367,0.493868350982666,0.5000439882278442,0.4871317744255066,0.012912213802337646,0.9970600605010986,0.11818704009056091,0.0,0.2416439950466156,0.758355975151062,589,0.2416439950466156
590,15,35,lesion_candidate_preserved,,0.04648202657699585,0.47800716757774353,0.4758245646953583,0.4816494882106781,0.005824923515319824,0.9535179734230042,0.12691304087638855,0.0,0.19150587916374207,0.8084940910339355,590,0.19150587916374207
591,15,36,noise_sensitive_normal,,0.12490534782409668,0.456977903842926,0.4452933371067047,0.4789048433303833,0.03361150622367859,0.8750946521759033,0.14281034469604492,0.0,0.21551115810871124,0.78448885679245,591,0.21551115810871124
592,16,0,stable_normal,,0.004122018814086914,0.4582664668560028,0.460210919380188,0.45646244287490845,0.003748476505279541,0.9958779811859131,0.12328347563743591,0.0,0.22420363128185272,0.7757963538169861,592,0.22420363128185272
593,16,1,noise_sensitive_normal,,0.21169111132621765,0.456000417470932,0.4707912504673004,0.4542229473590851,0.016568303108215332,0.78830885887146,0.1583915650844574,0.0,0.20592011511325836,0.7940798997879028,593,0.20592011511325836
594,16,2,stable_normal,,0.05773133039474487,0.4291478991508484,0.40839967131614685,0.45571446418762207,0.04731479287147522,0.9422686696052551,0.1359599530696869,0.0,0.20872588455677032,0.7912741303443909,594,0.20872588455677032
595,16,3,pseudo_anomaly_risk,,0.22132647037506104,0.38680434226989746,0.46054115891456604,0.33118635416030884,0.1293548047542572,0.778673529624939,0.17268379032611847,0.0,0.14581254124641418,0.8541874885559082,595,0.14581254124641418
596,16,4,stable_normal,,0.00010722875595092773,0.45586299896240234,0.45527154207229614,0.4564579129219055,0.001186370849609375,0.9998927712440491,0.12301893532276154,0.0,0.14980334043502808,0.8501966595649719,596,0.14980334043502808
597,16,5,lesion_candidate_preserved,,0.08580544590950012,0.49784982204437256,0.5123417377471924,0.4848968982696533,0.027444839477539062,0.9141945838928223,0.13013990223407745,0.0,0.2106863409280777,0.7893136739730835,597,0.2106863409280777
598,16,6,lesion_candidate_preserved,,0.005461305379867554,0.5134036540985107,0.5128269791603088,0.5138523578643799,0.001025378704071045,0.9945386648178101,0.11591954529285431,0.0,0.22709611058235168,0.7729039192199707,598,0.22709611058235168
599,16,7,lesion_candidate_preserved,,0.02798578143119812,0.5042691826820374,0.5149897336959839,0.4948814809322357,0.02010825276374817,0.9720141887664795,0.12042122334241867,0.0,0.2099984586238861,0.7900015115737915,599,0.2099984586238861
600,16,8,stable_normal,,0.0007930397987365723,0.45916834473609924,0.463211327791214,0.45511582493782043,0.008095502853393555,0.9992069602012634,0.12265776842832565,0.0,0.17219766974449158,0.827802300453186,600,0.17219766974449158
601,16,9,lesion_candidate_preserved,,0.006221801042556763,0.49946045875549316,0.505381166934967,0.4937845468521118,0.011596620082855225,0.9937782287597656,0.11790362745523453,0.0,0.22080743312835693,0.7791925668716431,601,0.22080743312835693
602,16,10,lesion_candidate_preserved,,0.009112894535064697,0.5046395659446716,0.5203115344047546,0.4879142940044403,0.03239724040031433,0.9908871054649353,0.11762024462223053,0.1428571492433548,0.24092432856559753,0.7590756416320801,602,0.24092432856559753
603,16,11,stable_normal,,0.013781487941741943,0.39681655168533325,0.41313350200653076,0.3828354775905609,0.03029802441596985,0.9862185120582581,0.13374625146389008,1.0,0.23899981379508972,0.7610001564025879,603,0.23899981379508972
604,16,12,stable_normal,,5.3763389587402344e-05,0.45603251457214355,0.45586448907852173,0.45620232820510864,0.00033783912658691406,0.9999462366104126,0.12298712134361267,1.0,0.22329530119895935,0.7767046689987183,604,0.22329530119895935
605,16,13,lesion_candidate_preserved,,0.027072668075561523,0.4697975218296051,0.4632841944694519,0.47683781385421753,0.013553619384765625,0.9729273319244385,0.12511958181858063,1.0,0.1583411693572998,0.8416588306427002,605,0.1583411693572998
606,16,14,stable_normal,,4.455447196960449e-05,0.4569717347621918,0.45639511942863464,0.45755451917648315,0.0011593997478485107,0.999955415725708,0.1228538453578949,1.0,0.21472051739692688,0.7852795124053955,606,0.21472051739692688
607,16,15,noise_sensitive_normal,,0.14188528060913086,0.46578848361968994,0.48810356855392456,0.45154228806495667,0.036561280488967896,0.8581147193908691,0.14430104196071625,1.0,0.1708025187253952,0.8291974663734436,607,0.1708025187253952
608,16,16,pseudo_anomaly_risk,,0.24180275201797485,0.38928815722465515,0.458516001701355,0.3379085063934326,0.12060749530792236,0.7581972479820251,0.17631733417510986,1.0,0.2500045895576477,0.7499954104423523,608,0.2500045895576477
609,16,17,pseudo_anomaly_risk,,0.15355023741722107,0.4327368140220642,0.45651906728744507,0.40907788276672363,0.047441184520721436,0.8464497327804565,0.151774063706398,1.0,0.18367376923561096,0.8163262605667114,609,0.18367376923561096
610,16,18,lesion_candidate_preserved,,0.02884507179260254,0.4856877028942108,0.4782498776912689,0.49376410245895386,0.015514224767684937,0.9711549282073975,0.12313728034496307,1.0,0.22920159995555878,0.77079838514328,610,0.22920159995555878
611,16,19,lesion_candidate_preserved,,0.003447234630584717,0.5127394199371338,0.5250018835067749,0.5004651546478271,0.024536728858947754,0.9965527653694153,0.11572146415710449,1.0,0.1738145649433136,0.8261854648590088,611,0.1738145649433136
612,16,20,lesion_candidate_preserved,,0.011146247386932373,0.5054544806480408,0.5043869018554688,0.5063925981521606,0.0020056962966918945,0.9888537526130676,0.11780353635549545,1.0,0.19681112468242645,0.8031888604164124,612,0.19681112468242645
613,16,21,stable_normal,,0.0016722679138183594,0.4514908194541931,0.4576871395111084,0.44536444544792175,0.012322694063186646,0.9983277320861816,0.12387052178382874,1.0,0.21233582496643066,0.7876641750335693,613,0.21233582496643066
614,16,22,stable_normal,,0.0389329195022583,0.4646284282207489,0.43866580724716187,0.4928065240383148,0.054140716791152954,0.9610670804977417,0.12768326699733734,1.0,0.10209190100431442,0.897908091545105,614,0.10209190100431442
615,16,23,pseudo_anomaly_risk,,0.3659954369068146,0.43742552399635315,0.40932419896125793,0.45283079147338867,0.04350659251213074,0.6340045928955078,0.1928521990776062,1.0,0.2432502806186676,0.7567497491836548,615,0.2432502806186676
616,16,24,stable_normal,,0.005329489707946777,0.4256214499473572,0.41839340329170227,0.4326097369194031,0.014216333627700806,0.9946705102920532,0.12814070284366608,1.0,0.18321852385997772,0.8167814612388611,616,0.18321852385997772
617,16,25,lesion_candidate_preserved,,0.01209878921508789,0.475452721118927,0.48213836550712585,0.4693232774734497,0.012815088033676147,0.9879012107849121,0.12206750363111496,1.0,0.20080986618995667,0.7991901636123657,617,0.20080986618995667
618,16,26,lesion_candidate_preserved,,0.01242169737815857,0.5088556408882141,0.516334593296051,0.501760721206665,0.014573872089385986,0.987578272819519,0.11752767115831375,1.0,0.1863146424293518,0.8136853575706482,618,0.1863146424293518
619,16,27,lesion_candidate_preserved,,0.004542618989944458,0.4972486197948456,0.5025197267532349,0.492235004901886,0.010284721851348877,0.9954574108123779,0.11796051263809204,0.1428571492433548,0.18545272946357727,0.8145473003387451,619,0.18545272946357727
620,16,28,stable_normal,,0.01287996768951416,0.4399484395980835,0.45537760853767395,0.42337527871131897,0.03200232982635498,0.9871200323104858,0.12723112106323242,0.0,0.20209074020385742,0.7979092597961426,620,0.20209074020385742
621,16,29,stable_normal,,0.0216180682182312,0.4129582941532135,0.4189562201499939,0.4088153839111328,0.010140836238861084,0.9783819317817688,0.13257668912410736,0.0,0.13263069093227386,0.8673692941665649,621,0.13263069093227386
622,16,30,stable_normal,,0.02871602773666382,0.40250712633132935,0.42918431758880615,0.3774571120738983,0.05172720551490784,0.9712839722633362,0.13530004024505615,0.0,0.23492783308029175,0.7650721669197083,622,0.23492783308029175
623,16,31,stable_normal,,0.04728883504867554,0.4427259862422943,0.44155070185661316,0.44639256596565247,0.004841864109039307,0.9527111649513245,0.13222146034240723,0.0,0.18675866723060608,0.8132413625717163,623,0.18675866723060608
624,16,32,stable_normal,,0.01307743787765503,0.4534832239151001,0.47839632630348206,0.4258633553981781,0.052532970905303955,0.986922562122345,0.12531644105911255,0.0,0.20441536605358124,0.7955846190452576,624,0.20441536605358124
625,16,33,stable_normal,,0.030154526233673096,0.4480185806751251,0.43918079137802124,0.45628073811531067,0.01709994673728943,0.9698454737663269,0.12873761355876923,0.0,0.19790774583816528,0.8020922541618347,625,0.19790774583816528
626,16,34,stable_normal,,0.009502112865447998,0.428498238325119,0.4354953169822693,0.4223039746284485,0.0131913423538208,0.990497887134552,0.12837019562721252,0.0,0.23380190134048462,0.7661980986595154,626,0.23380190134048462
627,16,35,stable_normal,,0.05056324601173401,0.4550114572048187,0.4658520519733429,0.4464145600795746,0.01943749189376831,0.9494367837905884,0.1309131681919098,0.0,0.19649113714694977,0.8035088777542114,627,0.19649113714694977
628,16,36,stable_normal,,0.06726276874542236,0.4310940206050873,0.48121339082717896,0.37505364418029785,0.1061597466468811,0.9327372312545776,0.13722336292266846,0.0,0.22584666311740875,0.7741533517837524,628,0.22584666311740875
629,17,0,stable_normal,,0.008450686931610107,0.4635268449783325,0.4683506190776825,0.45909175276756287,0.009258866310119629,0.9915493130683899,0.12319324165582657,0.0,0.21456067264080048,0.7854393124580383,629,0.21456067264080048
630,17,1,lesion_candidate_preserved,,0.022726714611053467,0.46721261739730835,0.47359636425971985,0.4625250995159149,0.011071264743804932,0.9772732853889465,0.12482720613479614,0.0,0.21471932530403137,0.785280704498291,630,0.21471932530403137
631,17,2,pseudo_anomaly_risk,,0.18109244108200073,0.430463045835495,0.46062740683555603,0.39336472749710083,0.0672626793384552,0.8189075589179993,0.15716014802455902,0.0,0.20725642144680023,0.7927435636520386,631,0.20725642144680023
632,17,3,pseudo_anomaly_risk,,0.1542348861694336,0.41615304350852966,0.38816654682159424,0.4566498398780823,0.06848329305648804,0.8457651138305664,0.15470018982887268,0.0,0.17694871127605438,0.8230512738227844,632,0.17694871127605438
633,17,4,noise_sensitive_normal,,0.35335344076156616,0.4352414309978485,0.4483027458190918,0.4441227912902832,0.004179954528808594,0.6466465592384338,0.19057025015354156,0.0,0.2321494072675705,0.7678505778312683,633,0.2321494072675705
634,17,5,lesion_candidate_preserved,,0.004334747791290283,0.5190008282661438,0.5219835042953491,0.515756368637085,0.00622713565826416,0.9956652522087097,0.11501503735780716,0.0,0.2155953198671341,0.7844046950340271,634,0.2155953198671341
635,17,6,lesion_candidate_preserved,,0.1943630576133728,0.49968647956848145,0.5488344430923462,0.457881361246109,0.09095308184623718,0.8056369423866272,0.14789213240146637,0.0,0.21997304260730743,0.7800269722938538,635,0.21997304260730743
636,17,7,lesion_candidate_preserved,,0.004521071910858154,0.5103991627693176,0.5204243659973145,0.5006749033927917,0.019749462604522705,0.9954789280891418,0.11618693917989731,0.0,0.23109892010688782,0.7689011096954346,636,0.23109892010688782
637,17,8,stable_normal,,0.016895174980163574,0.45980846881866455,0.4704017639160156,0.4494223892688751,0.020979374647140503,0.9831048250198364,0.12499538064002991,0.0,0.1717412769794464,0.828258752822876,637,0.1717412769794464
638,17,9,lesion_candidate_preserved,3,0.008236199617385864,0.5372459888458252,0.5350098013877869,0.5393184423446655,0.004308640956878662,0.9917638301849365,0.11316125839948654,0.0,0.24285370111465454,0.7571462988853455,638,0.24285370111465454
639,17,10,lesion_candidate_preserved,,0.0049225687980651855,0.49083054065704346,0.5014526844024658,0.47963854670524597,0.02181413769721985,0.9950774312019348,0.11888837814331055,0.11224489659070969,0.1887265294790268,0.811273455619812,639,0.1887265294790268
640,17,11,lesion_candidate_preserved,,0.016081035137176514,0.5172522068023682,0.486383318901062,0.5476825833320618,0.061299264430999756,0.9839189648628235,0.11692224442958832,1.0,0.17937006056308746,0.8206299543380737,640,0.17937006056308746
641,17,12,lesion_candidate_preserved,,0.002097398042678833,0.4884621202945709,0.49067437648773193,0.48620206117630005,0.004472315311431885,0.9979026317596436,0.11880023032426834,1.0,0.23376893997192383,0.7662310600280762,641,0.23376893997192383
642,17,13,stable_normal,,0.011021912097930908,0.46318838000297546,0.4617365300655365,0.46467721462249756,0.0029406845569610596,0.9889780879020691,0.12362752109766006,1.0,0.19155557453632355,0.8084444403648376,642,0.19155557453632355
643,17,14,stable_normal,,0.04271620512008667,0.4560258686542511,0.47681233286857605,0.43934473395347595,0.0374675989151001,0.9572837948799133,0.12952817976474762,1.0,0.15302817523479462,0.8469718098640442,643,0.15302817523479462
644,17,15,lesion_candidate_preserved,,0.1365433633327484,0.5110504627227783,0.5427414178848267,0.48602741956710815,0.056713998317718506,0.8634566068649292,0.13629668951034546,1.0,0.2162526696920395,0.7837473154067993,644,0.2162526696920395
645,17,16,stable_normal,,0.00012135505676269531,0.4598931074142456,0.45793262124061584,0.46185699105262756,0.003924369812011719,0.9998786449432373,0.12245586514472961,1.0,0.1996757984161377,0.8003242015838623,645,0.1996757984161377
646,17,17,stable_normal,,0.023310422897338867,0.4231443405151367,0.42676785588264465,0.42148977518081665,0.005278080701828003,0.9766895771026611,0.13132648169994354,1.0,0.23200833797454834,0.7679916620254517,646,0.23200833797454834
647,17,18,pseudo_anomaly_risk,,0.3066730499267578,0.41633841395378113,0.45592182874679565,0.38517454266548157,0.07074728608131409,0.6933269500732422,0.18443721532821655,1.0,0.21167871356010437,0.7883212566375732,647,0.21167871356010437
648,17,19,lesion_candidate_preserved,,0.0008545815944671631,0.4778403043746948,0.47321197390556335,0.4825194776058197,0.009307503700256348,0.9991453886032104,0.1200735867023468,1.0,0.17706115543842316,0.822938859462738,648,0.17706115543842316
649,17,20,pseudo_anomaly_risk,,0.2163202166557312,0.4267835021018982,0.4565306305885315,0.40257301926612854,0.053957611322402954,0.7836797833442688,0.16441261768341064,1.0,0.22699682414531708,0.7730031609535217,649,0.22699682414531708
650,17,21,pseudo_anomaly_risk,,0.3071959614753723,0.4256114065647125,0.4555521607398987,0.40924179553985596,0.046310365200042725,0.6928040385246277,0.182735875248909,1.0,0.1791343092918396,0.8208656907081604,650,0.1791343092918396
651,17,22,lesion_candidate_preserved,,0.0018085241317749023,0.4778164327144623,0.47913748025894165,0.47666609287261963,0.0024713873863220215,0.9981914758682251,0.12021701782941818,1.0,0.2091233730316162,0.7908766269683838,651,0.2091233730316162
652,17,23,lesion_candidate_preserved,,0.039486318826675415,0.4831544756889343,0.44947901368141174,0.5122544765472412,0.06277546286582947,0.960513710975647,0.12510386109352112,1.0,0.19174519181251526,0.8082548379898071,652,0.19174519181251526
653,17,24,lesion_candidate_preserved,,0.2614564299583435,0.4686976373195648,0.48792314529418945,0.46142616868019104,0.026496976613998413,0.7385435700416565,0.16553424298763275,1.0,0.1901889443397522,0.8098110556602478,653,0.1901889443397522
654,17,25,stable_normal,,0.0001448988914489746,0.45596709847450256,0.45607900619506836,0.45586177706718445,0.00021722912788391113,0.999855101108551,0.12300995737314224,1.0,0.15339986979961395,0.8466001152992249,654,0.15339986979961395
655,17,26,lesion_candidate_preserved,,0.2469404935836792,0.4832555949687958,0.515648365020752,0.4589995741844177,0.05664879083633423,0.7530595064163208,0.16019859910011292,1.0,0.2338482141494751,0.7661517858505249,655,0.2338482141494751
656,17,27,stable_normal,,0.00636899471282959,0.42497846484184265,0.4326814115047455,0.4173586964607239,0.015322715044021606,0.9936310052871704,0.1283959001302719,0.41326528787612915,0.18951162695884705,0.8104883432388306,656,0.18951162695884705
657,17,28,pseudo_anomaly_risk,,0.24219867587089539,0.420664519071579,0.4671792984008789,0.3928399980068207,0.07433930039405823,0.7578012943267822,0.1705382615327835,0.0,0.15664377808570862,0.8433562517166138,657,0.15664377808570862
658,17,29,pseudo_anomaly_risk,,0.20234495401382446,0.4661071002483368,0.4794435203075409,0.41652336716651917,0.06292015314102173,0.7976550459861755,0.15493619441986084,0.0,0.21058587729930878,0.78941410779953,658,0.21058587729930878
659,17,30,pseudo_anomaly_risk,,0.2088870406150818,0.4034825563430786,0.4566870331764221,0.3474220335483551,0.10926499962806702,0.7911129593849182,0.16718120872974396,0.0,0.204769566655159,0.7952304482460022,659,0.204769566655159
660,17,31,stable_normal,,0.015110105276107788,0.4558655321598053,0.46015220880508423,0.4520264267921448,0.008125782012939453,0.9848898649215698,0.1252860128879547,0.0,0.1446227729320526,0.855377197265625,660,0.1446227729320526
661,17,32,stable_normal,,0.0279790461063385,0.4546540379524231,0.44380152225494385,0.465638667345047,0.02183714509010315,0.9720209836959839,0.12743473052978516,0.0,0.15147055685520172,0.8485294580459595,661,0.15147055685520172
662,17,33,stable_normal,,0.0037381649017333984,0.46023592352867126,0.4655953049659729,0.45481806993484497,0.01077723503112793,0.9962618350982666,0.12294892966747284,0.0,0.1951209157705307,0.8048790693283081,662,0.1951209157705307
663,17,34,stable_normal,,0.016263246536254883,0.43990886211395264,0.41607317328453064,0.4603549540042877,0.04428178071975708,0.9837367534637451,0.12775994837284088,0.0,0.18511098623275757,0.8148890137672424,663,0.18511098623275757
664,17,35,lesion_candidate_preserved,,0.009146392345428467,0.4999830722808838,0.49701792001724243,0.5039212107658386,0.006903290748596191,0.9908536076545715,0.11825603246688843,0.0,0.23141151666641235,0.7685884833335876,664,0.23141151666641235
665,17,36,lesion_candidate_preserved,,0.004101932048797607,0.495415598154068,0.5026943683624268,0.4879494905471802,0.014744877815246582,0.9958980679512024,0.11814533174037933,0.0,0.2386806607246399,0.7613193392753601,665,0.2386806607246399
666,18,0,stable_normal,,0.025027751922607422,0.3277795910835266,0.3326702415943146,0.3268163502216339,0.005853891372680664,0.9749722480773926,0.14645475149154663,0.0,0.27253445982933044,0.7274655103683472,666,0.27253445982933044
667,18,1,stable_normal,,0.010664880275726318,0.32548055052757263,0.3290337324142456,0.32320770621299744,0.005826026201248169,0.9893351197242737,0.14434629678726196,0.0,0.268219918012619,0.7317800521850586,667,0.268219918012619
668,18,2,noise_sensitive_normal,,0.10406118631362915,0.4248548150062561,0.4084283411502838,0.44968652725219727,0.04125818610191345,0.8959388136863708,0.14439290761947632,0.0,0.15634013712406158,0.8436598777770996,668,0.15634013712406158
669,18,3,stable_normal,,0.011204719543457031,0.4385957717895508,0.4411427676677704,0.4364955723285675,0.004647195339202881,0.988795280456543,0.127168208360672,0.0,0.17224735021591187,0.8277526497840881,669,0.17224735021591187
670,18,4,stable_normal,,5.990266799926758e-05,0.45538821816444397,0.4567042589187622,0.45408883690834045,0.002615422010421753,0.9999400973320007,0.12307856976985931,0.0,0.13035985827445984,0.8696401119232178,670,0.13035985827445984
671,18,5,lesion_candidate_preserved,,0.00932195782661438,0.48972287774086,0.48493924736976624,0.4951120615005493,0.010172814130783081,0.990678071975708,0.11968235671520233,0.0,0.24151666462421417,0.758483350276947,671,0.24151666462421417
672,18,6,lesion_candidate_preserved,,0.0038380324840545654,0.5133063197135925,0.5222682356834412,0.5039939880371094,0.018274247646331787,0.996161937713623,0.11570150405168533,0.0,0.21939833462238312,0.7806016802787781,672,0.21939833462238312
673,18,7,stable_normal,,0.0028071701526641846,0.44995805621147156,0.4362928867340088,0.46357250213623047,0.02727961540222168,0.9971928596496582,0.12425889819860458,0.0,0.19955295324325562,0.8004470467567444,673,0.19955295324325562
674,18,8,stable_normal,,0.04484367370605469,0.4282222390174866,0.3985205888748169,0.45718133449554443,0.05866074562072754,0.9551563262939453,0.1340092122554779,0.0,0.19182588160037994,0.8081741333007812,674,0.19182588160037994
675,18,9,lesion_candidate_preserved,,0.1078023910522461,0.4751553237438202,0.4746759533882141,0.478873074054718,0.004197120666503906,0.8921976089477539,0.13709989190101624,0.0,0.16251978278160095,0.8374801874160767,675,0.16251978278160095
676,18,10,lesion_candidate_preserved,,0.030731678009033203,0.4907139539718628,0.4902479350566864,0.4914456903934479,0.0011977553367614746,0.9692683219909668,0.12271415442228317,0.0,0.2176675945520401,0.7823324203491211,676,0.2176675945520401
677,18,11,lesion_candidate_preserved,,0.1908547282218933,0.4782920777797699,0.5018190741539001,0.4610236585140228,0.04079541563987732,0.8091452717781067,0.15081284940242767,0.7857142686843872,0.16747139394283295,0.8325285911560059,677,0.16747139394283295
678,18,12,lesion_candidate_preserved,,0.05559191107749939,0.501471221446991,0.49362632632255554,0.5101990699768066,0.0165727436542511,0.9444080591201782,0.12494280934333801,1.0,0.17709575593471527,0.8229042291641235,678,0.17709575593471527
679,18,13,stable_normal,,0.003749251365661621,0.397171288728714,0.3991222381591797,0.39575693011283875,0.0033653080463409424,0.9962507486343384,0.13208600878715515,1.0,0.23277488350868225,0.7672251462936401,679,0.23277488350868225
680,18,14,lesion_candidate_preserved,,0.007703244686126709,0.4758063554763794,0.47135165333747864,0.4804510474205017,0.009099394083023071,0.9922967553138733,0.12136518210172653,1.0,0.16566278040409088,0.8343372344970703,680,0.16566278040409088
681,18,15,stable_normal,,0.015360355377197266,0.4497126638889313,0.4602704644203186,0.4400290846824646,0.020241379737854004,0.9846396446228027,0.12620526552200317,1.0,0.12869736552238464,0.871302604675293,681,0.12869736552238464
682,18,16,lesion_candidate_preserved,,0.001766890287399292,0.4872187077999115,0.4792326092720032,0.49528968334198,0.016057074069976807,0.9982330799102783,0.11892173439264297,1.0,0.18246817588806152,0.8175318241119385,682,0.18246817588806152
683,18,17,stable_normal,,0.006222724914550781,0.4631403982639313,0.4668940007686615,0.45970192551612854,0.007192075252532959,0.9937772750854492,0.12291337549686432,1.0,0.18085889518260956,0.8191410899162292,683,0.18085889518260956
684,18,18,stable_normal,,0.0019123852252960205,0.45236384868621826,0.46041610836982727,0.4446761906147003,0.015739917755126953,0.9980876445770264,0.12378335744142532,1.0,0.13874508440494537,0.8612549304962158,684,0.13874508440494537
685,18,19,stable_normal,,6.29723072052002e-05,0.45618563890457153,0.4558963179588318,0.45647844672203064,0.0005821287631988525,0.9999370574951172,0.12296696752309799,1.0,0.21141484379768372,0.7885851860046387,685,0.21141484379768372
686,18,20,stable_normal,,0.0069495439529418945,0.43070074915885925,0.4201746881008148,0.44008347392082214,0.019908785820007324,0.9930504560470581,0.12765394151210785,1.0,0.18897944688796997,0.81102055311203,686,0.18897944688796997
687,18,21,lesion_candidate_preserved,,0.18074572086334229,0.4667414128780365,0.49598562717437744,0.4484735131263733,0.04751211404800415,0.8192542791366577,0.1509401947259903,1.0,0.16603891551494598,0.8339610695838928,687,0.16603891551494598
688,18,22,stable_normal,,0.01908165216445923,0.4404691755771637,0.4453687071800232,0.437298059463501,0.008070647716522217,0.9809183478355408,0.12811559438705444,1.0,0.21005411446094513,0.7899459004402161,688,0.21005411446094513
689,18,23,lesion_candidate_preserved,,0.004893004894256592,0.5169112682342529,0.50602126121521,0.5270088911056519,0.020987629890441895,0.9951069951057434,0.11537152528762817,1.0,0.21619969606399536,0.7838003039360046,689,0.21619969606399536
690,18,24,stable_normal,,6.633996963500977e-05,0.456203818321228,0.45528900623321533,0.45712754130363464,0.0018385350704193115,0.999933660030365,0.12296492606401443,1.0,0.1349625587463379,0.8650374412536621,690,0.1349625587463379
691,18,25,noise_sensitive_normal,,0.17496442794799805,0.46178725361824036,0.4764544665813446,0.4561114013195038,0.02034306526184082,0.825035572052002,0.1507374793291092,1.0,0.1778617650270462,0.822138249874115,691,0.1778617650270462
692,18,26,stable_normal,,0.03426602482795715,0.41621020436286926,0.4254137873649597,0.4087520241737366,0.016661763191223145,0.9657340049743652,0.13411878049373627,1.0,0.18805471062660217,0.8119453191757202,692,0.18805471062660217
693,18,27,lesion_candidate_preserved,,0.03917035460472107,0.47780218720436096,0.47158247232437134,0.48467525839805603,0.013092786073684692,0.9608296155929565,0.125820592045784,0.8979591727256775,0.16953252255916595,0.8304674625396729,693,0.16953252255916595
694,18,28,lesion_candidate_preserved,,0.054604411125183105,0.4782446324825287,0.4839043915271759,0.47366565465927124,0.010238736867904663,0.9453955888748169,0.12813466787338257,0.0,0.1901516318321228,0.8098483681678772,694,0.1901516318321228
695,18,29,stable_normal,,0.08368977904319763,0.46559634804725647,0.4532843232154846,0.48025140166282654,0.02696707844734192,0.91631019115448,0.13462695479393005,0.0,0.16695000231266022,0.833050012588501,695,0.16695000231266022
696,18,30,noise_sensitive_normal,,0.23661452531814575,0.4585244357585907,0.47181540727615356,0.4566005766391754,0.01521483063697815,0.7633854746818542,0.16261602938175201,0.0,0.21732935309410095,0.7826706171035767,696,0.21732935309410095
697,18,31,stable_normal,,0.000738680362701416,0.45630067586898804,0.4563915431499481,0.4562385082244873,0.00015303492546081543,0.9992613196372986,0.12305213510990143,0.0,0.19559694826602936,0.8044030666351318,697,0.19559694826602936
698,18,32,stable_normal,,0.0325852632522583,0.44814032316207886,0.4375861883163452,0.4593248665332794,0.021738678216934204,0.9674147367477417,0.12909920513629913,0.0,0.20396782457828522,0.796032190322876,698,0.20396782457828522
699,18,33,stable_normal,,0.009516090154647827,0.4638390839099884,0.47011440992355347,0.4577997028827667,0.012314707040786743,0.9904838800430298,0.12330927699804306,0.0,0.16382135450839996,0.8361786603927612,699,0.16382135450839996
700,18,34,stable_normal,,0.009116441011428833,0.46576061844825745,0.46537548303604126,0.4664616882801056,0.001086205244064331,0.9908835887908936,0.1229790672659874,0.0,0.1581694334745407,0.8418305516242981,700,0.1581694334745407
701,18,35,lesion_candidate_preserved,,0.05257135629653931,0.46720096468925476,0.46884581446647644,0.4670829772949219,0.0017628371715545654,0.9474286437034607,0.12943151593208313,0.0,0.21146443486213684,0.7885355949401855,701,0.21146443486213684
702,18,36,lesion_candidate_preserved,,0.12576636672019958,0.4836805760860443,0.4794091284275055,0.4906195104122162,0.011210381984710693,0.874233603477478,0.13874831795692444,0.0,0.1829204112291336,0.8170796036720276,702,0.1829204112291336
703,19,0,stable_normal,,0.062451839447021484,0.40174514055252075,0.4494364857673645,0.3483870327472687,0.10104945302009583,0.9375481605529785,0.1410003900527954,0.0,0.25550639629364014,0.7444936037063599,703,0.25550639629364014
704,19,1,stable_normal,,0.02027338743209839,0.3339516520500183,0.3339499533176422,0.3375282883644104,0.0035783350467681885,0.9797266125679016,0.1446332484483719,0.0,0.2222723662853241,0.7777276039123535,704,0.2222723662853241
705,19,2,noise_sensitive_normal,,0.11333799362182617,0.4301639795303345,0.4147700369358063,0.4540192782878876,0.0392492413520813,0.8866620063781738,0.1451331377029419,0.0,0.15900084376335144,0.8409991264343262,705,0.15900084376335144
706,19,3,pseudo_anomaly_risk,,0.23511624336242676,0.4235125482082367,0.4004698395729065,0.4540296494960785,0.053559809923172,0.7648837566375732,0.16862963140010834,0.0,0.21624912321567535,0.7837508916854858,706,0.21624912321567535
707,19,4,stable_normal,,0.005586147308349609,0.4622534513473511,0.44829824566841125,0.4774476885795593,0.02914944291114807,0.9944138526916504,0.12294252961874008,0.0,0.19931094348430634,0.8006890416145325,707,0.19931094348430634
708,19,5,stable_normal,,0.006742537021636963,0.45428764820098877,0.44460877776145935,0.4662136435508728,0.021604865789413452,0.993257462978363,0.1242404505610466,0.0,0.12547540664672852,0.8745245933532715,708,0.12547540664672852
709,19,6,pseudo_anomaly_risk,,0.30468010902404785,0.419130802154541,0.398247629404068,0.4538070261478424,0.055559396743774414,0.6953198909759521,0.18347541987895966,0.0,0.1602759212255478,0.839724063873291,709,0.1602759212255478
710,19,7,stable_normal,,0.00014072656631469727,0.4543246328830719,0.4540589153766632,0.4545978009700775,0.0005388855934143066,0.9998592734336853,0.12324030697345734,0.0,0.1481025218963623,0.8518974781036377,710,0.1481025218963623
711,19,8,stable_normal,,0.006483793258666992,0.46457985043525696,0.4595147371292114,0.4699234664440155,0.010408729314804077,0.993516206741333,0.12275046855211258,0.0,0.17838959395885468,0.8216103911399841,711,0.17838959395885468
712,19,9,lesion_candidate_preserved,,0.11750677227973938,0.4846572279930115,0.4951263964176178,0.47813573479652405,0.01699066162109375,0.882493257522583,0.1372314840555191,0.0,0.21091915667057037,0.7890808582305908,712,0.21091915667057037
713,19,10,pseudo_anomaly_risk,,0.1841830611228943,0.41681671142578125,0.3793468773365021,0.4601260721683502,0.08077919483184814,0.8158169388771057,0.16010572016239166,0.0,0.2125437706708908,0.787456214427948,713,0.2125437706708908
714,19,11,stable_normal,,0.008928120136260986,0.44089004397392273,0.42405733466148376,0.4577389359474182,0.03368160128593445,0.991071879863739,0.1264868676662445,0.2857142984867096,0.16793082654476166,0.8320691585540771,714,0.16793082654476166
715,19,12,stable_normal,,5.97834587097168e-05,0.456226110458374,0.45648419857025146,0.45596951246261597,0.000514686107635498,0.9999402165412903,0.12296081334352493,0.9897958636283875,0.16478106379508972,0.8352189064025879,715,0.16478106379508972
716,19,13,noise_sensitive_normal,,0.42834043502807617,0.43977344036102295,0.45559850335121155,0.4188329577445984,0.03676554560661316,0.5716595649719238,0.20619961619377136,1.0,0.24294380843639374,0.7570561766624451,716,0.24294380843639374
717,19,14,stable_normal,,0.035988807678222656,0.41985511779785156,0.46237796545028687,0.37636977434158325,0.08600819110870361,0.9640111923217773,0.1338457614183426,1.0,0.22995121777057648,0.7700487971305847,717,0.22995121777057648
718,19,15,pseudo_anomaly_risk,,0.1688782274723053,0.3487832546234131,0.4294014573097229,0.2838858664035797,0.1455155909061432,0.8311218023300171,0.16936974227428436,1.0,0.26694193482398987,0.7330580949783325,718,0.26694193482398987
719,19,16,stable_normal,,0.0037122368812561035,0.4501090347766876,0.4556345045566559,0.44431427121162415,0.011320233345031738,0.9962877631187439,0.12437444925308228,1.0,0.14969252049922943,0.8503074645996094,719,0.14969252049922943
720,19,17,lesion_candidate_preserved,,0.030676066875457764,0.47452425956726074,0.49245089292526245,0.45676368474960327,0.03568720817565918,0.9693239331245422,0.1249939501285553,1.0,0.19294433295726776,0.807055652141571,720,0.19294433295726776
721,19,18,noise_sensitive_normal,,0.3147518038749695,0.4306277930736542,0.42400068044662476,0.4456554055213928,0.021654725074768066,0.6852481961250305,0.18332922458648682,1.0,0.23751184344291687,0.7624881267547607,721,0.23751184344291687
722,19,19,lesion_candidate_preserved,,0.06924018263816833,0.4737984240055084,0.4706827998161316,0.4791112542152405,0.008428454399108887,0.9307597875595093,0.131082683801651,1.0,0.10983482003211975,0.8901652097702026,722,0.10983482003211975
723,19,20,lesion_candidate_preserved,,0.07228648662567139,0.4918411672115326,0.4790118634700775,0.5079768300056458,0.028964966535568237,0.9277135133743286,0.1289038062095642,1.0,0.18111230432987213,0.8188877105712891,723,0.18111230432987213
724,19,21,lesion_candidate_preserved,,0.0581030547618866,0.4867227077484131,0.5081722736358643,0.46907156705856323,0.039100706577301025,0.941896915435791,0.12744587659835815,1.0,0.16895633935928345,0.8310436606407166,724,0.16895633935928345
725,19,22,lesion_candidate_preserved,,0.027538686990737915,0.5156241059303284,0.5080475211143494,0.5237442255020142,0.015696704387664795,0.9724613428115845,0.1187984049320221,1.0,0.22849397361278534,0.7715060114860535,725,0.22849397361278534
726,19,23,pseudo_anomaly_risk,,0.3230963945388794,0.422585129737854,0.45584797859191895,0.40833812952041626,0.047509849071502686,0.6769036054611206,0.18665722012519836,1.0,0.165553018450737,0.8344469666481018,726,0.165553018450737
727,19,24,stable_normal,,8.296966552734375e-05,0.45617830753326416,0.45479801297187805,0.4575740694999695,0.0027760565280914307,0.9999170303344727,0.12297100573778152,1.0,0.2263786345720291,0.7736213803291321,727,0.2263786345720291
728,19,25,noise_sensitive_normal,,0.27122750878334045,0.41628140211105347,0.44395971298217773,0.40462860465049744,0.0393311083316803,0.7287725210189819,0.1771523505449295,1.0,0.2007724493741989,0.7992275357246399,728,0.2007724493741989
729,19,26,lesion_candidate_preserved,,0.046640098094940186,0.46752578020095825,0.4542832672595978,0.48298928141593933,0.028706014156341553,0.9533599019050598,0.12845806777477264,1.0,0.17331092059612274,0.8266890645027161,729,0.17331092059612274
730,19,27,stable_normal,,0.03431826829910278,0.4509843587875366,0.4425669312477112,0.45997968316078186,0.01741275191307068,0.9656817317008972,0.12895360589027405,0.8979591727256775,0.20832274854183197,0.7916772365570068,730,0.20832274854183197
731,19,28,stable_normal,,0.07373267412185669,0.4176974892616272,0.35210391879081726,0.4824196398258209,0.13031572103500366,0.9262673258781433,0.1403840035200119,0.0,0.20034430921077728,0.7996556758880615,731,0.20034430921077728
732,19,29,lesion_candidate_preserved,,0.005792140960693359,0.48246267437934875,0.4830041825771332,0.4820088744163513,0.0009953081607818604,0.9942078590393066,0.12016259133815765,0.0,0.1792549192905426,0.8207451105117798,732,0.1792549192905426
733,19,30,noise_sensitive_normal,,0.10779762268066406,0.45821452140808105,0.46363565325737,0.4566299617290497,0.0070056915283203125,0.8922023773193359,0.13973045349121094,0.0,0.15587082505226135,0.844129204750061,733,0.15587082505226135
734,19,31,stable_normal,,0.00045806169509887695,0.45606133341789246,0.4578905403614044,0.45425572991371155,0.003634810447692871,0.9995419383049011,0.12304367870092392,0.0,0.18073402345180511,0.8192659616470337,734,0.18073402345180511
735,19,32,pseudo_anomaly_risk,,0.304688423871994,0.42130717635154724,0.40105199813842773,0.455635666847229,0.05458366870880127,0.6953115463256836,0.18305283784866333,0.0,0.13627247512340546,0.8637275099754333,735,0.13627247512340546
736,19,33,stable_normal,,0.0018981099128723145,0.4638926088809967,0.4644572138786316,0.46339499950408936,0.0010622143745422363,0.9981018900871277,0.12216173857450485,0.0,0.17217010259628296,0.827829897403717,736,0.17217010259628296
737,19,34,stable_normal,,0.006851136684417725,0.4598347544670105,0.4553605914115906,0.4645563066005707,0.009195715188980103,0.9931488633155823,0.12347280234098434,0.0,0.13207827508449554,0.8679217100143433,737,0.13207827508449554
738,19,35,lesion_candidate_preserved,,0.009317845106124878,0.49375879764556885,0.5049660801887512,0.4829753339290619,0.02199074625968933,0.9906821250915527,0.1191289946436882,0.0,0.20986701548099518,0.790132999420166,738,0.20986701548099518
739,19,36,lesion_candidate_preserved,,0.03952449560165405,0.48945775628089905,0.4845633804798126,0.496181845664978,0.011618465185165405,0.960475504398346,0.1242138147354126,0.0,0.22883816063404083,0.7711618542671204,739,0.22883816063404083
740,20,0,stable_normal,,0.008404910564422607,0.4258212149143219,0.44283995032310486,0.4067640006542206,0.03607594966888428,0.9915950894355774,0.12858985364437103,0.0,0.23683404922485352,0.7631659507751465,740,0.23683404922485352
741,20,1,stable_normal,,0.0009630322456359863,0.45326122641563416,0.45188814401626587,0.4546405076980591,0.002752363681793213,0.999036967754364,0.12351372838020325,0.0,0.13404540717601776,0.865954577922821,741,0.13404540717601776
742,20,2,stable_normal,,0.020975053310394287,0.4217835068702698,0.4412417411804199,0.4021412432193756,0.03910049796104431,0.9790249466896057,0.1311584711074829,0.0,0.1595916748046875,0.8404083251953125,742,0.1595916748046875
743,20,3,pseudo_anomaly_risk,,0.5093835592269897,0.41077718138694763,0.4111734926700592,0.45537447929382324,0.04420098662376404,0.49061644077301025,0.23190641403198242,0.0,0.2579993009567261,0.7420006990432739,743,0.2579993009567261
744,20,4,stable_normal,,0.034675151109695435,0.35156524181365967,0.38005632162094116,0.32899731397628784,0.05105900764465332,0.965324878692627,0.1442718207836151,0.0,0.20075753331184387,0.7992424964904785,744,0.20075753331184387
745,20,5,stable_normal,,0.01245659589767456,0.44923895597457886,0.45229360461235046,0.44615185260772705,0.006141752004623413,0.9875434041023254,0.12582871317863464,0.0,0.19998426735401154,0.8000157475471497,745,0.19998426735401154
746,20,6,noise_sensitive_normal,,0.11107981204986572,0.4523261785507202,0.4593169093132019,0.45084694027900696,0.008469969034194946,0.8889201879501343,0.1412072330713272,0.0,0.21913935244083405,0.7808606624603271,746,0.21913935244083405
747,20,7,stable_normal,,0.021518737077713013,0.450700581073761,0.44403794407844543,0.4588915705680847,0.014853626489639282,0.9784812927246094,0.12700946629047394,0.0,0.17745278775691986,0.822547197341919,747,0.17745278775691986
748,20,8,lesion_candidate_preserved,,0.1287330687046051,0.47014304995536804,0.46417203545570374,0.4788692593574524,0.014697223901748657,0.8712669610977173,0.1413685828447342,0.0,0.1455966830253601,0.8544033169746399,748,0.1455966830253601
749,20,9,stable_normal,,0.016534864902496338,0.4651068449020386,0.47268956899642944,0.4580073058605194,0.014682263135910034,0.9834651350975037,0.12418806552886963,0.0,0.187251478433609,0.8127485513687134,749,0.187251478433609
750,20,10,stable_normal,,0.052168846130371094,0.4311192035675049,0.38389402627944946,0.4810078740119934,0.09711384773254395,0.9478311538696289,0.13475461304187775,0.0,0.1310291886329651,0.8689708113670349,750,0.1310291886329651
751,20,11,stable_normal,,0.000429689884185791,0.4569512605667114,0.4541269838809967,0.4597225487232208,0.005595564842224121,0.9995703101158142,0.12291441857814789,0.0,0.12529875338077545,0.8747012615203857,751,0.12529875338077545
752,20,12,stable_normal,,0.0066956281661987305,0.44208481907844543,0.4599311649799347,0.42328789830207825,0.036643266677856445,0.9933043718338013,0.12597298622131348,0.5714285969734192,0.143707737326622,0.8562922477722168,752,0.143707737326622
753,20,13,pseudo_anomaly_risk,,0.2663871943950653,0.39790382981300354,0.3688964545726776,0.45535263419151306,0.08645617961883545,0.7336127758026123,0.1796748787164688,1.0,0.2527965307235718,0.7472034692764282,753,0.2527965307235718
754,20,14,noise_sensitive_normal,,0.10489413142204285,0.45466968417167664,0.449716180562973,0.4642411172389984,0.01452493667602539,0.8951058387756348,0.13980036973953247,1.0,0.18432003259658813,0.8156799674034119,754,0.18432003259658813
755,20,15,stable_normal,,0.025670289993286133,0.4019273519515991,0.4185183644294739,0.38689088821411133,0.03162747621536255,0.9743297100067139,0.13489362597465515,1.0,0.23109982907772064,0.7689001560211182,755,0.23109982907772064
756,20,16,pseudo_anomaly_risk,,0.20075887441635132,0.4315774440765381,0.45594701170921326,0.4124899208545685,0.043457090854644775,0.7992411255836487,0.16061913967132568,1.0,0.21631990373134613,0.7836800813674927,756,0.21631990373134613
757,20,17,pseudo_anomaly_risk,,0.1794501543045044,0.4102998375892639,0.3800533413887024,0.4569067656993866,0.0768534243106842,0.8205498456954956,0.16036272048950195,1.0,0.17256169021129608,0.8274382948875427,757,0.17256169021129608
758,20,18,stable_normal,,0.0004494786262512207,0.45368191599845886,0.45638924837112427,0.45104125142097473,0.005347996950149536,0.9995505213737488,0.12337721139192581,1.0,0.14364653825759888,0.8563534617424011,758,0.14364653825759888
759,20,19,lesion_candidate_preserved,,0.0032511353492736816,0.47230517864227295,0.46649670600891113,0.4779329001903534,0.01143619418144226,0.9967488646507263,0.12119171023368835,1.0,0.16374416649341583,0.8362558484077454,759,0.16374416649341583
760,20,20,stable_normal,,0.0006306469440460205,0.45945966243743896,0.4610672891139984,0.45781001448631287,0.003257274627685547,0.9993693828582764,0.12259266525506973,1.0,0.14375267922878265,0.8562473058700562,760,0.14375267922878265
761,20,21,lesion_candidate_preserved,,0.006292521953582764,0.4710830748081207,0.467309832572937,0.4748985171318054,0.007588684558868408,0.9937074780464172,0.12181282788515091,1.0,0.16360683739185333,0.8363931775093079,761,0.16360683739185333
762,20,22,stable_normal,,0.05735725164413452,0.46572405099868774,0.4779922366142273,0.4563046097755432,0.021687626838684082,0.9426427483558655,0.1304008811712265,1.0,0.15472853183746338,0.8452714681625366,762,0.15472853183746338
763,20,23,lesion_candidate_preserved,,0.1837611198425293,0.4785478115081787,0.505744218826294,0.4574544429779053,0.04828977584838867,0.8162388801574707,0.1495121419429779,1.0,0.1542791873216629,0.8457208275794983,763,0.1542791873216629
764,20,24,noise_sensitive_normal,,0.10100841522216797,0.3928719460964203,0.41407427191734314,0.3833111524581909,0.03076311945915222,0.898991584777832,0.14907701313495636,1.0,0.2014600783586502,0.798539936542511,764,0.2014600783586502
765,20,25,stable_normal,,0.00883859395980835,0.4189583659172058,0.40372827649116516,0.4351498782634735,0.03142160177230835,0.9911614060401917,0.12966284155845642,1.0,0.2763657569885254,0.7236342430114746,765,0.2763657569885254
766,20,26,stable_normal,,0.0030524730682373047,0.41947266459465027,0.42716771364212036,0.4127945005893707,0.014373213052749634,0.9969475269317627,0.12868285179138184,1.0,0.23471064865589142,0.7652893662452698,766,0.23471064865589142
767,20,27,stable_normal,,0.01835024356842041,0.36580953001976013,0.37687572836875916,0.35857099294662476,0.0183047354221344,0.9816497564315796,0.1392543762922287,0.7857142686843872,0.24051886796951294,0.7594811320304871,767,0.24051886796951294
768,20,28,stable_normal,,0.004879891872406006,0.4455840587615967,0.4469304382801056,0.444659024477005,0.002271413803100586,0.995120108127594,0.12519535422325134,0.0,0.1777431219816208,0.822256863117218,768,0.1777431219816208
769,20,29,stable_normal,,0.008047699928283691,0.45777326822280884,0.46682772040367126,0.44813984632492065,0.01868787407875061,0.9919523000717163,0.12394417077302933,0.0,0.15596894919872284,0.844031035900116,769,0.15596894919872284
770,20,30,lesion_candidate_preserved,,0.08401140570640564,0.47470906376838684,0.4629261791706085,0.49043816328048706,0.02751198410987854,0.915988564491272,0.13330179452896118,0.0,0.11339540034532547,0.8866046071052551,770,0.11339540034532547
771,20,31,noise_sensitive_normal,,0.1289874017238617,0.44750210642814636,0.46945908665657043,0.4314204752445221,0.03803861141204834,0.8710125684738159,0.1450299769639969,0.0,0.14037342369556427,0.8596265912055969,771,0.14037342369556427
772,20,32,stable_normal,,0.007890582084655762,0.45172178745269775,0.46487993001937866,0.4373907446861267,0.027489185333251953,0.9921094179153442,0.12477869540452957,0.0,0.15464115142822266,0.8453588485717773,772,0.15464115142822266
773,20,33,stable_normal,,0.0005382895469665527,0.4572042226791382,0.45377764105796814,0.46062618494033813,0.006848543882369995,0.9994617104530334,0.12289516627788544,0.0,0.1773984581232071,0.8226015567779541,773,0.1773984581232071
774,20,34,stable_normal,,0.0029968321323394775,0.4548470973968506,0.45160701870918274,0.45800766348838806,0.006400644779205322,0.9970031976699829,0.12359616160392761,0.0,0.12525101006031036,0.8747490048408508,774,0.12525101006031036
775,20,35,lesion_candidate_preserved,,0.09398221969604492,0.4750412106513977,0.46582281589508057,0.4897550046443939,0.023932188749313354,0.9060177803039551,0.134860560297966,0.0,0.2173701375722885,0.7826298475265503,775,0.2173701375722885
776,20,36,lesion_candidate_preserved,,0.09229004383087158,0.46892106533050537,0.4646681249141693,0.47698915004730225,0.012321025133132935,0.9077099561691284,0.13551756739616394,0.0,0.19797742366790771,0.8020225763320923,776,0.19797742366790771
777,21,0,stable_normal,,0.002906113862991333,0.4592113494873047,0.4642915427684784,0.4539383351802826,0.0103532075881958,0.997093915939331,0.12296813726425171,0.0,0.18984802067279816,0.810151994228363,777,0.18984802067279816
778,21,1,stable_normal,,0.007014095783233643,0.400250643491745,0.4124913215637207,0.387963205575943,0.02452811598777771,0.9929859042167664,0.1321464478969574,0.0,0.27275529503822327,0.7272447347640991,778,0.27275529503822327
779,21,2,stable_normal,,0.0037032365798950195,0.4556765854358673,0.46411481499671936,0.4467287063598633,0.01738610863685608,0.996296763420105,0.12358548492193222,0.0,0.15799953043460846,0.8420004844665527,779,0.15799953043460846
780,21,3,stable_normal,,0.005265533924102783,0.39506030082702637,0.3934595584869385,0.3970906138420105,0.0036310553550720215,0.9947344660758972,0.13264381885528564,0.0,0.22016119956970215,0.7798388004302979,780,0.22016119956970215
781,21,4,stable_normal,,0.009703278541564941,0.4431624412536621,0.45225563645362854,0.4336560368537903,0.018599599599838257,0.9902967214584351,0.12627902626991272,0.0,0.12045598030090332,0.8795440196990967,781,0.12045598030090332
782,21,5,stable_normal,,0.0034817755222320557,0.42514896392822266,0.42304787039756775,0.4277794063091278,0.004731535911560059,0.9965182542800903,0.12792269885540009,0.0,0.13510270416736603,0.8648973107337952,782,0.13510270416736603
783,21,6,stable_normal,,0.00025144219398498535,0.45657917857170105,0.4582838714122772,0.4548073410987854,0.0034765303134918213,0.9997485876083374,0.12293995171785355,0.0,0.14601027965545654,0.8539897203445435,783,0.14601027965545654
784,21,7,stable_normal,,7.486343383789062e-05,0.4550672471523285,0.45431384444236755,0.4558245539665222,0.001510709524154663,0.9999251365661621,0.12312594056129456,0.0,0.20010772347450256,0.7998923063278198,784,0.20010772347450256
785,21,8,pseudo_anomaly_risk,,0.29031068086624146,0.4270831346511841,0.4554364085197449,0.40395572781562805,0.05148068070411682,0.7096893191337585,0.1789751499891281,0.0,0.1904996633529663,0.8095003366470337,785,0.1904996633529663
786,21,9,stable_normal,,0.07168513536453247,0.43572998046875,0.45673662424087524,0.41142410039901733,0.04531252384185791,0.9283148646354675,0.13723620772361755,0.0,0.2239048331975937,0.7760951519012451,786,0.2239048331975937
787,21,10,stable_normal,,0.01014012098312378,0.35724103450775146,0.3435348868370056,0.3709959089756012,0.02746102213859558,0.9898598790168762,0.13922429084777832,0.0,0.2659029960632324,0.7340970039367676,787,0.2659029960632324
788,21,11,lesion_candidate_preserved,,0.00890815258026123,0.4748641848564148,0.49405553936958313,0.4586203992366791,0.03543514013290405,0.9910918474197388,0.12167495489120483,0.0,0.1768370121717453,0.8231629729270935,788,0.1768370121717453
789,21,12,stable_normal,,0.004887104034423828,0.45264890789985657,0.4589584767818451,0.4469972252845764,0.011961251497268677,0.9951128959655762,0.12419209629297256,0.06122449040412903,0.20660047233104706,0.7933995127677917,789,0.20660047233104706
790,21,13,pseudo_anomaly_risk,,0.17205777764320374,0.35782259702682495,0.41067180037498474,0.3149307370185852,0.09574106335639954,0.8279422521591187,0.1683375984430313,0.5,0.22241492569446564,0.7775850892066956,790,0.22241492569446564
791,21,14,stable_normal,,0.08583050966262817,0.4263097941875458,0.46249258518218994,0.4012908339500427,0.06120175123214722,0.9141694903373718,0.14106082916259766,0.9591836929321289,0.15854854881763458,0.8414514660835266,791,0.15854854881763458
792,21,15,stable_normal,,0.004804670810699463,0.453948438167572,0.4517974555492401,0.45613473653793335,0.004337280988693237,0.9951953291893005,0.12399569153785706,1.0,0.22755756974220276,0.7724424600601196,792,0.22755756974220276
793,21,16,stable_normal,,0.00019225478172302246,0.4574337601661682,0.45690619945526123,0.45796680450439453,0.0010606050491333008,0.9998077154159546,0.12281112372875214,1.0,0.14653700590133667,0.8534629940986633,793,0.14653700590133667
794,21,17,stable_normal,,0.004631310701370239,0.4172515869140625,0.4215407073497772,0.4135478138923645,0.00799289345741272,0.9953687191009521,0.12925435602664948,1.0,0.22337354719638824,0.776626467704773,794,0.22337354719638824
795,21,18,stable_normal,,0.03990656137466431,0.4472683370113373,0.4701243042945862,0.42217782139778137,0.04794648289680481,0.9600934386253357,0.13037635385990143,1.0,0.23152901232242584,0.7684710025787354,795,0.23152901232242584
796,21,19,stable_normal,,0.006386309862136841,0.4314805865287781,0.4435047209262848,0.419665664434433,0.023839056491851807,0.9936137199401855,0.1274537891149521,1.0,0.12463051080703735,0.8753694891929626,796,0.12463051080703735
797,21,20,stable_normal,,0.016641438007354736,0.44001224637031555,0.4470304846763611,0.4335463345050812,0.013484150171279907,0.9833585619926453,0.12780353426933289,1.0,0.17654846608638763,0.8234515190124512,797,0.17654846608638763
798,21,21,pseudo_anomaly_risk,,0.09624254703521729,0.4331267178058624,0.4132532775402069,0.45740649104118347,0.04415321350097656,0.9037574529647827,0.14173981547355652,1.0,0.17035894095897675,0.8296410441398621,798,0.17035894095897675
799,21,22,stable_normal,,0.005753815174102783,0.4628623425960541,0.46995341777801514,0.4557383954524994,0.014215022325515747,0.9942461848258972,0.122882179915905,1.0,0.2014199197292328,0.7985800504684448,799,0.2014199197292328
800,21,23,stable_normal,,0.01680445671081543,0.455722451210022,0.4323073923587799,0.4826853573322296,0.05037796497344971,0.9831955432891846,0.12556476891040802,1.0,0.14646215736865997,0.8535378575325012,800,0.14646215736865997
801,21,24,stable_normal,,0.050425589084625244,0.40675410628318787,0.4272697865962982,0.39106643199920654,0.036203354597091675,0.9495744109153748,0.13820905983448029,1.0,0.15343447029590607,0.8465655446052551,801,0.15343447029590607
802,21,25,stable_normal,,0.0013069212436676025,0.4645179212093353,0.4619983732700348,0.4670654237270355,0.005067050457000732,0.9986931085586548,0.12198638916015625,1.0,0.19095227122306824,0.8090476989746094,802,0.19095227122306824
803,21,26,stable_normal,,0.012231320142745972,0.44560688734054565,0.4339970648288727,0.4559505879878998,0.0219535231590271,0.9877686500549316,0.12631544470787048,1.0,0.1852586269378662,0.8147413730621338,803,0.1852586269378662
804,21,27,stable_normal,,0.02012801170349121,0.4170747995376587,0.4418206810951233,0.39067313075065613,0.05114755034446716,0.9798719882965088,0.1317242532968521,0.6785714030265808,0.15228836238384247,0.8477116227149963,804,0.15228836238384247
805,21,28,stable_normal,,0.05257821083068848,0.4575191140174866,0.4662698209285736,0.45047619938850403,0.01579362154006958,0.9474217891693115,0.13086019456386566,0.0,0.19249939918518066,0.8075006008148193,805,0.19249939918518066
806,21,29,stable_normal,,0.027697205543518066,0.42656275629997253,0.41112902760505676,0.4457028806209564,0.03457385301589966,0.9723027944564819,0.13151422142982483,0.0,0.1252003014087677,0.8747997283935547,806,0.1252003014087677
807,21,30,stable_normal,,0.0027719736099243164,0.4483989179134369,0.4567209780216217,0.44038712978363037,0.016333848237991333,0.9972280263900757,0.12447473406791687,0.0,0.20012885332107544,0.7998711466789246,807,0.20012885332107544
808,21,31,stable_normal,,0.05767416954040527,0.46072593331336975,0.4629955589771271,0.4605346918106079,0.002460867166519165,0.9423258304595947,0.13119107484817505,0.0,0.15701790153980255,0.8429821133613586,808,0.15701790153980255
809,21,32,stable_normal,,0.005420714616775513,0.4645831286907196,0.4686106741428375,0.4605395495891571,0.00807112455368042,0.9945793151855469,0.12259100377559662,0.0,0.17934496700763702,0.8206550478935242,809,0.17934496700763702
810,21,33,pseudo_anomaly_risk,,0.296668142080307,0.4305495023727417,0.4622047543525696,0.409912109375,0.05229264497756958,0.7033318281173706,0.17961102724075317,0.0,0.187294602394104,0.812705397605896,810,0.187294602394104
811,21,34,pseudo_anomaly_risk,,0.3142390847206116,0.3844138979911804,0.3512766361236572,0.4429938495159149,0.09171721339225769,0.6857609152793884,0.1924028843641281,0.0,0.2268567830324173,0.7731432318687439,811,0.2268567830324173
812,21,35,stable_normal,,0.026929080486297607,0.45333248376846313,0.47181814908981323,0.4340420365333557,0.03777611255645752,0.9730709195137024,0.12746386229991913,0.0,0.13098251819610596,0.869017481803894,812,0.13098251819610596
813,21,36,stable_normal,,0.06804889440536499,0.44721749424934387,0.4443078637123108,0.45347094535827637,0.009163081645965576,0.931951105594635,0.1348833590745926,0.0,0.1551133692264557,0.8448866605758667,813,0.1551133692264557
814,22,0,stable_normal,,0.0003050565719604492,0.4649238884449005,0.46761980652809143,0.4622637927532196,0.005356013774871826,0.9996949434280396,0.12178076803684235,0.0,0.2327204793691635,0.7672795057296753,814,0.2327204793691635
815,22,1,stable_normal,,0.002590179443359375,0.4532535672187805,0.4510987401008606,0.455490380525589,0.0043916404247283936,0.9974098205566406,0.12375986576080322,0.0,0.20034468173980713,0.7996553182601929,815,0.20034468173980713
816,22,2,stable_normal,,0.03200307488441467,0.34126484394073486,0.3744182288646698,0.3193614184856415,0.05505681037902832,0.9679969549179077,0.14547377824783325,0.0,0.23682916164398193,0.7631708383560181,816,0.23682916164398193
817,22,3,pseudo_anomaly_risk,,0.1874392032623291,0.40731027722358704,0.43526721000671387,0.38375720381736755,0.051510006189346313,0.8125607967376709,0.16239243745803833,0.0,0.20078839361667633,0.7992116212844849,817,0.20078839361667633
818,22,4,stable_normal,,0.029823899269104004,0.4558003842830658,0.48394203186035156,0.4283701181411743,0.055571913719177246,0.970176100730896,0.12755386531352997,0.0,0.2189008593559265,0.7810991406440735,818,0.2189008593559265
819,22,5,stable_normal,,0.0072214603424072266,0.39972856640815735,0.4058190584182739,0.393730103969574,0.012088954448699951,0.9927785396575928,0.13225752115249634,0.0,0.15859860181808472,0.8414013981819153,819,0.15859860181808472
820,22,6,lesion_candidate_preserved,,0.012955516576766968,0.4884513318538666,0.49487370252609253,0.48163408041000366,0.013239622116088867,0.9870444536209106,0.12039073556661606,0.0,0.20195215940475464,0.7980478405952454,820,0.20195215940475464
821,22,7,stable_normal,,0.08100947737693787,0.44951000809669495,0.4705391824245453,0.4214416742324829,0.04909750819206238,0.9189904928207397,0.13664662837982178,0.0,0.17449228465557098,0.8255077004432678,821,0.17449228465557098
822,22,8,lesion_candidate_preserved,,0.0020790696144104004,0.47572529315948486,0.4742247462272644,0.47730013728141785,0.0030753910541534424,0.9979209303855896,0.12054526060819626,0.0,0.1723569631576538,0.8276430368423462,822,0.1723569631576538
823,22,9,stable_normal,,0.06468886137008667,0.42501384019851685,0.4756234586238861,0.3759172260761261,0.09970623254776001,0.9353111386299133,0.13773824274539948,0.0,0.23904898762702942,0.760951042175293,823,0.23904898762702942
824,22,10,stable_normal,,0.014587104320526123,0.4560057818889618,0.44830426573753357,0.4637516438961029,0.015447378158569336,0.9854128956794739,0.12518636882305145,0.0,0.20940187573432922,0.7905981540679932,824,0.20940187573432922
825,22,11,stable_normal,,3.3795833587646484e-05,0.45515891909599304,0.45508211851119995,0.4552372992038727,0.0001551806926727295,0.9999662041664124,0.12310690432786942,0.0,0.22929364442825317,0.7707063555717468,825,0.22929364442825317
826,22,12,pseudo_anomaly_risk,,0.3745691180229187,0.4260229766368866,0.4603305757045746,0.41175976395606995,0.04857081174850464,0.6254308819770813,0.19705326855182648,0.0,0.22032704949378967,0.7796729803085327,826,0.22032704949378967
827,22,13,pseudo_anomaly_risk,,0.329498291015625,0.38891541957855225,0.46713173389434814,0.3232504427433014,0.14388129115104675,0.670501708984375,0.19479861855506897,0.0,0.24558839201927185,0.7544115781784058,827,0.24558839201927185
828,22,14,stable_normal,,0.04185330867767334,0.39126360416412354,0.4051476716995239,0.38163208961486816,0.02351558208465576,0.9581466913223267,0.1391960233449936,0.0,0.1713344305753708,0.828665554523468,828,0.1713344305753708
829,22,15,lesion_candidate_preserved,,0.08251616358757019,0.4853553771972656,0.4932492673397064,0.4802255630493164,0.013023704290390015,0.9174838066101074,0.13147038221359253,0.1734693944454193,0.16643758118152618,0.833562433719635,829,0.16643758118152618
830,22,16,stable_normal,,0.049748897552490234,0.3765362501144409,0.3362760543823242,0.4209762215614319,0.08470016717910767,0.9502511024475098,0.14284884929656982,0.2857142984867096,0.2193300724029541,0.7806699275970459,830,0.2193300724029541
831,22,17,lesion_candidate_preserved,,0.005281984806060791,0.46909040212631226,0.4701499938964844,0.46812865138053894,0.0020213425159454346,0.9947180151939392,0.12194028496742249,0.15306122601032257,0.17261984944343567,0.8273801803588867,831,0.17261984944343567
832,22,18,stable_normal,,8.440017700195312e-05,0.45768535137176514,0.4569266140460968,0.45844265818595886,0.0015160441398620605,0.999915599822998,0.12275969237089157,0.09183673560619354,0.1930101215839386,0.8069899082183838,832,0.1930101215839386
833,22,19,lesion_candidate_preserved,,0.0054326653480529785,0.49267300963401794,0.49119243025779724,0.49421173334121704,0.0030193030834198,0.994567334651947,0.11871138215065002,0.0,0.16195446252822876,0.8380455374717712,833,0.16195446252822876
834,22,20,lesion_candidate_preserved,,0.2092297077178955,0.4679803252220154,0.4891982674598694,0.4539719820022583,0.035226285457611084,0.7907702922821045,0.1558719277381897,0.0,0.15794213116168976,0.8420578837394714,834,0.15794213116168976
835,22,21,stable_normal,,0.0066995322704315186,0.4276474416255951,0.4203236699104309,0.43440958857536316,0.014085918664932251,0.9933004379272461,0.12805867195129395,0.040816329419612885,0.21132700145244598,0.7886729836463928,835,0.21132700145244598
836,22,22,lesion_candidate_preserved,,0.12886843085289001,0.46842002868652344,0.4405883252620697,0.5028225183486938,0.062234193086624146,0.8711315393447876,0.14166410267353058,0.1428571492433548,0.19825683534145355,0.8017431497573853,836,0.19825683534145355
837,22,23,lesion_candidate_preserved,,0.13356420397758484,0.48089343309402466,0.4674418568611145,0.49901607632637024,0.03157421946525574,0.8664357662200928,0.14048631489276886,0.18367347121238708,0.14904733002185822,0.850952684879303,837,0.14904733002185822
838,22,24,stable_normal,,0.008113443851470947,0.44654297828674316,0.4390060305595398,0.45535093545913696,0.016344904899597168,0.991886556148529,0.1255512237548828,0.2857142984867096,0.21625873446464539,0.7837412357330322,838,0.21625873446464539
839,22,25,lesion_candidate_preserved,,0.004408121109008789,0.46913400292396545,0.4662904441356659,0.47213515639305115,0.005844712257385254,0.9955918788909912,0.12180422246456146,0.2857142984867096,0.21234890818595886,0.7876510620117188,839,0.21234890818595886
840,22,26,lesion_candidate_preserved,,0.01457756757736206,0.46927306056022644,0.45367634296417236,0.4868498742580414,0.03317353129386902,0.9854224324226379,0.12330467253923416,0.2448979616165161,0.15302115678787231,0.8469788432121277,840,0.15302115678787231
841,22,27,lesion_candidate_preserved,,0.005661725997924805,0.4675772190093994,0.45736753940582275,0.4782554805278778,0.020887941122055054,0.9943382740020752,0.12220806628465652,0.020408164709806442,0.17110128700733185,0.8288987278938293,841,0.17110128700733185
842,22,28,lesion_candidate_preserved,,0.00039327144622802734,0.46815457940101624,0.4663102328777313,0.47003838419914246,0.003728151321411133,0.999606728553772,0.12134450674057007,0.0,0.1463458240032196,0.853654146194458,842,0.1463458240032196
843,22,29,noise_sensitive_normal,,0.1262490153312683,0.4525923430919647,0.454596608877182,0.4568185806274414,0.0022219717502593994,0.8737509846687317,0.1437407284975052,0.0,0.18189328908920288,0.8181067109107971,843,0.18189328908920288
844,22,30,stable_normal,,0.00022429227828979492,0.456866592168808,0.45518970489501953,0.4585365056991577,0.0033468008041381836,0.9997757077217102,0.12289551645517349,0.0,0.11869218945503235,0.88130784034729,844,0.11869218945503235
845,22,31,stable_normal,,0.01875770092010498,0.4269369840621948,0.42567622661590576,0.42966917157173157,0.003992944955825806,0.981242299079895,0.13004638254642487,0.0,0.17133140563964844,0.8286685943603516,845,0.17133140563964844
846,22,32,stable_normal,,0.044071197509765625,0.4321272373199463,0.4352777898311615,0.431963175535202,0.0033146142959594727,0.9559288024902344,0.1332959532737732,0.0,0.16666355729103088,0.8333364725112915,846,0.16666355729103088
847,22,33,stable_normal,,0.00011846423149108887,0.455155611038208,0.45539262890815735,0.4549252390861511,0.0004673898220062256,0.9998815059661865,0.12312006205320358,0.0,0.22263041138648987,0.7773696184158325,847,0.22263041138648987
848,22,34,pseudo_anomaly_risk,,0.1504039168357849,0.4272795021533966,0.4665556252002716,0.3982495069503784,0.06830611824989319,0.8495960831642151,0.1521264910697937,0.0,0.1507951319217682,0.8492048978805542,848,0.1507951319217682
849,22,35,stable_normal,,0.0319916307926178,0.4273144602775574,0.4491434693336487,0.4066545367240906,0.042488932609558105,0.9680083990097046,0.1320851892232895,0.0,0.15197515487670898,0.848024845123291,849,0.15197515487670898
850,22,36,stable_normal,,0.08284813165664673,0.3977499306201935,0.44999179244041443,0.3471008539199829,0.10289093852043152,0.9171518683433533,0.14511342346668243,0.0,0.18067994713783264,0.8193200826644897,850,0.18067994713783264
851,23,0,stable_normal,,0.0008669495582580566,0.42569243907928467,0.42997249960899353,0.421633243560791,0.008339256048202515,0.9991330504417419,0.12743908166885376,0.0,0.23634615540504456,0.7636538743972778,851,0.23634615540504456
852,23,1,noise_sensitive_normal,,0.2605695128440857,0.3790389597415924,0.38306161761283875,0.40244147181510925,0.019379854202270508,0.7394304871559143,0.1821175068616867,0.0,0.18537931144237518,0.8146206736564636,852,0.18537931144237518
853,23,2,pseudo_anomaly_risk,,0.34255823493003845,0.4144812226295471,0.3879975378513336,0.4561823904514313,0.06818485260009766,0.6574417352676392,0.19243372976779938,0.0,0.22454310953617096,0.7754569053649902,853,0.22454310953617096
854,23,3,pseudo_anomaly_risk,,0.23929154872894287,0.4188896119594574,0.45117470622062683,0.3909101188182831,0.06026458740234375,0.7607084512710571,0.17029385268688202,0.0,0.20800848305225372,0.7919915318489075,854,0.20800848305225372
855,23,4,stable_normal,,0.011151403188705444,0.44390034675598145,0.4652702212333679,0.42538097500801086,0.039889246225357056,0.9888485670089722,0.1263951063156128,0.0,0.2195894718170166,0.7804105281829834,855,0.2195894718170166
856,23,5,lesion_candidate_preserved,,0.06763279438018799,0.46787840127944946,0.46430084109306335,0.47375962138175964,0.009458780288696289,0.932367205619812,0.13170774281024933,0.0,0.12885938584804535,0.8711405992507935,856,0.12885938584804535
857,23,6,lesion_candidate_preserved,,0.023126423358917236,0.46745210886001587,0.4938255846500397,0.44557449221611023,0.04825109243392944,0.9768735766410828,0.12485381215810776,0.0,0.16825714707374573,0.8317428827285767,857,0.16825714707374573
858,23,7,noise_sensitive_normal,,0.08989971876144409,0.4100763201713562,0.39503610134124756,0.4299027621746063,0.034866660833358765,0.9101002812385559,0.14433929324150085,0.0,0.16675549745559692,0.8332445025444031,858,0.16675549745559692
859,23,8,stable_normal,,0.02538597583770752,0.4337560534477234,0.4415562152862549,0.4280780851840973,0.013478130102157593,0.9746140241622925,0.130083829164505,0.0,0.1347622126340866,0.8652377724647522,859,0.1347622126340866
860,23,9,lesion_candidate_preserved,,0.0938301682472229,0.48685088753700256,0.5098996162414551,0.47012510895729065,0.03977450728416443,0.9061698317527771,0.1330515742301941,0.0,0.19389812648296356,0.8061018586158752,860,0.19389812648296356
861,23,10,lesion_candidate_preserved,,0.009959012269973755,0.5036417841911316,0.5048173069953918,0.5026572942733765,0.002160012722015381,0.9900410175323486,0.11787744611501694,0.0,0.25235140323638916,0.7476485967636108,861,0.25235140323638916
862,23,11,stable_normal,,0.014879882335662842,0.397256463766098,0.39913210272789,0.39664214849472046,0.0024899542331695557,0.9851201176643372,0.13385678827762604,0.0,0.2044486105442047,0.7955514192581177,862,0.2044486105442047
863,23,12,stable_normal,,0.014499753713607788,0.4463319182395935,0.457093745470047,0.43476149439811707,0.02233225107192993,0.9855002164840698,0.12655936181545258,0.0,0.16005277633666992,0.8399472236633301,863,0.16005277633666992
864,23,13,stable_normal,,0.001706838607788086,0.45711392164230347,0.4538012742996216,0.46058109402656555,0.00677981972694397,0.9982931613922119,0.12308304756879807,0.0,0.1937493085861206,0.8062506914138794,864,0.1937493085861206
865,23,14,stable_normal,,0.03184455633163452,0.335746169090271,0.33157506585121155,0.3449949324131012,0.013419866561889648,0.9681554436683655,0.14634206891059875,0.0,0.16132500767707825,0.8386750221252441,865,0.16132500767707825
866,23,15,stable_normal,,0.0021306276321411133,0.4658014476299286,0.4620001018047333,0.46958550810813904,0.007585406303405762,0.9978693723678589,0.12192998081445694,0.0,0.13677488267421722,0.8632251024246216,866,0.13677488267421722
867,23,16,pseudo_anomaly_risk,,0.14408770203590393,0.3900547921657562,0.32269251346588135,0.4577062129974365,0.13501369953155518,0.8559123277664185,0.15731896460056305,0.0,0.22096967697143555,0.7790303230285645,867,0.22096967697143555
868,23,17,stable_normal,,4.4405460357666016e-05,0.45664533972740173,0.45653221011161804,0.4567610025405884,0.00022879242897033691,0.9999555945396423,0.12289963662624359,0.0,0.13098904490470886,0.8690109252929688,868,0.13098904490470886
869,23,18,stable_normal,,0.05129039287567139,0.4317663311958313,0.3987607955932617,0.464933305978775,0.0661725103855133,0.9487096071243286,0.13451415300369263,0.0,0.17071717977523804,0.829282820224762,869,0.17071717977523804
870,23,19,stable_normal,,0.02019152045249939,0.4493665397167206,0.43268463015556335,0.4669031500816345,0.03421851992607117,0.9798084497451782,0.12699759006500244,0.0,0.15564826130867004,0.8443517684936523,870,0.15564826130867004
871,23,20,stable_normal,,0.006467670202255249,0.3944612145423889,0.3948519229888916,0.3947374224662781,0.00011450052261352539,0.9935322999954224,0.1329260617494583,0.0,0.17094284296035767,0.8290571570396423,871,0.17094284296035767
872,23,21,stable_normal,,0.0003409385681152344,0.46201103925704956,0.4600207805633545,0.46404603123664856,0.004025250673294067,0.9996590614318848,0.12219247221946716,0.0,0.18904487788677216,0.8109551072120667,872,0.18904487788677216
873,23,22,stable_normal,,0.0003674328327178955,0.4583073854446411,0.45438021421432495,0.46218669414520264,0.0078064799308776855,0.9996325969696045,0.1227148026227951,0.0,0.14310795068740845,0.8568920493125916,873,0.14310795068740845
874,23,23,stable_normal,,0.010688483715057373,0.4364689290523529,0.46171092987060547,0.4129070043563843,0.04880392551422119,0.9893115162849426,0.12739624083042145,0.0,0.191150963306427,0.808849036693573,874,0.191150963306427
875,23,24,stable_normal,,0.0031906962394714355,0.4452354907989502,0.45758548378944397,0.4328363835811615,0.02474910020828247,0.9968093037605286,0.12498810887336731,0.0,0.17794521152973175,0.8220548033714294,875,0.17794521152973175
876,23,25,lesion_candidate_preserved,,0.008691132068634033,0.4722082018852234,0.47934696078300476,0.46515581011772156,0.014191150665283203,0.991308867931366,0.12201283872127533,0.0,0.16879311203956604,0.8312069177627563,876,0.16879311203956604
877,23,26,lesion_candidate_preserved,,0.24455654621124268,0.47852396965026855,0.5088491439819336,0.4560873210430145,0.05276182293891907,0.7554434537887573,0.16058231890201569,0.0,0.1996624916791916,0.8003374934196472,877,0.1996624916791916
878,23,27,lesion_candidate_preserved,,0.014689207077026367,0.4895020127296448,0.49633872509002686,0.4838354289531708,0.012503296136856079,0.9853107929229736,0.12050103396177292,0.0,0.1572885662317276,0.8427114486694336,878,0.1572885662317276
879,23,28,stable_normal,,0.03451797366142273,0.44833844900131226,0.43767502903938293,0.4620985984802246,0.024423569440841675,0.9654819965362549,0.1293724626302719,0.0,0.1755984127521515,0.8244016170501709,879,0.1755984127521515
880,23,29,stable_normal,,0.027065396308898926,0.4657649099826813,0.47346946597099304,0.4582940936088562,0.01517537236213684,0.9729346036911011,0.12569455802440643,0.0,0.18025705218315125,0.8197429180145264,880,0.18025705218315125
881,23,30,stable_normal,,0.005385756492614746,0.46307572722435,0.46141794323921204,0.46499747037887573,0.0035795271396636963,0.9946142435073853,0.12279710173606873,0.0,0.16371390223503113,0.8362860679626465,881,0.16371390223503113
882,23,31,pseudo_anomaly_risk,,0.11102232336997986,0.41809701919555664,0.47680744528770447,0.33917877078056335,0.1376286745071411,0.8889776468276978,0.1466907262802124,0.0,0.21015024185180664,0.7898497581481934,882,0.21015024185180664
883,23,32,stable_normal,,0.04302901029586792,0.4486435055732727,0.4441583752632141,0.45593443512916565,0.011776059865951538,0.9569709897041321,0.130665585398674,0.0,0.1812128722667694,0.8187870979309082,883,0.1812128722667694
884,23,33,stable_normal,,0.029355645179748535,0.43000444769859314,0.4702589511871338,0.3895728290081024,0.08068612217903137,0.9706443548202515,0.13126568496227264,0.0,0.18006467819213867,0.8199353218078613,884,0.18006467819213867
885,23,34,stable_normal,,0.03208714723587036,0.40515393018722534,0.3844851851463318,0.42613017559051514,0.04164499044418335,0.9679128527641296,0.13544495403766632,0.0,0.18192754685878754,0.8180724382400513,885,0.18192754685878754
886,23,35,stable_normal,,0.007205992937088013,0.43933603167533875,0.44688692688941956,0.4319876432418823,0.014899283647537231,0.9927940368652344,0.12644605338573456,0.0,0.18152141571044922,0.8184785842895508,886,0.18152141571044922
887,23,36,stable_normal,,0.031071126461029053,0.3632378578186035,0.39673250913619995,0.32677656412124634,0.06995594501495361,0.968928873538971,0.14179429411888123,0.0,0.2301337867975235,0.7698662281036377,887,0.2301337867975235
888,24,0,pseudo_anomaly_risk,,0.09619152545928955,0.4045294225215912,0.4424307942390442,0.3638397753238678,0.07859101891517639,0.9038084745407104,0.14632289111614227,0.0,0.24274763464927673,0.7572523355484009,888,0.24274763464927673
889,24,1,stable_normal,,0.0012619495391845703,0.45433005690574646,0.45737573504447937,0.45127156376838684,0.006104171276092529,0.9987380504608154,0.12340801954269409,0.0,0.11209864169359207,0.8879013657569885,889,0.11209864169359207
890,24,2,stable_normal,,0.006369411945343018,0.42402148246765137,0.42825499176979065,0.4199639856815338,0.008291006088256836,0.993630588054657,0.12853552401065826,0.0,0.17777840793132782,0.822221577167511,890,0.17777840793132782
891,24,3,noise_sensitive_normal,,0.40535596013069153,0.44519785046577454,0.4456155002117157,0.45853933691978455,0.012923836708068848,0.5946440696716309,0.19988732039928436,0.0,0.23789121210575104,0.7621088027954102,891,0.23789121210575104
892,24,4,stable_normal,,0.028636038303375244,0.41072016954421997,0.44592729210853577,0.38534823060035706,0.06057906150817871,0.9713639616966248,0.1340404748916626,0.0,0.21599453687667847,0.7840054631233215,892,0.21599453687667847
893,24,5,pseudo_anomaly_risk,,0.15906944870948792,0.4339273273944855,0.408873587846756,0.4566933810710907,0.04781979322433472,0.8409305810928345,0.1525636911392212,0.0,0.21547406911849976,0.7845259308815002,893,0.21547406911849976
894,24,6,lesion_candidate_preserved,,0.01040107011795044,0.5196788907051086,0.5447741746902466,0.49558547139167786,0.049188703298568726,0.9895989298820496,0.11578558385372162,0.0,0.18272803723812103,0.8172719478607178,894,0.18272803723812103
895,24,7,noise_sensitive_normal,,0.2826237082481384,0.43129777908325195,0.4281150698661804,0.45558422803878784,0.027469158172607422,0.7173762917518616,0.17661087214946747,0.0,0.16669844090938568,0.8333015441894531,895,0.16669844090938568
896,24,8,lesion_candidate_preserved,,0.08605533838272095,0.48530781269073486,0.5069231390953064,0.467601478099823,0.0393216609954834,0.913944661617279,0.13204020261764526,0.0,0.1929067075252533,0.8070932626724243,896,0.1929067075252533
897,24,9,stable_normal,,0.01860487461090088,0.4020669460296631,0.3908000588417053,0.41835710406303406,0.027557045221328735,0.9813951253890991,0.1337306797504425,0.0,0.1651184856891632,0.8348815441131592,897,0.1651184856891632
898,24,10,pseudo_anomaly_risk,,0.34199804067611694,0.42042648792266846,0.45795756578445435,0.40118902921676636,0.05676853656768799,0.6580019593238831,0.19111281633377075,0.0,0.2172890305519104,0.7827109694480896,898,0.2172890305519104
899,24,11,stable_normal,,0.0003885328769683838,0.4549848139286041,0.4548899829387665,0.4550967812538147,0.00020679831504821777,0.999611496925354,0.12318462878465652,0.0,0.17202091217041016,0.8279790878295898,899,0.17202091217041016
900,24,12,stable_normal,,0.001593947410583496,0.45609501004219055,0.4625675678253174,0.4494797885417938,0.01308777928352356,0.9984060525894165,0.1232093945145607,0.0,0.17262785136699677,0.827372133731842,900,0.17262785136699677
901,24,13,lesion_candidate_preserved,,0.0478074848651886,0.4793170392513275,0.47140055894851685,0.48675522208213806,0.015354663133621216,0.9521925449371338,0.12692812085151672,0.0,0.22229716181755066,0.777702808380127,901,0.22229716181755066
902,24,14,pseudo_anomaly_risk,,0.10883855819702148,0.38142865896224976,0.4329043924808502,0.32669031620025635,0.10621407628059387,0.8911614418029785,0.15237799286842346,0.0,0.22428138554096222,0.775718629360199,902,0.22428138554096222
903,24,15,stable_normal,,0.008108794689178467,0.46162673830986023,0.44679614901542664,0.4767177700996399,0.029921621084213257,0.9918912053108215,0.12340939044952393,0.0,0.23784658312797546,0.7621533870697021,903,0.23784658312797546
904,24,16,stable_normal,,0.012888014316558838,0.4449009895324707,0.45380908250808716,0.4357813000679016,0.018027782440185547,0.9871119856834412,0.12651775777339935,0.0,0.19673821330070496,0.8032617568969727,904,0.19673821330070496
905,24,17,noise_sensitive_normal,,0.11973899602890015,0.37886664271354675,0.38563182950019836,0.3856715261936188,3.9696693420410156e-05,0.8802610039710999,0.15478120744228363,0.0,0.23005487024784088,0.7699451446533203,905,0.23005487024784088
906,24,18,pseudo_anomaly_risk,,0.2596082091331482,0.45096346735954285,0.4792238771915436,0.4226314425468445,0.0565924346446991,0.7403917908668518,0.16838960349559784,0.0,0.18450605869293213,0.8154939413070679,906,0.18450605869293213
907,24,19,lesion_candidate_preserved,,0.0031996965408325195,0.4765786826610565,0.4870755970478058,0.46694493293762207,0.020130664110183716,0.9968003034591675,0.12059254199266434,0.0,0.14783115684986115,0.8521688580513,907,0.14783115684986115
908,24,20,pseudo_anomaly_risk,,0.23667213320732117,0.4353748559951782,0.41186344623565674,0.4581105411052704,0.04624709486961365,0.7633278369903564,0.1667749136686325,0.0,0.20970867574214935,0.7902913093566895,908,0.20970867574214935
909,24,21,pseudo_anomaly_risk,,0.29173991084098816,0.4284876585006714,0.45341506600379944,0.40980038046836853,0.04361468553543091,0.7082600593566895,0.17899824678897858,0.0,0.21377812325954437,0.7862218618392944,909,0.21377812325954437
910,24,22,pseudo_anomaly_risk,,0.1396203637123108,0.4325560927391052,0.46427538990974426,0.39345210790634155,0.07082328200340271,0.8603796362876892,0.14932817220687866,0.0,0.23342150449752808,0.7665784955024719,910,0.23342150449752808
911,24,23,lesion_candidate_preserved,,0.01500236988067627,0.4804944694042206,0.4826258420944214,0.47867491841316223,0.003950923681259155,0.9849976301193237,0.12179651111364365,0.0,0.19721899926662445,0.8027809858322144,911,0.19721899926662445
912,24,24,stable_normal,,0.00013816356658935547,0.4604634940624237,0.4586026668548584,0.4623182713985443,0.003715604543685913,0.9998618364334106,0.12237856537103653,0.0,0.18967311084270477,0.810326874256134,912,0.18967311084270477
913,24,25,lesion_candidate_preserved,,0.02409154176712036,0.46798646450042725,0.4599727690219879,0.476324200630188,0.016351431608200073,0.9759084582328796,0.12492436170578003,0.0,0.15894345939159393,0.8410565257072449,913,0.15894345939159393
914,24,26,lesion_candidate_preserved,,0.06031480431556702,0.5253163576126099,0.5417230725288391,0.5074569582939148,0.034266114234924316,0.9396852254867554,0.12228935956954956,0.0,0.20162861049175262,0.7983713746070862,914,0.20162861049175262
915,24,27,stable_normal,,0.012454867362976074,0.4251271188259125,0.422513872385025,0.42936238646507263,0.006848514080047607,0.9875451326370239,0.12932370603084564,0.0,0.1961883008480072,0.8038116693496704,915,0.1961883008480072
916,24,28,stable_normal,,0.004388272762298584,0.4429950416088104,0.44664686918258667,0.4398338794708252,0.006812989711761475,0.9956117272377014,0.12549014389514923,0.0,0.22313420474529266,0.7768657803535461,916,0.22313420474529266
917,24,29,stable_normal,,0.00584489107131958,0.4488375186920166,0.4535808265209198,0.4439341127872467,0.009646713733673096,0.9941551089286804,0.12487849593162537,0.0,0.2165858894586563,0.7834141254425049,917,0.2165858894586563
918,24,30,stable_normal,,0.010254323482513428,0.39279904961586,0.4108901619911194,0.37242844700813293,0.03846171498298645,0.9897456765174866,0.13378453254699707,0.0,0.24926155805587769,0.7507384419441223,918,0.24926155805587769
919,24,31,stable_normal,,0.010557949542999268,0.3792422413825989,0.3925657570362091,0.3665575385093689,0.02600821852684021,0.9894420504570007,0.13589362800121307,0.0,0.24925969541072845,0.7507402896881104,919,0.24925969541072845
920,24,32,pseudo_anomaly_risk,,0.180921733379364,0.36273935437202454,0.3503015637397766,0.394634872674942,0.044333308935165405,0.819078266620636,0.16916745901107788,0.0,0.23159323632717133,0.7684067487716675,920,0.23159323632717133
921,24,33,stable_normal,,0.024028539657592773,0.34792619943618774,0.3813379108905792,0.31783097982406616,0.06350693106651306,0.9759714603424072,0.14303453266620636,0.0,0.272111713886261,0.727888286113739,921,0.272111713886261
922,24,34,stable_normal,,0.007122039794921875,0.4194607436656952,0.4062311351299286,0.4335878789424896,0.027356743812561035,0.9928779602050781,0.12932012975215912,0.0,0.20094753801822662,0.7990524768829346,922,0.20094753801822662
923,24,35,pseudo_anomaly_risk,,0.25235605239868164,0.37056609988212585,0.4233197867870331,0.34026989340782166,0.08304989337921143,0.7476439476013184,0.18206091225147247,0.0,0.23447509109973907,0.7655249238014221,923,0.23447509109973907
924,24,36,lesion_candidate_preserved,,0.03327101469039917,0.47404828667640686,0.46511340141296387,0.4852542579174042,0.020140856504440308,0.9667289853096008,0.12545695900917053,0.0,0.24754464626312256,0.7524553537368774,924,0.24754464626312256
925,25,0,stable_normal,,0.006111115217208862,0.4468284547328949,0.45812368392944336,0.4353960156440735,0.022727668285369873,0.9938888549804688,0.12520526349544525,0.0,0.16795283555984497,0.832047164440155,925,0.16795283555984497
926,25,1,stable_normal,,0.019284337759017944,0.3758876919746399,0.36887603998184204,0.38725975155830383,0.018383711576461792,0.9807156324386597,0.13784261047840118,0.0,0.19474364817142487,0.8052563667297363,926,0.19474364817142487
927,25,2,stable_normal,,0.003852754831314087,0.3367058038711548,0.3417695462703705,0.332327663898468,0.009441882371902466,0.9961472749710083,0.14139646291732788,0.0,0.2111711949110031,0.7888287901878357,927,0.2111711949110031
928,25,3,stable_normal,,0.000391542911529541,0.45465320348739624,0.4563792645931244,0.4529232084751129,0.0034560561180114746,0.9996084570884705,0.12323172390460968,0.0,0.15526510775089264,0.8447349071502686,928,0.15526510775089264
929,25,4,stable_normal,,0.03347885608673096,0.4006776213645935,0.40235069394111633,0.4021453857421875,0.000205308198928833,0.966521143913269,0.13635675609111786,0.0,0.18402422964572906,0.8159757852554321,929,0.18402422964572906
930,25,5,stable_normal,,0.0019891858100891113,0.4514322578907013,0.45627477765083313,0.44648441672325134,0.009790360927581787,0.9980108141899109,0.12392660975456238,0.0,0.1979627162218094,0.8020372986793518,930,0.1979627162218094
931,25,6,lesion_candidate_preserved,,0.03685671091079712,0.46802741289138794,0.4809773862361908,0.45611095428466797,0.024866431951522827,0.9631432890892029,0.12687095999717712,0.0,0.17534852027893066,0.8246514797210693,931,0.17534852027893066
932,25,7,lesion_candidate_preserved,,0.0018194913864135742,0.4710449278354645,0.4706168472766876,0.47151970863342285,0.0009028613567352295,0.9981805086135864,0.12115461379289627,0.0,0.14023660123348236,0.8597633838653564,932,0.14023660123348236
933,25,8,lesion_candidate_preserved,,0.06438255310058594,0.478777140378952,0.4931560754776001,0.46571141481399536,0.027444660663604736,0.9356174468994141,0.12958241999149323,0.0,0.1901557296514511,0.8098442554473877,933,0.1901557296514511
934,25,9,lesion_candidate_preserved,,0.13239094614982605,0.4780415892601013,0.5109724998474121,0.4574984312057495,0.0534740686416626,0.8676090240478516,0.1407381147146225,0.0,0.2354746013879776,0.7645254135131836,934,0.2354746013879776
935,25,10,stable_normal,,0.0014668405055999756,0.45817112922668457,0.4584560692310333,0.4579535722732544,0.0005024969577789307,0.9985331296920776,0.12289854139089584,0.0,0.17410999536514282,0.8258900046348572,935,0.17410999536514282
936,25,11,lesion_candidate_preserved,,0.07083463668823242,0.46921852231025696,0.45683369040489197,0.48872804641723633,0.03189435601234436,0.9291653633117676,0.1320173740386963,0.0,0.21930882334709167,0.7806911468505859,936,0.21930882334709167
937,25,12,stable_normal,,0.004413694143295288,0.4006861448287964,0.3957861065864563,0.4053812325000763,0.009595125913619995,0.9955862760543823,0.1316676139831543,0.0,0.19563347101211548,0.8043665289878845,937,0.19563347101211548
938,25,13,lesion_candidate_preserved,,0.2520040273666382,0.46900320053100586,0.4489136040210724,0.48076683282852173,0.03185322880744934,0.7479959726333618,0.16367292404174805,0.0,0.21221520006656647,0.7877848148345947,938,0.21221520006656647
939,25,14,lesion_candidate_preserved,,0.006715923547744751,0.4869624972343445,0.48705440759658813,0.4869602620601654,9.414553642272949e-05,0.9932841062545776,0.1196795254945755,0.0,0.2220127433538437,0.7779872417449951,939,0.2220127433538437
940,25,15,stable_normal,,0.00830841064453125,0.41520586609840393,0.3962413966655731,0.43541011214256287,0.039168715476989746,0.9916915893554688,0.13013195991516113,0.0,0.22787024080753326,0.7721297740936279,940,0.22787024080753326
941,25,16,pseudo_anomaly_risk,,0.26487356424331665,0.36137494444847107,0.43585652112960815,0.31641191244125366,0.11944460868835449,0.7351264357566833,0.18647536635398865,0.0,0.19349613785743713,0.8065038919448853,941,0.19349613785743713
942,25,17,noise_sensitive_normal,,0.41474348306655884,0.4398651719093323,0.41652345657348633,0.4562755823135376,0.03975212574005127,0.5852565169334412,0.20310412347316742,0.0,0.2581176459789276,0.74188232421875,942,0.2581176459789276
943,25,18,stable_normal,,0.003278970718383789,0.452303946018219,0.4484962224960327,0.4564080536365509,0.007911831140518188,0.9967210292816162,0.1239980086684227,0.0,0.146427720785141,0.8535722494125366,943,0.146427720785141
944,25,19,pseudo_anomaly_risk,,0.2992720603942871,0.43134331703186035,0.3995048999786377,0.4694483280181885,0.06994342803955078,0.7007279396057129,0.17999228835105896,0.0,0.21289095282554626,0.7871090173721313,944,0.21289095282554626
945,25,20,stable_normal,,6.705522537231445e-05,0.4562775492668152,0.45762988924980164,0.4549274742603302,0.0027024149894714355,0.9999329447746277,0.12295468896627426,0.0,0.16915354132652283,0.8308464288711548,945,0.16915354132652283
946,25,21,lesion_candidate_preserved,,0.042750000953674316,0.4763513207435608,0.4940733015537262,0.45841753482818604,0.03565576672554016,0.9572499990463257,0.12657761573791504,0.0,0.1597563773393631,0.8402436375617981,946,0.1597563773393631
947,25,22,lesion_candidate_preserved,,0.003407299518585205,0.5191055536270142,0.5152508616447449,0.522842526435852,0.007591664791107178,0.9965927004814148,0.11487001180648804,0.0,0.24471279978752136,0.7552871704101562,947,0.24471279978752136
948,25,23,lesion_candidate_preserved,,0.00023424625396728516,0.467986136674881,0.46901726722717285,0.46697908639907837,0.0020381808280944824,0.9997657537460327,0.12134434282779694,0.0,0.15784531831741333,0.8421546816825867,948,0.15784531831741333
949,25,24,lesion_candidate_preserved,,0.0003439784049987793,0.4711891710758209,0.473857581615448,0.46855464577674866,0.005302935838699341,0.9996560215950012,0.1209164410829544,0.0,0.18956050276756287,0.8104394674301147,949,0.18956050276756287
950,25,25,lesion_candidate_preserved,,0.2142067551612854,0.49108773469924927,0.5439829230308533,0.44329842925071716,0.10068449378013611,0.7857932448387146,0.1528463065624237,0.0,0.17712201178073883,0.8228780031204224,950,0.17712201178073883
951,25,26,lesion_candidate_preserved,,0.00861269235610962,0.4845448136329651,0.5057032704353333,0.46362605690956116,0.042077213525772095,0.9913873076438904,0.1202903762459755,0.0,0.1461680382490158,0.853831946849823,951,0.1461680382490158
952,25,27,pseudo_anomaly_risk,,0.2318946123123169,0.37672314047813416,0.3120565116405487,0.44615638256073,0.13409987092018127,0.7681053876876831,0.17669443786144257,0.0,0.18901009857654572,0.8109899163246155,952,0.18901009857654572
953,25,28,stable_normal,,0.014029532670974731,0.45187246799468994,0.4388563930988312,0.46377381682395935,0.024917423725128174,0.9859704971313477,0.1256919503211975,0.0,0.20913882553577423,0.790861189365387,953,0.20913882553577423
954,25,29,pseudo_anomaly_risk,,0.30573928356170654,0.42589178681373596,0.45531657338142395,0.40946832299232483,0.04584825038909912,0.6942607164382935,0.18237923085689545,0.0,0.15498891472816467,0.8450111150741577,954,0.15498891472816467
955,25,30,stable_normal,,0.049336135387420654,0.448856383562088,0.44778966903686523,0.45287245512008667,0.0050827860832214355,0.9506638646125793,0.13163290917873383,0.0,0.19006000459194183,0.809939980506897,955,0.19006000459194183
956,25,31,lesion_candidate_preserved,,0.0032513439655303955,0.47240573167800903,0.4711351692676544,0.4737674593925476,0.0026322901248931885,0.996748685836792,0.1211777776479721,0.0,0.1969003677368164,0.8030996322631836,956,0.1969003677368164
957,25,32,stable_normal,,0.00023576617240905762,0.45674487948417664,0.4561774432659149,0.45732012391090393,0.0011426806449890137,0.9997642040252686,0.12291432917118073,0.0,0.13112770020961761,0.8688722848892212,957,0.13112770020961761
958,25,33,stable_normal,,0.011777102947235107,0.4511878788471222,0.4384379982948303,0.46366333961486816,0.025225341320037842,0.9882228970527649,0.12544609606266022,0.0,0.17428532242774963,0.8257147073745728,958,0.17428532242774963
959,25,34,stable_normal,,0.020087331533432007,0.46040305495262146,0.46623945236206055,0.45441508293151855,0.011824369430541992,0.9799126386642456,0.1253965049982071,0.0,0.1755930334329605,0.8244069814682007,959,0.1755930334329605
960,25,35,stable_normal,,0.05275928974151611,0.45567813515663147,0.4490582346916199,0.4654163420200348,0.016358107328414917,0.9472407102584839,0.13116182386875153,0.0,0.2221025675535202,0.7778974175453186,960,0.2221025675535202
961,25,36,lesion_candidate_preserved,,0.1379941701889038,0.49181804060935974,0.47808849811553955,0.5119118094444275,0.03382331132888794,0.8620058298110962,0.13951446115970612,0.0,0.2083553969860077,0.7916445732116699,961,0.2083553969860077
962,26,0,stable_normal,,0.004110008478164673,0.38853198289871216,0.39026618003845215,0.3873376250267029,0.0029285550117492676,0.9958900213241577,0.1334393173456192,0.0,0.20792633295059204,0.792073667049408,962,0.20792633295059204
963,26,1,stable_normal,,0.0007470846176147461,0.4547048807144165,0.453870952129364,0.4555842876434326,0.0017133355140686035,0.9992529153823853,0.12327786535024643,0.0,0.1680735945701599,0.8319264054298401,963,0.1680735945701599
964,26,2,pseudo_anomaly_risk,,0.20855677127838135,0.3550716042518616,0.41139164566993713,0.32181885838508606,0.08957278728485107,0.7914432287216187,0.17607900500297546,0.0,0.16190625727176666,0.8380937576293945,964,0.16190625727176666
965,26,3,stable_normal,,0.0003299713134765625,0.45545080304145813,0.4553901255130768,0.4555256962776184,0.00013557076454162598,0.9996700286865234,0.12311030179262161,0.0,0.13406246900558472,0.8659375309944153,965,0.13406246900558472
966,26,4,pseudo_anomaly_risk,,0.3123597502708435,0.42042815685272217,0.4574817717075348,0.39017483592033386,0.06730693578720093,0.6876402497291565,0.18482519686222076,0.0,0.17868921160697937,0.8213107585906982,966,0.17868921160697937
967,26,5,noise_sensitive_normal,,0.2493729293346405,0.40070152282714844,0.3918977677822113,0.42809364199638367,0.03619587421417236,0.7506270408630371,0.17568735778331757,0.0,0.21717220544815063,0.7828277945518494,967,0.21717220544815063
968,26,6,stable_normal,,0.009092092514038086,0.39786142110824585,0.4066160321235657,0.39046189188957214,0.01615414023399353,0.9909079074859619,0.13283607363700867,0.0,0.16814088821411133,0.8318591117858887,968,0.16814088821411133
969,26,7,pseudo_anomaly_risk,,0.12608501315116882,0.43288010358810425,0.4056517481803894,0.46798059344291687,0.062328845262527466,0.8739149570465088,0.1469012349843979,0.0,0.15720564126968384,0.8427943587303162,969,0.15720564126968384
970,26,8,pseudo_anomaly_risk,,0.33594444394111633,0.417484849691391,0.4555470943450928,0.392685204744339,0.06286188960075378,0.664055585861206,0.19040538370609283,0.0,0.22228343784809113,0.7777165770530701,970,0.22228343784809113
971,26,9,stable_normal,,0.009302496910095215,0.3995141386985779,0.3985211253166199,0.4013379216194153,0.00281679630279541,0.9906975030899048,0.13262194395065308,0.0,0.16955161094665527,0.8304483890533447,971,0.16955161094665527
972,26,10,noise_sensitive_normal,,0.27579838037490845,0.44198763370513916,0.4583321213722229,0.43269291520118713,0.025639206171035767,0.7242016196250916,0.1732323318719864,0.0,0.2174735963344574,0.7825263738632202,972,0.2174735963344574
973,26,11,stable_normal,,0.00016361474990844727,0.4545491933822632,0.45713934302330017,0.45194223523139954,0.005197107791900635,0.9998363852500916,0.12321214377880096,0.0,0.2175830602645874,0.7824169397354126,973,0.2175830602645874
974,26,12,stable_normal,,0.0039955973625183105,0.45666706562042236,0.4582365155220032,0.45527383685112,0.0029626786708831787,0.9960044026374817,0.12348978966474533,0.0,0.18909268081188202,0.8109073042869568,974,0.18909268081188202
975,26,13,lesion_candidate_preserved,,0.0018860995769500732,0.4949284493923187,0.4994947910308838,0.4906430244445801,0.008851766586303711,0.9981138706207275,0.11789080500602722,0.0,0.20920296013355255,0.7907970547676086,975,0.20920296013355255
976,26,14,noise_sensitive_normal,,0.24513176083564758,0.4657233953475952,0.48817190527915955,0.4568883180618286,0.03128358721733093,0.7548682689666748,0.1629514843225479,0.0,0.22284190356731415,0.7771580815315247,976,0.22284190356731415
977,26,15,stable_normal,,5.486607551574707e-05,0.4551392197608948,0.4554503560066223,0.4548323154449463,0.0006180405616760254,0.9999451637268066,0.12311282008886337,0.0,0.1709863394498825,0.8290136456489563,977,0.1709863394498825
978,26,16,stable_normal,,0.08239203691482544,0.3368108570575714,0.3702935576438904,0.31193244457244873,0.05836111307144165,0.9176079630851746,0.15515688061714172,0.0,0.24152635037899017,0.7584736347198486,978,0.24152635037899017
979,26,17,pseudo_anomaly_risk,,0.27033573389053345,0.376008003950119,0.462857186794281,0.3129749596118927,0.1498822271823883,0.7296642661094666,0.18474198877811432,0.0,0.2342272251844406,0.7657727599143982,979,0.2342272251844406
980,26,18,pseudo_anomaly_risk,,0.22601237893104553,0.37121957540512085,0.326992005109787,0.4306298494338989,0.10363784432411194,0.7739876508712769,0.17654794454574585,0.0,0.257476806640625,0.742523193359375,980,0.257476806640625
981,26,19,lesion_candidate_preserved,,0.0010096430778503418,0.4749327301979065,0.47849202156066895,0.4713950455188751,0.007096976041793823,0.9989903569221497,0.12049711495637894,0.0,0.18519018590450287,0.8148097991943359,981,0.18519018590450287
982,26,20,lesion_candidate_preserved,,0.0059070885181427,0.5198859572410583,0.5241805911064148,0.5155943632125854,0.008586227893829346,0.9940929412841797,0.11512015014886856,0.0,0.24881210923194885,0.7511879205703735,982,0.24881210923194885
983,26,21,lesion_candidate_preserved,,0.012489557266235352,0.4684770703315735,0.46822747588157654,0.46912050247192383,0.00089302659034729,0.9875104427337646,0.12310317903757095,0.0,0.15218275785446167,0.8478172421455383,983,0.15218275785446167
984,26,22,stable_normal,,0.00671762228012085,0.4660685062408447,0.47911006212234497,0.4542727768421173,0.02483728528022766,0.9932823777198792,0.12257678806781769,0.0,0.2107430100440979,0.7892569899559021,984,0.2107430100440979
985,26,23,lesion_candidate_preserved,,0.044193148612976074,0.48377323150634766,0.5061857104301453,0.4612979292869568,0.04488778114318848,0.9558068513870239,0.12573304772377014,0.0,0.19331762194633484,0.8066823482513428,985,0.19331762194633484
986,26,24,stable_normal,,0.017583519220352173,0.4498459994792938,0.45175230503082275,0.4488735496997833,0.0028787553310394287,0.9824165105819702,0.12652722001075745,0.0,0.17004381120204926,0.8299561738967896,986,0.17004381120204926
987,26,25,noise_sensitive_normal,,0.4340569078922272,0.44041162729263306,0.4562937617301941,0.41851410269737244,0.037779659032821655,0.5659431219100952,0.207366481423378,0.0,0.2413979321718216,0.7586020827293396,987,0.2413979321718216
988,26,26,stable_normal,,0.005600452423095703,0.46647247672080994,0.4644433856010437,0.46879878640174866,0.004355400800704956,0.9943995475769043,0.12235336005687714,0.0,0.16632163524627686,0.8336783647537231,988,0.16632163524627686
989,26,27,stable_normal,,0.01611196994781494,0.3317950665950775,0.32414329051971436,0.34245216846466064,0.01830887794494629,0.9838880300521851,0.1442655771970749,0.0,0.21776767075061798,0.7822323441505432,989,0.21776767075061798
990,26,28,stable_normal,,0.006909012794494629,0.46228116750717163,0.44949427247047424,0.4780612885951996,0.028567016124725342,0.9930909872055054,0.12313704937696457,0.0,0.21378573775291443,0.7862142324447632,990,0.21378573775291443
991,26,29,stable_normal,,0.02759459614753723,0.4347233772277832,0.41460105776786804,0.45432570576667786,0.039724647998809814,0.9724054336547852,0.13028877973556519,0.0,0.15367642045021057,0.8463236093521118,991,0.15367642045021057
992,26,30,stable_normal,,0.0033133625984191895,0.45219331979751587,0.44785600900650024,0.45677658915519714,0.0089205801486969,0.9966866374015808,0.1240188479423523,0.0,0.2082061767578125,0.7917938232421875,992,0.2082061767578125
993,26,31,noise_sensitive_normal,,0.10344865918159485,0.3397686779499054,0.3574729859828949,0.33615750074386597,0.02131548523902893,0.8965513706207275,0.158517524600029,0.0,0.22239531576633453,0.7776046991348267,993,0.22239531576633453
994,26,32,lesion_candidate_preserved,,0.2181696593761444,0.4701414406299591,0.49283620715141296,0.4557088017463684,0.037127405405044556,0.7818303108215332,0.15714067220687866,0.0,0.14182746410369873,0.8581725358963013,994,0.14182746410369873
995,26,33,stable_normal,,0.00012540817260742188,0.45342493057250977,0.4536701738834381,0.4531833827495575,0.00048679113388061523,0.9998745918273926,0.12336468696594238,0.0,0.21033857762813568,0.7896614074707031,995,0.21033857762813568
996,26,34,lesion_candidate_preserved,,0.13692349195480347,0.49711284041404724,0.5298006534576416,0.470336377620697,0.05946427583694458,0.8630765080451965,0.13851091265678406,0.0,0.23532719910144806,0.7646728157997131,996,0.23532719910144806
997,26,35,stable_normal,,0.0010704100131988525,0.46277132630348206,0.46399831771850586,0.46162134408950806,0.0023769736289978027,0.9989296197891235,0.12219500541687012,0.0,0.21354395151138306,0.7864560484886169,997,0.21354395151138306
998,26,36,noise_sensitive_normal,,0.12369295954704285,0.46363571286201477,0.47654056549072266,0.45632192492485046,0.020218640565872192,0.8763070106506348,0.14154718816280365,0.0,0.248554065823555,0.7514459490776062,998,0.248554065823555
999,27,0,stable_normal,,0.01962319016456604,0.3451506197452545,0.3562401235103607,0.3351546823978424,0.02108544111251831,0.9803768396377563,0.14272740483283997,0.0,0.248460590839386,0.751539409160614,999,0.248460590839386
1000,27,1,pseudo_anomaly_risk,,0.31910276412963867,0.4285091161727905,0.4101119041442871,0.45407065749168396,0.04395875334739685,0.6808972358703613,0.1846514791250229,0.0,0.2205730527639389,0.7794269323348999,1000,0.2205730527639389
1001,27,2,stable_normal,,0.05096477270126343,0.39922091364860535,0.3864983916282654,0.4156673550605774,0.02916896343231201,0.9490352272987366,0.13947179913520813,0.0,0.15979614853858948,0.8402038812637329,1001,0.15979614853858948
1002,27,3,stable_normal,,0.008343815803527832,0.42573288083076477,0.43512842059135437,0.4159906208515167,0.019137799739837646,0.9916561841964722,0.12859323620796204,0.0,0.1862526834011078,0.8137472867965698,1002,0.1862526834011078
1003,27,4,stable_normal,,0.0006285309791564941,0.45485571026802063,0.4587950110435486,0.45093974471092224,0.007855266332626343,0.9993714690208435,0.12323881685733795,0.0,0.21423625946044922,0.7857637405395508,1003,0.21423625946044922
1004,27,5,noise_sensitive_normal,,0.3187803030014038,0.44670337438583374,0.4565002918243408,0.451770156621933,0.004730135202407837,0.6812196969985962,0.181043803691864,0.0,0.21648092567920685,0.7835190892219543,1004,0.21648092567920685
1005,27,6,lesion_candidate_preserved,,0.04738438129425049,0.4667845070362091,0.47305795550346375,0.4579772353172302,0.01508072018623352,0.9526156187057495,0.12868213653564453,0.0,0.20440855622291565,0.7955914735794067,1005,0.20440855622291565
1006,27,7,stable_normal,,0.00014472007751464844,0.4542653560638428,0.4530258774757385,0.45551952719688416,0.00249364972114563,0.9998552799224854,0.12324924767017365,0.0,0.2004818171262741,0.7995181679725647,1006,0.2004818171262741
1007,27,8,pseudo_anomaly_risk,,0.1260753870010376,0.4315849840641022,0.3958033323287964,0.4600731432437897,0.06426981091499329,0.8739246129989624,0.14711108803749084,0.0,0.17724880576133728,0.8227511644363403,1007,0.17724880576133728
1008,27,9,stable_normal,,0.0003553628921508789,0.4545479416847229,0.4568414092063904,0.45227551460266113,0.004565894603729248,0.9996446371078491,0.12324110418558121,0.0,0.12070748209953308,0.8792924880981445,1008,0.12070748209953308
1009,27,10,lesion_candidate_preserved,,0.11973369121551514,0.46802249550819397,0.4770066440105438,0.46468275785446167,0.012323886156082153,0.8802663087844849,0.14018969237804413,0.0,0.19780388474464417,0.8021961450576782,1009,0.19780388474464417
1010,27,11,stable_normal,,0.043721944093704224,0.41005629301071167,0.4312690496444702,0.38908523321151733,0.04218381643295288,0.9562780857086182,0.1365949809551239,0.0,0.22945432364940643,0.7705456614494324,1010,0.22945432364940643
1011,27,12,pseudo_anomaly_risk,,0.20664051175117493,0.43969306349754333,0.38960739970207214,0.4776934087276459,0.08808600902557373,0.7933595180511475,0.16029642522335052,0.0,0.22418034076690674,0.7758196592330933,1011,0.22418034076690674
1012,27,13,pseudo_anomaly_risk,,0.4583841860294342,0.43338504433631897,0.40470510721206665,0.45214101672172546,0.047435909509658813,0.5416158437728882,0.21451720595359802,0.0,0.25602132081985474,0.7439786791801453,1012,0.25602132081985474
1013,27,14,lesion_candidate_preserved,,0.10288041830062866,0.4783645570278168,0.4918209910392761,0.47003892064094543,0.02178207039833069,0.8971195816993713,0.1358012557029724,0.0,0.18982523679733276,0.8101747632026672,1013,0.18982523679733276
1014,27,15,lesion_candidate_preserved,,0.02968314290046692,0.4692935347557068,0.45965737104415894,0.4801652133464813,0.020507842302322388,0.9703168869018555,0.12558937072753906,0.0,0.13269656896591187,0.8673034310340881,1014,0.13269656896591187
1015,27,16,stable_normal,,0.04349625110626221,0.3955382704734802,0.42422959208488464,0.3636191189289093,0.06061047315597534,0.9565037488937378,0.13880297541618347,0.0,0.23687200248241425,0.7631279826164246,1015,0.23687200248241425
1016,27,17,stable_normal,,0.0030784010887145996,0.42028114199638367,0.43467891216278076,0.40660491585731506,0.028073996305465698,0.9969215989112854,0.1285688579082489,0.0,0.16553640365600586,0.8344635963439941,1016,0.16553640365600586
1017,27,18,stable_normal,,0.00036343932151794434,0.4584020674228668,0.4574264883995056,0.4594000279903412,0.0019735395908355713,0.9996365308761597,0.12270091474056244,0.0,0.15096476674079895,0.8490352630615234,1017,0.15096476674079895
1018,27,19,lesion_candidate_preserved,,0.024413585662841797,0.47132691740989685,0.4359690845012665,0.5098384618759155,0.07386937737464905,0.9755864143371582,0.12449828535318375,0.0,0.14813150465488434,0.8518685102462769,1018,0.14813150465488434
1019,27,20,lesion_candidate_preserved,,0.027307838201522827,0.47864916920661926,0.4602416157722473,0.49607470631599426,0.03583309054374695,0.9726921319961548,0.1238984614610672,0.0,0.22913402318954468,0.7708659768104553,1019,0.22913402318954468
1020,27,21,stable_normal,,0.01731950044631958,0.4604356288909912,0.4433850049972534,0.47922083735466003,0.035835832357406616,0.9826804995536804,0.12497056275606155,0.0,0.19501008093357086,0.8049899339675903,1020,0.19501008093357086
1021,27,22,lesion_candidate_preserved,,0.202467143535614,0.5010979771614075,0.5324458479881287,0.47240859270095825,0.06003725528717041,0.797532856464386,0.14908388257026672,0.0,0.19844356179237366,0.8015564680099487,1021,0.19844356179237366
1022,27,23,lesion_candidate_preserved,,0.012854307889938354,0.48439836502075195,0.4924381673336029,0.4770040810108185,0.015434086322784424,0.9871456623077393,0.12093592435121536,0.0,0.18778018653392792,0.8122197985649109,1022,0.18778018653392792
1023,27,24,stable_normal,,0.0009472072124481201,0.45878756046295166,0.4581768214702606,0.4594302773475647,0.0012534558773040771,0.9990527629852295,0.12273421883583069,0.0,0.15499672293663025,0.8450032472610474,1023,0.15499672293663025
1024,27,25,pseudo_anomaly_risk,,0.5067179799079895,0.4357059895992279,0.45598921179771423,0.4002539813518524,0.055735230445861816,0.4932820200920105,0.2255253791809082,0.0,0.2420560121536255,0.7579439878463745,1024,0.2420560121536255
1025,27,26,stable_normal,,0.004922389984130859,0.4328538179397583,0.4314000606536865,0.4345577359199524,0.003157675266265869,0.9950776100158691,0.1270292103290558,0.0,0.20464396476745605,0.795356035232544,1025,0.20464396476745605
1026,27,27,lesion_candidate_preserved,,0.02750992774963379,0.4768337607383728,0.5079116225242615,0.45102381706237793,0.056887805461883545,0.9724900722503662,0.12418590486049652,0.0,0.18088653683662415,0.8191134929656982,1026,0.18088653683662415
1027,27,28,stable_normal,,0.005160152912139893,0.4448150098323822,0.44285786151885986,0.44718286395072937,0.004325002431869507,0.9948398470878601,0.1253477931022644,0.0,0.20864196121692657,0.7913580536842346,1027,0.20864196121692657
1028,27,29,stable_normal,,0.0656573474407196,0.463988721370697,0.46239227056503296,0.4680435359477997,0.005651265382766724,0.934342622756958,0.13197335600852966,0.0,0.19979974627494812,0.8002002239227295,1028,0.19979974627494812
1029,27,30,stable_normal,,0.05722036957740784,0.42519667744636536,0.3793768286705017,0.4769403040409088,0.0975634753704071,0.9427796602249146,0.13648195564746857,0.0,0.16987836360931396,0.830121636390686,1029,0.16987836360931396
1030,27,31,pseudo_anomaly_risk,,0.19187816977500916,0.36976343393325806,0.40463271737098694,0.3547718822956085,0.04986083507537842,0.8081218004226685,0.17002367973327637,0.0,0.14620831608772278,0.8537917137145996,1030,0.14620831608772278
1031,27,32,stable_normal,,0.0001798868179321289,0.45472267270088196,0.4531438946723938,0.4563269019126892,0.00318300724029541,0.9998201131820679,0.12319018691778183,0.0,0.17339423298835754,0.8266057968139648,1031,0.17339423298835754
1032,27,33,lesion_candidate_preserved,,0.08315402269363403,0.47471529245376587,0.4977912902832031,0.45559364557266235,0.04219764471054077,0.916845977306366,0.1331632435321808,0.0,0.19801214337348938,0.801987886428833,1032,0.19801214337348938
1033,27,34,noise_sensitive_normal,,0.14899280667304993,0.4367024004459381,0.42289257049560547,0.4562765657901764,0.03338399529457092,0.8510072231292725,0.150299534201622,0.0,0.21911516785621643,0.780884861946106,1033,0.21911516785621643
1034,27,35,stable_normal,,0.08911734819412231,0.36573317646980286,0.3972310721874237,0.33635833859443665,0.06087273359298706,0.9108826518058777,0.1514802873134613,0.0,0.24708686769008636,0.7529131174087524,1034,0.24708686769008636
1035,27,36,stable_normal,,0.01397615671157837,0.3922136723995209,0.3881818950176239,0.39818182587623596,0.00999993085861206,0.9860238432884216,0.13447387516498566,0.0,0.23819716274738312,0.7618028521537781,1035,0.23819716274738312
1036,28,0,stable_normal,,0.0023900866508483887,0.4578510820865631,0.45992210507392883,0.45597967505455017,0.003942430019378662,0.9976099133491516,0.12308192253112793,0.0,0.21530719101428986,0.7846928238868713,1036,0.21530719101428986
1037,28,1,pseudo_anomaly_risk,,0.21834057569503784,0.41537925601005554,0.38600921630859375,0.448930025100708,0.06292080879211426,0.7816594243049622,0.16685344278812408,0.0,0.22460003197193146,0.7753999829292297,1037,0.22460003197193146
1038,28,2,stable_normal,,0.029034078121185303,0.38124409317970276,0.37728044390678406,0.39034077525138855,0.013060331344604492,0.9709659218788147,0.13862580060958862,0.0,0.16541673243045807,0.8345832824707031,1038,0.16541673243045807
1039,28,3,stable_normal,,0.0353715717792511,0.4345029294490814,0.4313145577907562,0.43940281867980957,0.008088260889053345,0.9646284580230713,0.13155131042003632,0.0,0.18741774559020996,0.81258225440979,1039,0.18741774559020996
1040,28,4,pseudo_anomaly_risk,,0.305458128452301,0.4239403307437897,0.4513472318649292,0.4049554467201233,0.04639178514480591,0.694541871547699,0.18270020186901093,0.0,0.20225010812282562,0.7977498769760132,1040,0.20225010812282562
1041,28,5,stable_normal,,0.08732932806015015,0.4356960356235504,0.4188728630542755,0.45650938153266907,0.037636518478393555,0.9126706719398499,0.1398364156484604,0.0,0.2191767543554306,0.7808232307434082,1041,0.2191767543554306
1042,28,6,stable_normal,,0.01273837685585022,0.4407123029232025,0.46040958166122437,0.42073121666908264,0.039678364992141724,0.9872616529464722,0.12709882855415344,0.0,0.2072448581457138,0.792755126953125,1042,0.2072448581457138
1043,28,7,lesion_candidate_preserved,,0.0029068589210510254,0.46846210956573486,0.4613993465900421,0.47541290521621704,0.014013558626174927,0.997093141078949,0.12167467176914215,0.0,0.19523480534553528,0.8047652244567871,1043,0.19523480534553528
1044,28,8,lesion_candidate_preserved,,0.011327922344207764,0.4689749479293823,0.4473586976528168,0.49631762504577637,0.048958927392959595,0.9886720776557922,0.12285908311605453,0.0,0.17132945358753204,0.8286705613136292,1044,0.17132945358753204
1045,28,9,stable_normal,,0.002644777297973633,0.4570236802101135,0.46157804131507874,0.45235610008239746,0.009221941232681274,0.9973552227020264,0.1232365295290947,0.0,0.17269158363342285,0.8273084163665771,1045,0.17269158363342285
1046,28,10,lesion_candidate_preserved,,0.009819120168685913,0.4822593927383423,0.49960416555404663,0.4665890038013458,0.033015161752700806,0.9901808500289917,0.12078370153903961,0.0,0.2203620821237564,0.7796379327774048,1046,0.2203620821237564
1047,28,11,stable_normal,,0.02646699547767639,0.4652099609375,0.4703373610973358,0.4614553451538086,0.008882015943527222,0.973533034324646,0.12568259239196777,0.0,0.21454216539859772,0.7854578495025635,1047,0.21454216539859772
1048,28,12,pseudo_anomaly_risk,,0.3207431435585022,0.4186168611049652,0.3906538784503937,0.4559010863304138,0.06524720788002014,0.6792568564414978,0.18694549798965454,0.0,0.18132779002189636,0.8186721801757812,1048,0.18132779002189636
1049,28,13,lesion_candidate_preserved,,0.11790433526039124,0.4840526282787323,0.5191956162452698,0.4633646607398987,0.055830955505371094,0.8820956945419312,0.13739022612571716,0.0,0.23095259070396423,0.7690473794937134,1049,0.23095259070396423
1050,28,14,lesion_candidate_preserved,,0.023747503757476807,0.46756094694137573,0.4776248633861542,0.4578356146812439,0.01978924870491028,0.9762524962425232,0.1249326691031456,0.0,0.13403873145580292,0.8659612536430359,1050,0.13403873145580292
1051,28,15,stable_normal,,0.0045198798179626465,0.46332812309265137,0.4780246913433075,0.4496857821941376,0.028338909149169922,0.9954801201820374,0.12263214588165283,0.0,0.18341992795467377,0.816580057144165,1051,0.18341992795467377
1052,28,16,stable_normal,,0.004653960466384888,0.44268476963043213,0.42974311113357544,0.457791268825531,0.028048157691955566,0.9953460693359375,0.12557505071163177,0.0,0.20686599612236023,0.7931339740753174,1052,0.20686599612236023
1053,28,17,stable_normal,,0.000965505838394165,0.4531081020832062,0.45618221163749695,0.45002874732017517,0.006153464317321777,0.9990345239639282,0.12353570759296417,0.0,0.21358993649482727,0.7864100933074951,1053,0.21358993649482727
1054,28,18,stable_normal,,0.05629533529281616,0.43796050548553467,0.4564603269100189,0.4184698462486267,0.03799048066139221,0.9437046647071838,0.13438481092453003,0.0,0.17112880945205688,0.8288711905479431,1054,0.17112880945205688
1055,28,19,stable_normal,,0.05441087484359741,0.45801040530204773,0.4370769262313843,0.47845566272735596,0.04137873649597168,0.9455891251564026,0.13107727468013763,0.0,0.22799614071846008,0.7720038890838623,1055,0.22799614071846008
1056,28,20,stable_normal,,0.01494133472442627,0.44278860092163086,0.41292089223861694,0.47567474842071533,0.06275385618209839,0.9850586652755737,0.12713851034641266,0.0,0.1932411640882492,0.8067588210105896,1056,0.1932411640882492
1057,28,21,lesion_candidate_preserved,,0.019659757614135742,0.49573469161987305,0.5204867124557495,0.4722582995891571,0.04822841286659241,0.9803402423858643,0.12037290632724762,0.0,0.22514528036117554,0.7748547196388245,1057,0.22514528036117554
1058,28,22,lesion_candidate_preserved,,0.0375370979309082,0.48911163210868835,0.5178879499435425,0.4652978479862213,0.05259010195732117,0.9624629020690918,0.12396254390478134,0.0,0.23283962905406952,0.7671603560447693,1058,0.23283962905406952
1059,28,23,lesion_candidate_preserved,,0.012039512395858765,0.46991267800331116,0.47604724764823914,0.4641162157058716,0.011931031942367554,0.9879604578018188,0.12283404171466827,0.0,0.1958242505788803,0.8041757345199585,1059,0.1958242505788803
1060,28,24,lesion_candidate_preserved,,0.0023426413536071777,0.4793816804885864,0.48150742053985596,0.47736024856567383,0.004147171974182129,0.9976573586463928,0.12007998675107956,0.0,0.21461747586727142,0.7853825092315674,1060,0.21461747586727142
1061,28,25,stable_normal,,0.019176006317138672,0.4599240720272064,0.46063482761383057,0.45998987555503845,0.0006449520587921143,0.9808239936828613,0.125326007604599,0.0,0.16922001540660858,0.8307799696922302,1061,0.16922001540660858
1062,28,26,lesion_candidate_preserved,,0.008045494556427002,0.49816766381263733,0.4919787049293518,0.5046893358230591,0.012710630893707275,0.991954505443573,0.11834307760000229,0.0,0.2109999805688858,0.7890000343322754,1062,0.2109999805688858
1063,28,27,stable_normal,,0.02646160125732422,0.46327972412109375,0.5035075545310974,0.42699018120765686,0.07651737332344055,0.9735383987426758,0.12595829367637634,0.0,0.21840660274028778,0.781593382358551,1063,0.21840660274028778
1064,28,28,stable_normal,,0.01810324192047119,0.45509210228919983,0.453706294298172,0.45751553773880005,0.0038092434406280518,0.9818967580795288,0.12585341930389404,0.0,0.18219807744026184,0.8178019523620605,1064,0.18219807744026184
1065,28,29,stable_normal,,0.018199622631072998,0.4299084544181824,0.397568017244339,0.46643730998039246,0.06886929273605347,0.981800377368927,0.1295216679573059,0.0,0.15030939877033234,0.8496906161308289,1065,0.15030939877033234
1066,28,30,stable_normal,,0.0031207799911499023,0.45941418409347534,0.4626982510089874,0.4560921788215637,0.006606072187423706,0.9968792200088501,0.12297181785106659,0.0,0.1770806461572647,0.8229193687438965,1066,0.1770806461572647
1067,28,31,lesion_candidate_preserved,,0.13288670778274536,0.47706127166748047,0.47429418563842773,0.48223304748535156,0.007938861846923828,0.8671132922172546,0.14097602665424347,0.0,0.1796395182609558,0.8203604817390442,1067,0.1796395182609558
1068,28,32,stable_normal,,0.05203509330749512,0.4629458487033844,0.47004327178001404,0.4572974741458893,0.012745797634124756,0.9479649066925049,0.12997297942638397,0.0,0.1683468073606491,0.8316531777381897,1068,0.1683468073606491
1069,28,33,pseudo_anomaly_risk,,0.10408931970596313,0.42010295391082764,0.38597673177719116,0.45385098457336426,0.0678742527961731,0.8959106802940369,0.1451641023159027,0.0,0.13016760349273682,0.8698323965072632,1069,0.13016760349273682
1070,28,34,stable_normal,,4.655122756958008e-05,0.45691975951194763,0.456190288066864,0.4576534628868103,0.001463174819946289,0.9999534487724304,0.12286144495010376,0.0,0.22422417998313904,0.7757757902145386,1070,0.22422417998313904
1071,28,35,pseudo_anomaly_risk,,0.16797882318496704,0.4384916126728058,0.3896382451057434,0.48830708861351013,0.09866884350776672,0.832021176815033,0.15339791774749756,0.0,0.20397897064685822,0.796021044254303,1071,0.20397897064685822
1072,28,36,pseudo_anomaly_risk,,0.1747676134109497,0.4253236949443817,0.4751269817352295,0.3690451979637146,0.10608178377151489,0.8252323865890503,0.15688259899616241,0.0,0.2430480718612671,0.7569519281387329,1072,0.2430480718612671
1073,29,0,stable_normal,,0.08571064472198486,0.40168049931526184,0.36637869477272034,0.433855265378952,0.06747657060623169,0.9142893552780151,0.14497193694114685,0.0,0.23722465336322784,0.7627753615379333,1073,0.23722465336322784
1074,29,1,stable_normal,,0.0029897093772888184,0.4533333480358124,0.4497881531715393,0.457218736410141,0.007430583238601685,0.9970102906227112,0.12380881607532501,0.0,0.19738945364952087,0.8026105165481567,1074,0.19738945364952087
1075,29,2,stable_normal,,0.026608586311340332,0.43028441071510315,0.40468618273735046,0.4555872082710266,0.05090102553367615,0.9733914136886597,0.13078944385051727,0.0,0.21990163624286652,0.7800983786582947,1075,0.21990163624286652
1076,29,3,noise_sensitive_normal,,0.2054573893547058,0.4426453709602356,0.4392525255680084,0.4535183310508728,0.01426580548286438,0.7945426106452942,0.15955886244773865,0.0,0.2414345145225525,0.7585654854774475,1076,0.2414345145225525
1077,29,4,pseudo_anomaly_risk,,0.275858610868454,0.4032810926437378,0.3676362931728363,0.45367327332496643,0.08603698015213013,0.7241413593292236,0.18058466911315918,0.0,0.23312485218048096,0.766875147819519,1077,0.23312485218048096
1078,29,5,stable_normal,,0.013849794864654541,0.42805278301239014,0.42840197682380676,0.4286268949508667,0.00022491812705993652,0.9861502051353455,0.1291130781173706,0.0,0.22610613703727722,0.7738938331604004,1078,0.22610613703727722
1079,29,6,stable_normal,,0.02020484209060669,0.4122268855571747,0.43057069182395935,0.38958269357681274,0.040987998247146606,0.9797951579093933,0.13246040046215057,0.0,0.17239102721214294,0.8276089429855347,1079,0.17239102721214294
1080,29,7,noise_sensitive_normal,,0.15653568506240845,0.4084083139896393,0.39305630326271057,0.43475139141082764,0.041695088148117065,0.8434643149375916,0.1564454734325409,0.0,0.18591715395450592,0.8140828609466553,1080,0.18591715395450592
1081,29,8,stable_normal,,0.0017226040363311768,0.4580550491809845,0.4659491777420044,0.4502614736557007,0.01568770408630371,0.9982774257659912,0.1229531541466713,0.0,0.16895943880081177,0.8310405611991882,1081,0.16895943880081177
1082,29,9,stable_normal,,0.00129622220993042,0.45677822828292847,0.4598584771156311,0.4538736939430237,0.005984783172607422,0.9987037777900696,0.12306863069534302,0.0,0.2038465440273285,0.7961534261703491,1082,0.2038465440273285
1083,29,10,stable_normal,,0.00013723969459533691,0.4562229812145233,0.45711567997932434,0.4553360939025879,0.0017795860767364502,0.999862790107727,0.12297286838293076,0.0,0.1713944375514984,0.8286055326461792,1083,0.1713944375514984
1084,29,11,noise_sensitive_normal,2,0.39147597551345825,0.4429647624492645,0.44995149970054626,0.45472729206085205,0.004775792360305786,0.6085240244865417,0.19727998971939087,0.0,0.17552141845226288,0.8244785666465759,1084,0.17552141845226288
1085,29,12,noise_sensitive_normal,,0.24571272730827332,0.44071826338768005,0.43414220213890076,0.4548759460449219,0.020733743906021118,0.7542872428894043,0.16755536198616028,0.0,0.15981443226337433,0.8401855826377869,1085,0.15981443226337433
1086,29,13,stable_normal,,5.665421485900879e-05,0.4565090835094452,0.4571634531021118,0.4558558166027069,0.0013076364994049072,0.9999433755874634,0.12292061001062393,0.0,0.11864323914051056,0.8813567757606506,1086,0.11864323914051056
1087,29,14,pseudo_anomaly_risk,,0.1470973789691925,0.3258206844329834,0.37675902247428894,0.2964348793029785,0.08032414317131042,0.8529026508331299,0.16931843757629395,0.0,0.23286865651607513,0.7671313285827637,1087,0.23286865651607513
1088,29,15,stable_normal,,4.807114601135254e-05,0.45539626479148865,0.4557146430015564,0.4550791382789612,0.0006355047225952148,0.999951958656311,0.12307564914226532,0.0,0.17432637512683868,0.8256736397743225,1088,0.17432637512683868
1089,29,16,noise_sensitive_normal,,0.36558622121810913,0.4304911196231842,0.4604088366031647,0.4183866083621979,0.0420222282409668,0.6344137787818909,0.19417300820350647,0.0,0.22270502150058746,0.7772949934005737,1089,0.22270502150058746
1090,29,17,lesion_candidate_preserved,,0.05987226963043213,0.47139251232147217,0.4719246029853821,0.4725605845451355,0.000635981559753418,0.9401277303695679,0.12996068596839905,0.0,0.18237994611263275,0.817620038986206,1090,0.18237994611263275
1091,29,18,stable_normal,,5.608797073364258e-05,0.4558960795402527,0.4555125832557678,0.45628100633621216,0.0007684230804443359,0.9999439120292664,0.12300662696361542,0.0,0.12217579036951065,0.8778241872787476,1091,0.12217579036951065
1092,29,19,stable_normal,,0.00898393988609314,0.45876815915107727,0.45899200439453125,0.45891594886779785,7.605552673339844e-05,0.9910160303115845,0.12394477427005768,0.0,0.17402838170528412,0.8259716033935547,1092,0.17402838170528412
1093,29,20,lesion_candidate_preserved,,0.00534820556640625,0.48268893361091614,0.4730151891708374,0.4921130836009979,0.019097894430160522,0.9946517944335938,0.12006621807813644,0.0,0.191521555185318,0.8084784746170044,1093,0.191521555185318
1094,29,21,lesion_candidate_preserved,,0.012257575988769531,0.47921591997146606,0.4917587637901306,0.4682377278804779,0.02352103590965271,0.9877424240112305,0.1215667724609375,0.0,0.22427627444267273,0.7757236957550049,1094,0.22427627444267273
1095,29,22,lesion_candidate_preserved,,0.011884927749633789,0.47760260105133057,0.47545522451400757,0.48004403710365295,0.004588812589645386,0.9881150722503662,0.12173594534397125,0.0,0.22443480789661407,0.7755652070045471,1095,0.22443480789661407
1096,29,23,pseudo_anomaly_risk,,0.17092213034629822,0.3581450879573822,0.3924768567085266,0.34540459513664246,0.047072261571884155,0.8290778398513794,0.16805799305438995,0.0,0.26963943243026733,0.7303605675697327,1096,0.26963943243026733
1097,29,24,pseudo_anomaly_risk,,0.1022077202796936,0.42160195112228394,0.3892820179462433,0.4540669322013855,0.06478491425514221,0.8977922797203064,0.14459823071956635,0.0,0.17728161811828613,0.8227183818817139,1097,0.17728161811828613
1098,29,25,stable_normal,,0.04118722677230835,0.4658467471599579,0.4561692476272583,0.47718700766563416,0.021017760038375854,0.9588127732276917,0.12785561382770538,0.0,0.2027236819267273,0.7972763180732727,1098,0.2027236819267273
1099,29,26,lesion_candidate_preserved,,0.1495661735534668,0.4928973913192749,0.5032092332839966,0.48497307300567627,0.018236160278320312,0.8504338264465332,0.14128589630126953,0.0,0.20309029519557953,0.7969096899032593,1099,0.20309029519557953
1100,29,27,stable_normal,,0.009833931922912598,0.45637980103492737,0.4603392779827118,0.4528407156467438,0.007498562335968018,0.9901660680770874,0.12441159784793854,0.0,0.17041723430156708,0.8295827507972717,1100,0.17041723430156708
1101,29,28,stable_normal,,0.05845111608505249,0.45295193791389465,0.4715477526187897,0.4352666735649109,0.036281079053878784,0.9415488839149475,0.13247355818748474,0.0,0.14253294467926025,0.8574670553207397,1101,0.14253294467926025
1102,29,29,lesion_candidate_preserved,,0.10430911183357239,0.48894134163856506,0.46623659133911133,0.5124553442001343,0.04621875286102295,0.89569091796875,0.13442346453666687,0.0,0.1773807257413864,0.8226192593574524,1102,0.1773807257413864
1103,29,30,stable_normal,,0.019960075616836548,0.45131346583366394,0.4464380741119385,0.4565275311470032,0.010089457035064697,0.9800399541854858,0.1266811192035675,0.0,0.18147525191307068,0.8185247182846069,1103,0.18147525191307068
1104,29,31,pseudo_anomaly_risk,,0.28842073678970337,0.4226740300655365,0.3961634933948517,0.45565447211265564,0.059490978717803955,0.7115792632102966,0.17943347990512848,0.0,0.1696876734495163,0.8303123116493225,1104,0.1696876734495163
1105,29,32,stable_normal,,0.002604186534881592,0.45065051317214966,0.4562387764453888,0.444810152053833,0.011428624391555786,0.9973958134651184,0.12413011491298676,0.0,0.17041954398155212,0.8295804262161255,1105,0.17041954398155212
1106,29,33,stable_normal,,0.004551500082015991,0.4394116997718811,0.45391523838043213,0.4248466491699219,0.029068589210510254,0.9954484701156616,0.12602820992469788,0.0,0.20082831382751465,0.7991716861724854,1106,0.20082831382751465
1107,29,34,pseudo_anomaly_risk,,0.09618031978607178,0.42774978280067444,0.4078703224658966,0.4504077732563019,0.04253745079040527,0.9038196802139282,0.14258332550525665,0.0,0.20078496634960175,0.7992150187492371,1107,0.20078496634960175
1108,29,35,stable_normal,,0.011792033910751343,0.35723620653152466,0.3737369179725647,0.3404172956943512,0.0333196222782135,0.9882079362869263,0.1395004391670227,0.0,0.19027817249298096,0.809721827507019,1108,0.19027817249298096
1109,29,36,pseudo_anomaly_risk,,0.20267453789710999,0.43121662735939026,0.48002445697784424,0.390256404876709,0.08976805210113525,0.7973254919052124,0.16104191541671753,0.0,0.1817854940891266,0.8182145357131958,1109,0.1817854940891266
1110,30,0,stable_normal,,0.003270745277404785,0.42188721895217896,0.427787184715271,0.4156269431114197,0.012160241603851318,0.9967292547225952,0.12836457788944244,0.0,0.16738267242908478,0.8326173424720764,1110,0.16738267242908478
1111,30,1,pseudo_anomaly_risk,,0.2780798077583313,0.4205223619937897,0.40002134442329407,0.44878867268562317,0.0487673282623291,0.7219201922416687,0.17773620784282684,0.0,0.21109388768672943,0.7889060974121094,1111,0.21109388768672943
1112,30,2,stable_normal,,0.008687645196914673,0.42735815048217773,0.4255926311016083,0.429361492395401,0.0037688612937927246,0.9913123846054077,0.12840968370437622,0.0,0.1968664824962616,0.803133487701416,1112,0.1968664824962616
1113,30,3,stable_normal,,0.017000824213027954,0.38971206545829773,0.38956162333488464,0.3918360471725464,0.002274423837661743,0.9829992055892944,0.13534478843212128,0.0,0.20104995369911194,0.7989500761032104,1113,0.20104995369911194
1114,30,4,pseudo_anomaly_risk,,0.2944049835205078,0.41638892889022827,0.386134535074234,0.4541076719760895,0.06797313690185547,0.7055950164794922,0.1818763166666031,0.0,0.18187470734119415,0.818125307559967,1114,0.18187470734119415
1115,30,5,stable_normal,,0.036154210567474365,0.38253358006477356,0.3747485876083374,0.3976496756076813,0.022901087999343872,0.9638457894325256,0.13960987329483032,0.0,0.25042515993118286,0.7495748400688171,1115,0.25042515993118286
1116,30,6,noise_sensitive_normal,,0.15393763780593872,0.40787234902381897,0.4231574833393097,0.4036354124546051,0.01952207088470459,0.8460623621940613,0.15606144070625305,0.0,0.13679838180541992,0.8632016181945801,1116,0.13679838180541992
1117,30,7,stable_normal,,0.025730490684509277,0.42743173241615295,0.43745777010917664,0.41663122177124023,0.0208265483379364,0.9742695093154907,0.13107335567474365,0.0,0.1703818291425705,0.8296181559562683,1117,0.1703818291425705
1118,30,8,pseudo_anomaly_risk,,0.33924514055252075,0.4274882972240448,0.4640750288963318,0.4012761414051056,0.0627988874912262,0.6607548594474792,0.1891074925661087,0.0,0.20338745415210724,0.796612560749054,1118,0.20338745415210724
1119,30,9,lesion_candidate_preserved,,0.08527141809463501,0.47063443064689636,0.4611014425754547,0.48416534066200256,0.02306389808654785,0.914728581905365,0.13411939144134521,0.0,0.18600226938724518,0.813997745513916,1119,0.18600226938724518
1120,30,10,stable_normal,,4.8279762268066406e-05,0.45517897605895996,0.4556276202201843,0.45473337173461914,0.0008942484855651855,0.9999517202377319,0.12310625612735748,0.0,0.1785668432712555,0.8214331865310669,1120,0.1785668432712555
1121,30,11,stable_normal,,0.0015070438385009766,0.4637225568294525,0.46340107917785645,0.46410271525382996,0.0007016360759735107,0.998492956161499,0.1221272200345993,0.0,0.195039302110672,0.8049607276916504,1121,0.195039302110672
1122,30,12,stable_normal,,0.003847062587738037,0.46410906314849854,0.47912028431892395,0.4506904184818268,0.028429865837097168,0.996152937412262,0.12242225557565689,0.0,0.16996166110038757,0.83003830909729,1122,0.16996166110038757
1123,30,13,stable_normal,,0.0001360774040222168,0.45691990852355957,0.4573620855808258,0.4564858675003052,0.0008762180805206299,0.9998639225959778,0.12287481874227524,0.0,0.16027775406837463,0.8397222757339478,1123,0.16027775406837463
1124,30,14,stable_normal,,0.0023024678230285645,0.46576306223869324,0.47333088517189026,0.4581947922706604,0.015136092901229858,0.9976975321769714,0.12196090817451477,0.0,0.15024006366729736,0.8497599363327026,1124,0.15024006366729736
1125,30,15,lesion_candidate_preserved,,0.10417285561561584,0.47720101475715637,0.46551650762557983,0.4916223883628845,0.026105880737304688,0.8958271741867065,0.13619041442871094,0.0,0.12664300203323364,0.8733569979667664,1125,0.12664300203323364
1126,30,16,noise_sensitive_normal,,0.11441510915756226,0.4268976151943207,0.45268484950065613,0.4151845872402191,0.03750026226043701,0.8855848908424377,0.14584816992282867,0.0,0.268722802400589,0.7312772274017334,1126,0.268722802400589
1127,30,17,stable_normal,,9.363889694213867e-05,0.45534637570381165,0.4556425213813782,0.45505306124687195,0.0005894601345062256,0.9999063611030579,0.12308952212333679,0.0,0.1340675950050354,0.8659324049949646,1127,0.1340675950050354
1128,30,18,noise_sensitive_normal,,0.2732207477092743,0.44488030672073364,0.44520071148872375,0.45567837357521057,0.010477662086486816,0.7267792224884033,0.1721821129322052,0.0,0.17320498824119568,0.8267949819564819,1128,0.17320498824119568
1129,30,19,stable_normal,,0.0015274882316589355,0.4636833071708679,0.4545961022377014,0.47254040837287903,0.017944306135177612,0.9984725117683411,0.12213572859764099,0.0,0.1796654462814331,0.8203345537185669,1129,0.1796654462814331
1130,30,20,stable_normal,,0.02589648962020874,0.3907865285873413,0.37263306975364685,0.4278128147125244,0.055179744958877563,0.9741035103797913,0.13663308322429657,0.0,0.19872666895389557,0.8012733459472656,1130,0.19872666895389557
1131,30,21,lesion_candidate_preserved,,0.019934415817260742,0.4976530075073242,0.48943832516670227,0.5061909556388855,0.016752630472183228,0.9800655841827393,0.12014894187450409,0.0,0.20418207347393036,0.7958179116249084,1131,0.20418207347393036
1132,30,22,noise_sensitive_normal,,0.37876659631729126,0.4304591715335846,0.4201432466506958,0.45946893095970154,0.03932568430900574,0.6212334036827087,0.19706210494041443,0.0,0.23412466049194336,0.7658753395080566,1132,0.23412466049194336
1133,30,23,stable_normal,,0.005942106246948242,0.46116772294044495,0.4609861671924591,0.4615556597709656,0.0005694925785064697,0.9940578937530518,0.12314853072166443,0.0,0.19367890059947968,0.8063210844993591,1133,0.19367890059947968
1134,30,24,lesion_candidate_preserved,,0.0013257265090942383,0.47512122988700867,0.4730415940284729,0.4771024286746979,0.004060834646224976,0.9986742734909058,0.12051766365766525,0.0,0.1955096423625946,0.804490327835083,1134,0.1955096423625946
1135,30,25,lesion_candidate_preserved,,0.0064324140548706055,0.47214120626449585,0.47584110498428345,0.4687996506690979,0.007041454315185547,0.9935675859451294,0.12168624997138977,0.0,0.19836775958538055,0.8016322255134583,1135,0.19836775958538055
1136,30,26,stable_normal,,0.06540286540985107,0.4611150622367859,0.45062533020973206,0.4755636155605316,0.02493828535079956,0.9345971345901489,0.13236211240291595,0.0,0.1637008786201477,0.8362991213798523,1136,0.1637008786201477
1137,30,27,lesion_candidate_preserved,,0.016396045684814453,0.4732368588447571,0.47603532671928406,0.47078946232795715,0.005245864391326904,0.9836039543151855,0.12302007526159286,0.0,0.14768581092357635,0.8523141741752625,1137,0.14768581092357635
1138,30,28,lesion_candidate_preserved,,0.005603283643722534,0.46677452325820923,0.47770270705223083,0.4565429389476776,0.021159768104553223,0.9943966865539551,0.1223115399479866,0.0,0.1412697285413742,0.8587302565574646,1138,0.1412697285413742
1139,30,29,stable_normal,,0.007013916969299316,0.4620714485645294,0.46190497279167175,0.46250635385513306,0.0006013810634613037,0.9929860830307007,0.12318229675292969,0.0,0.20989426970481873,0.7901057004928589,1139,0.20989426970481873
1140,30,30,pseudo_anomaly_risk,,0.12721577286720276,0.41630738973617554,0.46845537424087524,0.3676149547100067,0.10084041953086853,0.8727842569351196,0.14982716739177704,0.0,0.14581800997257233,0.8541820049285889,1140,0.14581800997257233
1141,30,31,stable_normal,,0.0006926655769348145,0.4537634253501892,0.4564850330352783,0.4510332942008972,0.0054517388343811035,0.9993073344230652,0.12340226769447327,0.0,0.1461142897605896,0.8538857102394104,1141,0.1461142897605896
1142,30,32,stable_normal,,0.00010558962821960449,0.40953800082206726,0.40853390097618103,0.4105507731437683,0.0020168721675872803,0.999894380569458,0.12967772781848907,0.0,0.4809441566467285,0.5190558433532715,1142,0.4809441566467285
1143,30,33,stable_normal,,0.04449838399887085,0.41434445977211,0.41605642437934875,0.41642001271247864,0.0003635883331298828,0.9555016160011292,0.13606441020965576,0.0,0.23557184636592865,0.7644281387329102,1143,0.23557184636592865
1144,30,34,pseudo_anomaly_risk,,0.4148721694946289,0.3938820958137512,0.36750465631484985,0.4558446407318115,0.08833998441696167,0.5851278305053711,0.21300041675567627,0.0,0.23685528337955475,0.7631447315216064,1144,0.23685528337955475
1145,30,35,lesion_candidate_preserved,,0.05460658669471741,0.4708602726459503,0.49071696400642395,0.4551692008972168,0.03554776310920715,0.945393443107605,0.129213348031044,0.0,0.23138634860515594,0.7686136364936829,1145,0.23138634860515594
1146,30,36,pseudo_anomaly_risk,,0.14290505647659302,0.3639904856681824,0.4236777126789093,0.32242491841316223,0.10125279426574707,0.857094943523407,0.1616491675376892,0.0,0.16199545562267303,0.8380045294761658,1146,0.16199545562267303
1147,31,0,stable_normal,,0.011843204498291016,0.4237923324108124,0.4297257959842682,0.418346107006073,0.01137968897819519,0.988156795501709,0.12942376732826233,0.0,0.17564933001995087,0.8243506550788879,1147,0.17564933001995087
1148,31,1,stable_normal,,0.08035710453987122,0.4376841187477112,0.42241334915161133,0.45146140456199646,0.029048055410385132,0.9196429252624512,0.13836586475372314,0.0,0.20694807171821594,0.7930519580841064,1148,0.20694807171821594
1149,31,2,noise_sensitive_normal,,0.2002231478691101,0.43487945199012756,0.4547749161720276,0.4169648289680481,0.03781008720397949,0.7997768521308899,0.15994006395339966,0.0,0.17117950320243835,0.8288204669952393,1149,0.17117950320243835
1150,31,3,stable_normal,,0.018316209316253662,0.4563932716846466,0.4487503468990326,0.46740347146987915,0.018653124570846558,0.9816837906837463,0.12569960951805115,0.0,0.3009459674358368,0.6990540027618408,1150,0.3009459674358368
1151,31,4,stable_normal,,0.00024515390396118164,0.45577433705329895,0.45635172724723816,0.4552065432071686,0.00114518404006958,0.9997548460960388,0.12305208295583725,0.0,0.1508239060640335,0.8491761088371277,1151,0.1508239060640335
1152,31,5,noise_sensitive_normal,,0.196271151304245,0.41337138414382935,0.4426940977573395,0.40988102555274963,0.032813072204589844,0.8037288188934326,0.16298922896385193,0.0,0.24110671877861023,0.7588932514190674,1152,0.24110671877861023
1153,31,6,stable_normal,,0.08515632152557373,0.4254871904850006,0.45403027534484863,0.3989037275314331,0.05512654781341553,0.9148436784744263,0.14107708632946014,0.0,0.17958472669124603,0.8204152584075928,1153,0.17958472669124603
1154,31,7,stable_normal,,0.029853999614715576,0.4224343001842499,0.3951863944530487,0.46006569266319275,0.06487929821014404,0.9701460003852844,0.13247376680374146,0.0,0.1997263878583908,0.800273597240448,1154,0.1997263878583908
1155,31,8,noise_sensitive_normal,,0.2834407687187195,0.446560263633728,0.4528041183948517,0.4559500217437744,0.0031459033489227295,0.7165592312812805,0.17390167713165283,0.0,0.21850143373012543,0.7814985513687134,1155,0.21850143373012543
1156,31,9,stable_normal,,0.03037196397781372,0.4245470464229584,0.40117186307907104,0.44914510846138,0.04797324538230896,0.9696280360221863,0.1322404146194458,0.0,0.26080262660980225,0.7391973733901978,1156,0.26080262660980225
1157,31,10,stable_normal,,0.028506934642791748,0.4486244320869446,0.4741934537887573,0.41690120100975037,0.05729225277900696,0.9714930653572083,0.12839263677597046,0.0,0.19838406145572662,0.8016159534454346,1157,0.19838406145572662
1158,31,11,pseudo_anomaly_risk,,0.3142739534378052,0.4177219867706299,0.3918430209159851,0.4552677571773529,0.0634247362613678,0.6857260465621948,0.18575890362262726,0.0,0.1542884260416031,0.8457115888595581,1158,0.1542884260416031
1159,31,12,pseudo_anomaly_risk,,0.3242957592010498,0.42175593972206116,0.45720621943473816,0.40201854705810547,0.05518767237663269,0.6757042407989502,0.18707463145256042,0.0,0.23941543698310852,0.7605845928192139,1159,0.23941543698310852
1160,31,13,noise_sensitive_normal,,0.12047773599624634,0.4020831286907196,0.41204833984375,0.4028209149837494,0.00922742486000061,0.8795222640037537,0.15099792182445526,0.0,0.15885430574417114,0.8411456942558289,1160,0.15885430574417114
1161,31,14,pseudo_anomaly_risk,,0.10350745916366577,0.4397379755973816,0.46447819471359253,0.40870577096939087,0.05577242374420166,0.8964925408363342,0.14192074537277222,0.0,0.22428929805755615,0.7757107019424438,1161,0.22428929805755615
1162,31,15,noise_sensitive_normal,,0.3561953902244568,0.44764846563339233,0.4549759030342102,0.4586201310157776,0.003644227981567383,0.6438046097755432,0.18869392573833466,0.0,0.1851416677236557,0.8148583173751831,1162,0.1851416677236557
1163,31,16,pseudo_anomaly_risk,,0.4522954821586609,0.4373970031738281,0.40757742524147034,0.4556366503238678,0.04805922508239746,0.5477045178413391,0.21221977472305298,0.0,0.2425708919763565,0.7574291229248047,1163,0.2425708919763565
1164,31,17,pseudo_anomaly_risk,,0.27230167388916016,0.41894057393074036,0.45328289270401,0.38899677991867065,0.06428611278533936,0.7276983261108398,0.17686527967453003,0.0,0.20894616842269897,0.791053831577301,1164,0.20894616842269897
1165,31,18,lesion_candidate_preserved,,0.0020107626914978027,0.47375062108039856,0.46798592805862427,0.47934502363204956,0.011359095573425293,0.9979892373085022,0.12080810219049454,0.0,0.21670475602149963,0.7832952737808228,1165,0.21670475602149963
1166,31,19,stable_normal,,0.07002541422843933,0.454813688993454,0.45672234892845154,0.45611798763275146,0.0006043612957000732,0.9299745559692383,0.13405157625675201,0.0,0.17120039463043213,0.8287996053695679,1166,0.17120039463043213
1167,31,20,stable_normal,,0.03859028220176697,0.4655900299549103,0.47640395164489746,0.455462783575058,0.020941168069839478,0.9614096879959106,0.12749083340168,0.0,0.1965799480676651,0.8034200668334961,1167,0.1965799480676651
1168,31,21,stable_normal,,6.440281867980957e-05,0.45557790994644165,0.455494225025177,0.45566484332084656,0.00017061829566955566,0.9999356269836426,0.12305257469415665,0.0,0.1360662579536438,0.8639337420463562,1168,0.1360662579536438
1169,31,22,stable_normal,,0.004372715950012207,0.4638596773147583,0.4530683755874634,0.4744575023651123,0.021389126777648926,0.9956272840499878,0.12253567576408386,0.0,0.18620920181274414,0.8137907981872559,1169,0.18620920181274414
1170,31,23,stable_normal,,0.015781015157699585,0.463973730802536,0.4737202525138855,0.45528170466423035,0.01843854784965515,0.984218955039978,0.124234639108181,0.0,0.15901650488376617,0.840983510017395,1170,0.15901650488376617
1171,31,24,stable_normal,,0.014657676219940186,0.4457389712333679,0.45692968368530273,0.43342500925064087,0.023504674434661865,0.9853423237800598,0.1266690492630005,0.0,0.1775539070367813,0.8224461078643799,1171,0.1775539070367813
1172,31,25,lesion_candidate_preserved,,0.012997984886169434,0.49193820357322693,0.4886496961116791,0.4955883026123047,0.00693860650062561,0.9870020151138306,0.11991682648658752,0.0,0.24291381239891052,0.7570861577987671,1172,0.24291381239891052
1173,31,26,lesion_candidate_preserved,,0.1350409984588623,0.47187840938568115,0.44627445936203003,0.5077558159828186,0.061481356620788574,0.8649590015411377,0.1421602964401245,0.0,0.15360431373119354,0.8463956713676453,1173,0.15360431373119354
1174,31,27,stable_normal,,0.023139476776123047,0.4478629231452942,0.43284884095191956,0.46453556418418884,0.03168672323226929,0.976860523223877,0.1276705265045166,0.0,0.19672620296478271,0.8032737970352173,1174,0.19672620296478271
1175,31,28,stable_normal,,0.02012297511100769,0.4559968113899231,0.4495686888694763,0.4629817306995392,0.013413041830062866,0.9798769950866699,0.1260327249765396,0.0,0.21078789234161377,0.7892121076583862,1175,0.21078789234161377
1176,31,29,stable_normal,,0.000535130500793457,0.45987725257873535,0.45906203985214233,0.4606989622116089,0.0016369223594665527,0.9994648694992065,0.12251989543437958,0.0,0.15591254830360413,0.8440874814987183,1176,0.15591254830360413
1177,31,30,stable_normal,,0.00046262145042419434,0.4605172276496887,0.46220827102661133,0.45881229639053345,0.003395974636077881,0.9995373487472534,0.12241948395967484,0.0,0.17097195982933044,0.8290280103683472,1177,0.17097195982933044
1178,31,31,stable_normal,,0.0004171431064605713,0.4556856155395508,0.45389553904533386,0.4574860632419586,0.003590524196624756,0.9995828866958618,0.12309035658836365,0.0,0.1784248948097229,0.8215751051902771,1178,0.1784248948097229
1179,31,32,noise_sensitive_normal,,0.24963706731796265,0.4400053024291992,0.4561305642127991,0.43017539381980896,0.025955170392990112,0.7503629326820374,0.1684475541114807,0.0,0.18555830419063568,0.8144416809082031,1179,0.18555830419063568
1180,31,33,pseudo_anomaly_risk,,0.17183417081832886,0.4380682110786438,0.45997297763824463,0.4170825779438019,0.04289039969444275,0.8281658291816711,0.1541670262813568,0.0,0.1913667470216751,0.8086332678794861,1180,0.1913667470216751
1181,31,34,stable_normal,,0.02823004126548767,0.4504898488521576,0.4466419816017151,0.4558076560497284,0.009165674448013306,0.9717699289321899,0.12807799875736237,0.0,0.19159018993377686,0.8084098100662231,1181,0.19159018993377686
1182,31,35,stable_normal,,0.014425009489059448,0.43386557698249817,0.44473299384117126,0.4240027666091919,0.02073022723197937,0.9855749607086182,0.12835358083248138,0.0,0.15912505984306335,0.8408749103546143,1182,0.15912505984306335
1183,31,36,stable_normal,,0.037409067153930664,0.4134790897369385,0.42258790135383606,0.40674299001693726,0.015844911336898804,0.9625909328460693,0.13504186272621155,0.0,0.20866797864437103,0.7913320064544678,1183,0.20866797864437103
1184,32,0,stable_normal,,0.0005353093147277832,0.4479129910469055,0.4494587481021881,0.44638222455978394,0.003076523542404175,0.9994646906852722,0.12420516461133957,0.0,0.19304259121418,0.8069574236869812,1184,0.19304259121418
1185,32,1,stable_normal,,0.0670861005783081,0.42003607749938965,0.4518694579601288,0.38359683752059937,0.06827262043952942,0.9329138994216919,0.13890811800956726,0.0,0.13984325528144836,0.860156774520874,1185,0.13984325528144836
1186,32,2,noise_sensitive_normal,,0.1709858775138855,0.4295337200164795,0.44619762897491455,0.4150552749633789,0.031142354011535645,0.8290141224861145,0.15546727180480957,0.0,0.2393653392791748,0.7606346607208252,1186,0.2393653392791748
1187,32,3,stable_normal,,0.01428338885307312,0.4044645428657532,0.4116895794868469,0.39836350083351135,0.013326078653335571,0.9857165813446045,0.1326766014099121,0.0,0.21309028565883636,0.7869096994400024,1187,0.21309028565883636
1188,32,4,stable_normal,,0.07047432661056519,0.43446213006973267,0.457141637802124,0.40797513723373413,0.04916650056838989,0.9295256733894348,0.1372324675321579,0.0,0.20238667726516724,0.7976133227348328,1188,0.20238667726516724
1189,32,5,stable_normal,,0.029006987810134888,0.3814712166786194,0.3758947551250458,0.39018359780311584,0.014288842678070068,0.9709930419921875,0.13858599960803986,0.0,0.21235546469688416,0.7876445055007935,1189,0.21235546469688416
1190,32,6,pseudo_anomaly_risk,,0.2043306827545166,0.41605016589164734,0.38291803002357483,0.45658019185066223,0.0736621618270874,0.7956693172454834,0.16404420137405396,0.0,0.22645604610443115,0.7735439538955688,1190,0.22645604610443115
1191,32,7,stable_normal,,0.046673476696014404,0.46378087997436523,0.474092036485672,0.45685112476348877,0.017240911722183228,0.9533265233039856,0.1290103644132614,0.0,0.21447916328907013,0.7855208516120911,1191,0.21447916328907013
1192,32,8,stable_normal,,0.00014385581016540527,0.4560664892196655,0.4562423825263977,0.4558974504470825,0.00034493207931518555,0.9998561143875122,0.12299584597349167,0.0,0.1469758301973343,0.8530241847038269,1192,0.1469758301973343
1193,32,9,stable_normal,,0.010165393352508545,0.3940780758857727,0.39209645986557007,0.39676323533058167,0.004666775465011597,0.9898346066474915,0.13357728719711304,0.0,0.21198302507400513,0.7880169749259949,1193,0.21198302507400513
1194,32,10,pseudo_anomaly_risk,,0.1422363519668579,0.41244861483573914,0.45596471428871155,0.3747669458389282,0.08119776844978333,0.8577636480331421,0.15315669775009155,0.0,0.2159978300333023,0.7840021848678589,1194,0.2159978300333023
1195,32,11,lesion_candidate_preserved,,0.2658928632736206,0.46700575947761536,0.47381943464279175,0.4655689597129822,0.00825047492980957,0.7341071367263794,0.16669364273548126,0.0,0.24053701758384705,0.7594629526138306,1195,0.24053701758384705
1196,32,12,stable_normal,,7.802248001098633e-05,0.45376598834991455,0.4541894495487213,0.45334210991859436,0.0008473396301269531,0.999921977519989,0.12330951541662216,0.0,0.20464466512203217,0.7953553199768066,1196,0.20464466512203217
1197,32,13,stable_normal,,0.04783362150192261,0.46568799018859863,0.476932555437088,0.4549686908721924,0.02196386456489563,0.9521663784980774,0.12891246378421783,0.0,0.17173998057842255,0.8282600045204163,1197,0.17173998057842255
1198,32,14,noise_sensitive_normal,,0.2156735062599182,0.43609291315078735,0.45575255155563354,0.41821542382240295,0.03753712773323059,0.7843264937400818,0.16263112425804138,0.0,0.2198915034532547,0.7801085114479065,1198,0.2198915034532547
1199,32,15,stable_normal,,0.05280846357345581,0.3996555507183075,0.4203662574291229,0.38401076197624207,0.03635549545288086,0.9471915364265442,0.13971157371997833,0.0,0.15701435506343842,0.8429856300354004,1199,0.15701435506343842
1200,32,16,pseudo_anomaly_risk,,0.3307984471321106,0.42727363109588623,0.4606556296348572,0.4108569324016571,0.04979869723320007,0.6692015528678894,0.18735632300376892,0.0,0.1901416778564453,0.8098583221435547,1200,0.1901416778564453
1201,32,17,stable_normal,,0.08734148740768433,0.426693856716156,0.40606966614723206,0.4540143609046936,0.04794469475746155,0.9126585125923157,0.14125476777553558,0.0,0.15585394203662872,0.8441460728645325,1201,0.15585394203662872
1202,32,18,pseudo_anomaly_risk,,0.1330549716949463,0.4316565990447998,0.4161359369754791,0.4634580910205841,0.04732215404510498,0.8669450283050537,0.14832061529159546,0.0,0.2544650733470917,0.7455348968505859,1202,0.2544650733470917
1203,32,19,pseudo_anomaly_risk,,0.2935451567173004,0.4340311884880066,0.4141528308391571,0.4587430953979492,0.044590264558792114,0.706454873085022,0.1783069372177124,0.0,0.23987388610839844,0.7601261138916016,1203,0.23987388610839844
1204,32,20,pseudo_anomaly_risk,,0.3222741186618805,0.417955219745636,0.39415106177330017,0.4554820954799652,0.06133103370666504,0.6777259111404419,0.18740037083625793,0.0,0.20480354130268097,0.7951964735984802,1204,0.20480354130268097
1205,32,21,stable_normal,,0.009281039237976074,0.44769302010536194,0.4676026999950409,0.4263685345649719,0.04123416543006897,0.9907189607620239,0.12556494772434235,0.0,0.18919256329536438,0.810807466506958,1205,0.18919256329536438
1206,32,22,stable_normal,,0.08140808343887329,0.4402310848236084,0.4101429283618927,0.4616962969303131,0.05155336856842041,0.9185919165611267,0.13814465701580048,0.0,0.23356270790100098,0.766437292098999,1206,0.23356270790100098
1207,32,23,noise_sensitive_normal,,0.17362800240516663,0.4145747125148773,0.4402492642402649,0.39835700392723083,0.04189226031303406,0.8263720273971558,0.15853194892406464,0.0,0.1600387692451477,0.8399612307548523,1207,0.1600387692451477
1208,32,24,noise_sensitive_normal,,0.17869269847869873,0.44035425782203674,0.4561915397644043,0.4279260039329529,0.028265535831451416,0.8213073015213013,0.1550237536430359,0.0,0.16195407509803772,0.8380459547042847,1208,0.16195407509803772
1209,32,25,stable_normal,,0.010370314121246338,0.4551994800567627,0.4553455710411072,0.45551854372024536,0.0001729726791381836,0.9896296858787537,0.12466046214103699,0.0,0.12045334279537201,0.8795466423034668,1209,0.12045334279537201
1210,32,26,stable_normal,,0.01753246784210205,0.4477214217185974,0.4326103627681732,0.463657408952713,0.031047046184539795,0.982467532157898,0.1268255114555359,0.0,0.14176665246486664,0.8582333326339722,1210,0.14176665246486664
1211,32,27,noise_sensitive_normal,,0.11397033929824829,0.45555922389030457,0.4376210570335388,0.4776615500450134,0.04004049301147461,0.8860296607017517,0.1411837786436081,0.0,0.16653142869472504,0.8334685564041138,1211,0.16653142869472504
1212,32,28,stable_normal,,0.003942012786865234,0.4587165415287018,0.45302239060401917,0.46476230025291443,0.011739909648895264,0.9960579872131348,0.12319309264421463,0.0,0.19724266231060028,0.8027573227882385,1212,0.19724266231060028
1213,32,29,stable_normal,,0.0008956789970397949,0.4557923376560211,0.4563598036766052,0.4552232623100281,0.0011365413665771484,0.9991043210029602,0.12314717471599579,0.0,0.17719486355781555,0.8228051662445068,1213,0.17719486355781555
1214,32,30,stable_normal,,0.003996908664703369,0.4466453790664673,0.4509370028972626,0.4421640634536743,0.008772939443588257,0.9960030913352966,0.12490982562303543,0.0,0.13248533010482788,0.8675146698951721,1214,0.13248533010482788
1215,32,31,stable_normal,,0.010963857173919678,0.44528111815452576,0.4588887393474579,0.4326029121875763,0.026285827159881592,0.9890361428260803,0.1261679232120514,0.0,0.16153819859027863,0.8384618163108826,1215,0.16153819859027863
1216,32,32,stable_normal,,0.020632505416870117,0.44423583149909973,0.4557150602340698,0.43118026852607727,0.024534791707992554,0.9793674945831299,0.12780866026878357,0.0,0.16056187450885773,0.8394381403923035,1216,0.16056187450885773
1217,32,33,stable_normal,,6.842613220214844e-05,0.4546269178390503,0.45554274320602417,0.4537195563316345,0.0018231868743896484,0.9999315738677979,0.12318693101406097,0.0,0.13400053977966309,0.8659994602203369,1217,0.13400053977966309
1218,32,34,stable_normal,,0.00040903687477111816,0.45763030648231506,0.4555739462375641,0.45966997742652893,0.004096031188964844,0.9995909929275513,0.12281600385904312,0.0,0.15286168456077576,0.8471382856369019,1218,0.15286168456077576
1219,32,35,stable_normal,,0.006005376577377319,0.46068432927131653,0.46057578921318054,0.4610160291194916,0.00044023990631103516,0.9939945936203003,0.12322603166103363,0.0,0.1507187783718109,0.8492811918258667,1219,0.1507187783718109
1220,32,36,pseudo_anomaly_risk,,0.22059768438339233,0.43015506863594055,0.4581948518753052,0.40786248445510864,0.05033236742019653,0.7794023156166077,0.16462619602680206,0.0,0.22358796000480652,0.7764120101928711,1220,0.22358796000480652
1221,33,0,stable_normal,,0.003355473279953003,0.42271265387535095,0.421609103679657,0.4240056872367859,0.0023965835571289062,0.9966444969177246,0.12825749814510345,0.0,0.1455952525138855,0.8544047474861145,1221,0.1455952525138855
1222,33,1,stable_normal,,0.03911912441253662,0.37294942140579224,0.3963187336921692,0.36027371883392334,0.03604501485824585,0.9608808755874634,0.1416163295507431,0.0,0.20112086832523346,0.7988791465759277,1222,0.20112086832523346
1223,33,2,pseudo_anomaly_risk,,0.23383361101150513,0.4264788329601288,0.3966626524925232,0.4566813111305237,0.06001865863800049,0.7661663889884949,0.16783951222896576,0.0,0.2187877744436264,0.7812122106552124,1223,0.2187877744436264
1224,33,3,stable_normal,,0.0006819367408752441,0.45504501461982727,0.4535531997680664,0.4565594792366028,0.003006279468536377,0.9993180632591248,0.12322020530700684,0.0,0.12399955093860626,0.8760004639625549,1224,0.12399955093860626
1225,33,4,stable_normal,,0.03977000713348389,0.43909502029418945,0.4191857576370239,0.4561185836791992,0.03693282604217529,0.9602299928665161,0.13156640529632568,0.0,0.157645121216774,0.8423548936843872,1225,0.157645121216774
1226,33,5,stable_normal,,0.005655884742736816,0.4353850781917572,0.4316156506538391,0.4393317997455597,0.007716149091720581,0.9943441152572632,0.12677685916423798,0.0,0.1984996497631073,0.8015003204345703,1226,0.1984996497631073
1227,33,6,noise_sensitive_normal,,0.11495941877365112,0.43205156922340393,0.41775384545326233,0.4548425078392029,0.03708866238594055,0.8850405812263489,0.145107701420784,0.0,0.14867958426475525,0.8513203859329224,1227,0.14867958426475525
1228,33,7,pseudo_anomaly_risk,,0.20976030826568604,0.41179338097572327,0.4388259947299957,0.38972216844558716,0.04910382628440857,0.790239691734314,0.1658473163843155,0.0,0.19365647435188293,0.8063435554504395,1228,0.19365647435188293
1229,33,8,stable_normal,,0.0011374950408935547,0.4638712704181671,0.4657648503780365,0.4620139002799988,0.0037509500980377197,0.9988625049591064,0.1220514103770256,0.0,0.17671571671962738,0.8232842683792114,1229,0.17671571671962738
1230,33,9,stable_normal,,0.030729293823242188,0.41691482067108154,0.3928166627883911,0.4460945725440979,0.05327790975570679,0.9692707061767578,0.13344275951385498,0.0,0.2524178922176361,0.7475820779800415,1230,0.2524178922176361
1231,33,10,stable_normal,,0.01861405372619629,0.4527641832828522,0.4454179108142853,0.4604623019695282,0.01504439115524292,0.9813859462738037,0.12626567482948303,0.0,0.20645813643932343,0.7935418486595154,1231,0.20645813643932343
1232,33,11,stable_normal,,0.0397433340549469,0.40305525064468384,0.4355715811252594,0.3730320334434509,0.06253954768180847,0.9602566957473755,0.13701878488063812,0.0,0.17316009104251862,0.8268399238586426,1232,0.17316009104251862
1233,33,12,stable_normal,,0.000710904598236084,0.45457178354263306,0.45681577920913696,0.45228463411331177,0.004531145095825195,0.9992890954017639,0.12329115718603134,0.0,0.16781765222549438,0.8321823477745056,1233,0.16781765222549438
1234,33,13,stable_normal,,0.07762274146080017,0.430255651473999,0.44877591729164124,0.40522873401641846,0.04354718327522278,0.9223772287368774,0.13906776905059814,0.0,0.24114947021007538,0.7588505148887634,1234,0.24114947021007538
1235,33,14,pseudo_anomaly_risk,,0.2588742673397064,0.4370853900909424,0.47100669145584106,0.40238940715789795,0.06861728429794312,0.7411257028579712,0.17079155147075653,0.0,0.20298820734024048,0.7970117926597595,1235,0.20298820734024048
1236,33,15,noise_sensitive_normal,,0.17390811443328857,0.42329105734825134,0.44746047258377075,0.4127984642982483,0.03466200828552246,0.8260918855667114,0.15707485377788544,0.0,0.20441380143165588,0.7955862283706665,1236,0.20441380143165588
1237,33,16,stable_normal,,0.0022836029529571533,0.4390297830104828,0.4499545693397522,0.4286845028400421,0.021270066499710083,0.9977164268493652,0.12573611736297607,0.0,0.16334384679794312,0.8366561532020569,1237,0.16334384679794312
1238,33,17,noise_sensitive_normal,,0.24485480785369873,0.4059872329235077,0.41539010405540466,0.4142194390296936,0.0011706650257110596,0.7551451921463013,0.17378897964954376,0.0,0.2329413890838623,0.7670586109161377,1238,0.2329413890838623
1239,33,18,stable_normal,,0.023431837558746338,0.4221276640892029,0.4378318786621094,0.40526676177978516,0.03256511688232422,0.9765681624412537,0.13149690628051758,0.0,0.16624556481838226,0.8337544202804565,1239,0.16624556481838226
1240,33,19,stable_normal,,0.038065433502197266,0.40438729524612427,0.39796674251556396,0.4128882884979248,0.01492154598236084,0.9619345664978027,0.13653859496116638,0.0,0.2277935892343521,0.7722064256668091,1240,0.2277935892343521
1241,33,20,noise_sensitive_normal,,0.33130377531051636,0.45456090569496155,0.4631607234477997,0.4575842320919037,0.005576491355895996,0.6686962246894836,0.18210962414741516,0.0,0.2256339192390442,0.7743660807609558,1241,0.2256339192390442
1242,33,21,stable_normal,,0.009680598974227905,0.43597298860549927,0.4481000006198883,0.42457297444343567,0.023527026176452637,0.9903193712234497,0.1273123174905777,0.0,0.15147709846496582,0.8485229015350342,1242,0.15147709846496582
1243,33,22,stable_normal,,0.03864210844039917,0.43865829706192017,0.42866843938827515,0.4500075578689575,0.021339118480682373,0.9613578915596008,0.13145233690738678,0.0,0.19496144354343414,0.805038571357727,1243,0.19496144354343414
1244,33,23,stable_normal,,0.0010161995887756348,0.4604589641094208,0.4648793637752533,0.45595693588256836,0.008922427892684937,0.9989838004112244,0.12251030653715134,0.0,0.15055860579013824,0.849441409111023,1244,0.15055860579013824
1245,33,24,pseudo_anomaly_risk,,0.14658695459365845,0.44789978861808777,0.47489872574806213,0.4144182801246643,0.06048044562339783,0.8534130454063416,0.14802421629428864,0.0,0.18990735709667206,0.8100926280021667,1245,0.18990735709667206
1246,33,25,stable_normal,,0.02105236053466797,0.44742196798324585,0.414754718542099,0.4760083556175232,0.061253637075424194,0.978947639465332,0.1274116188287735,0.0,0.20140069723129272,0.7985993027687073,1246,0.20140069723129272
1247,33,26,stable_normal,,0.019651830196380615,0.44909143447875977,0.45469483733177185,0.44462043046951294,0.010074406862258911,0.9803481698036194,0.12695418298244476,0.0,0.1808885931968689,0.8191114068031311,1247,0.1808885931968689
1248,33,27,noise_sensitive_normal,,0.11796301603317261,0.42399436235427856,0.44724544882774353,0.4076862931251526,0.03955915570259094,0.8820369839668274,0.14693692326545715,0.0,0.1829497367143631,0.8170502781867981,1248,0.1829497367143631
1249,33,28,stable_normal,,0.003029376268386841,0.4181555509567261,0.4144439995288849,0.4220339357852936,0.007589936256408691,0.9969706535339355,0.12887172400951385,0.0,0.17296306788921356,0.8270369172096252,1249,0.17296306788921356
1250,33,29,stable_normal,,0.010347753763198853,0.420586496591568,0.4142111837863922,0.42851611971855164,0.014304935932159424,0.9896522760391235,0.1296602338552475,0.0,0.20550206303596497,0.7944979667663574,1250,0.20550206303596497
1251,33,30,stable_normal,,0.013674765825271606,0.4541989266872406,0.44822850823402405,0.46050161123275757,0.01227310299873352,0.9863252639770508,0.12530528008937836,0.0,0.15276795625686646,0.8472320437431335,1251,0.15276795625686646
1252,33,31,stable_normal,,5.868077278137207e-05,0.4545009732246399,0.4543262720108032,0.454679012298584,0.0003527402877807617,0.999941349029541,0.12320316582918167,0.0,0.20163577795028687,0.7983642220497131,1252,0.20163577795028687
1253,33,32,stable_normal,,0.0579875111579895,0.44565650820732117,0.4414522647857666,0.45354312658309937,0.012090861797332764,0.9420124888420105,0.13349486887454987,0.0,0.17162567377090454,0.8283743262290955,1253,0.17162567377090454
1254,33,33,stable_normal,,0.03600922226905823,0.43577948212623596,0.41337358951568604,0.4584745466709137,0.04510095715522766,0.9639908075332642,0.13146263360977173,0.0,0.14355440437793732,0.8564456105232239,1254,0.14355440437793732
1255,33,34,stable_normal,,0.013680577278137207,0.44644978642463684,0.45613422989845276,0.43558529019355774,0.02054893970489502,0.9863194227218628,0.1264166235923767,0.0,0.15610487759113312,0.8438951373100281,1255,0.15610487759113312
1256,33,35,stable_normal,,0.07963812351226807,0.454019695520401,0.43207162618637085,0.4880644679069519,0.055992841720581055,0.9203618764877319,0.13573138415813446,0.0,0.23721249401569366,0.7627875208854675,1256,0.23721249401569366
1257,33,36,lesion_candidate_preserved,,0.07371145486831665,0.4847958981990814,0.4861815273761749,0.48470035195350647,0.001481175422668457,0.9262885451316833,0.13016177713871002,0.0,0.2524731755256653,0.7475268244743347,1257,0.2524731755256653
1258,34,0,pseudo_anomaly_risk,,0.17838197946548462,0.4042723774909973,0.36421412229537964,0.44871771335601807,0.08450359106063843,0.8216180205345154,0.16122174263000488,0.0,0.21163371205329895,0.7883663177490234,1258,0.21163371205329895
1259,34,1,stable_normal,,0.028203070163726807,0.382712721824646,0.388895183801651,0.38009753823280334,0.008797645568847656,0.9717969298362732,0.1382598876953125,0.0,0.18085496127605438,0.8191450238227844,1259,0.18085496127605438
1260,34,2,stable_normal,,0.00602954626083374,0.4047047793865204,0.40404224395751953,0.4059208929538727,0.0018786489963531494,0.9939704537391663,0.1313263326883316,0.0,0.21903687715530396,0.780963122844696,1260,0.21903687715530396
1261,34,3,stable_normal,,0.00035580992698669434,0.4558717608451843,0.45663321018218994,0.4551277160644531,0.0015054941177368164,0.9996441602706909,0.12305499613285065,0.0,0.1822061538696289,0.8177938461303711,1261,0.1822061538696289
1262,34,4,stable_normal,,8.782744407653809e-05,0.45733878016471863,0.45813167095184326,0.4565448462963104,0.001586824655532837,0.9999121427536011,0.12280880659818649,0.0,0.19135287404060364,0.8086471557617188,1262,0.19135287404060364
1263,34,5,stable_normal,,0.023662209510803223,0.401868611574173,0.37801268696784973,0.43185994029045105,0.05384725332260132,0.9763377904891968,0.1345771700143814,0.0,0.17922388017177582,0.820776104927063,1263,0.17922388017177582
1264,34,6,stable_normal,,0.018838554620742798,0.3840925693511963,0.3773980438709259,0.3938221335411072,0.016424089670181274,0.9811614751815796,0.1365044265985489,0.0,0.1986340582370758,0.8013659715652466,1264,0.1986340582370758
1265,34,7,stable_normal,,0.06118011474609375,0.41003143787384033,0.3926553726196289,0.43048709630966187,0.03783172369003296,0.9388198852539062,0.1394859254360199,0.0,0.15314579010009766,0.8468542098999023,1265,0.15314579010009766
1266,34,8,stable_normal,,0.01795712113380432,0.41885125637054443,0.42035913467407227,0.41877996921539307,0.0015791654586791992,0.9820429086685181,0.13111570477485657,0.0,0.19931451976299286,0.800685465335846,1266,0.19931451976299286
1267,34,9,pseudo_anomaly_risk,,0.08967679738998413,0.41663864254951477,0.4567999243736267,0.3859431743621826,0.07085675001144409,0.9103232026100159,0.14324882626533508,0.0,0.19294320046901703,0.8070567846298218,1267,0.19294320046901703
1268,34,10,stable_normal,,0.0006417036056518555,0.4586261510848999,0.4605499505996704,0.45669883489608765,0.0038511157035827637,0.9993582963943481,0.12271113693714142,0.0,0.2125142216682434,0.7874857783317566,1268,0.2125142216682434
1269,34,11,stable_normal,,0.0015050768852233887,0.426157683134079,0.4321235418319702,0.4204181134700775,0.0117054283618927,0.9984949231147766,0.12747031450271606,0.0,0.20087292790412903,0.7991271018981934,1269,0.20087292790412903
1270,34,12,stable_normal,,0.011604487895965576,0.4578041434288025,0.4530302882194519,0.462426096200943,0.009395807981491089,0.9883955121040344,0.1244775652885437,0.0,0.21731439232826233,0.7826856374740601,1270,0.21731439232826233
1271,34,13,stable_normal,,0.0004253685474395752,0.4581180214881897,0.46151140332221985,0.4548361301422119,0.006675273180007935,0.9995746612548828,0.12275003641843796,0.0,0.19040586054325104,0.8095941543579102,1271,0.19040586054325104
1272,34,14,lesion_candidate_preserved,,0.061938852071762085,0.47587746381759644,0.48314154148101807,0.4706840515136719,0.012457489967346191,0.9380611181259155,0.1296253204345703,0.0,0.1935010701417923,0.8064989447593689,1272,0.1935010701417923
1273,34,15,stable_normal,,0.01172405481338501,0.4454650282859802,0.4606207311153412,0.4302103519439697,0.03041037917137146,0.988275945186615,0.1262580305337906,0.0,0.17892581224441528,0.8210741877555847,1273,0.17892581224441528
1274,34,16,stable_normal,,0.0021405816078186035,0.4319603145122528,0.4370071291923523,0.4270060062408447,0.010001122951507568,0.9978594183921814,0.1267298012971878,0.0,0.17284569144248962,0.827154278755188,1274,0.17284569144248962
1275,34,17,stable_normal,,0.027152299880981445,0.4235992133617401,0.4221864640712738,0.42791032791137695,0.005723863840103149,0.9728477001190186,0.13186900317668915,0.0,0.19074998795986176,0.809249997138977,1275,0.19074998795986176
1276,34,18,stable_normal,,0.05682504177093506,0.43641653656959534,0.45145344734191895,0.41894251108169556,0.03251093626022339,0.9431749582290649,0.13470470905303955,0.0,0.16084164381027222,0.8391583561897278,1276,0.16084164381027222
1277,34,19,noise_sensitive_normal,,0.3799998164176941,0.4461687207221985,0.4525447189807892,0.4615963399410248,0.009051620960235596,0.6200001835823059,0.19411256909370422,0.0,0.19033703207969666,0.809662938117981,1277,0.19033703207969666
1278,34,20,stable_normal,,0.004804253578186035,0.45562484860420227,0.45659419894218445,0.4548887014389038,0.0017054975032806396,0.995195746421814,0.12375863641500473,0.0,0.12885555624961853,0.8711444139480591,1278,0.12885555624961853
1279,34,21,stable_normal,,0.055824875831604004,0.4076775014400482,0.4365995526313782,0.3805294632911682,0.05607008934020996,0.944175124168396,0.13896135985851288,0.0,0.1402563452720642,0.8597436547279358,1279,0.1402563452720642
1280,34,22,stable_normal,,0.012872040271759033,0.4632902145385742,0.44922375679016113,0.4771152138710022,0.027891457080841064,0.987127959728241,0.12389202415943146,0.0,0.13802941143512726,0.8619706034660339,1280,0.13802941143512726
1281,34,23,stable_normal,,8.147954940795898e-05,0.454190194606781,0.45348164439201355,0.4549107551574707,0.0014291107654571533,0.999918520450592,0.1232503354549408,0.0,0.1747933030128479,0.8252066969871521,1281,0.1747933030128479
1282,34,24,stable_normal,,0.010717123746871948,0.4660782814025879,0.4715380072593689,0.46115341782569885,0.010384589433670044,0.9892828464508057,0.12317454069852829,0.0,0.21054555475711823,0.789454460144043,1282,0.21054555475711823
1283,34,25,stable_normal,,0.008628010749816895,0.4315963089466095,0.45282307267189026,0.414347767829895,0.03847530484199524,0.9913719892501831,0.1277838945388794,0.0,0.143929585814476,0.8560703992843628,1283,0.143929585814476
1284,34,26,stable_normal,,0.0186423659324646,0.4305487871170044,0.43349164724349976,0.4291018545627594,0.0043897926807403564,0.9813576340675354,0.1294970065355301,0.0,0.18347513675689697,0.816524863243103,1284,0.18347513675689697
1285,34,27,stable_normal,,0.009271621704101562,0.42610183358192444,0.4363291263580322,0.41552385687828064,0.020805269479751587,0.9907283782958984,0.1286839246749878,0.0,0.12564200162887573,0.8743579983711243,1285,0.12564200162887573
1286,34,28,stable_normal,,0.02059999108314514,0.4366081953048706,0.4553799629211426,0.41535815596580505,0.040021806955337524,0.9794000387191772,0.12891517579555511,0.0,0.2138632982969284,0.7861366868019104,1286,0.2138632982969284
1287,34,29,stable_normal,,0.008925586938858032,0.4280794858932495,0.42814570665359497,0.4286913275718689,0.0005456209182739258,0.9910744428634644,0.12834157049655914,0.0,0.18571381270885468,0.8142861723899841,1287,0.18571381270885468
1288,34,30,pseudo_anomaly_risk,,0.1846235692501068,0.4073551595211029,0.4565519094467163,0.3620564043521881,0.0944955050945282,0.8153764009475708,0.1618528962135315,0.0,0.16073229908943176,0.8392677307128906,1288,0.16073229908943176
1289,34,31,stable_normal,,0.005433619022369385,0.4522537887096405,0.4558296203613281,0.4486028850078583,0.007226735353469849,0.9945663809776306,0.1243307814002037,0.0,0.17389518022537231,0.8261048197746277,1289,0.17389518022537231
1290,34,32,stable_normal,,0.053529173135757446,0.43964964151382446,0.46482086181640625,0.4089911878108978,0.05582967400550842,0.9464708566665649,0.1336832046508789,0.0,0.15793395042419434,0.8420660495758057,1290,0.15793395042419434
1291,34,33,stable_normal,,0.016401350498199463,0.44783711433410645,0.4418233036994934,0.4540410041809082,0.012217700481414795,0.9835986495018005,0.1266348510980606,0.0,0.10745811462402344,0.8925418853759766,1291,0.10745811462402344
1292,34,34,stable_normal,,0.03608420491218567,0.4275042414665222,0.4408028721809387,0.40844887495040894,0.032353997230529785,0.9639158248901367,0.13271020352840424,0.0,0.24023471772670746,0.7597652673721313,1292,0.24023471772670746
1293,34,35,stable_normal,,0.015414237976074219,0.378025084733963,0.38794422149658203,0.36987441778182983,0.018069803714752197,0.9845857620239258,0.13687537610530853,0.0,0.126668781042099,0.8733311891555786,1293,0.126668781042099
1294,34,36,stable_normal,,0.011209487915039062,0.3895445764064789,0.3944864869117737,0.3856509327888489,0.008835554122924805,0.9887905120849609,0.13443094491958618,0.0,0.18158011138439178,0.818419873714447,1294,0.18158011138439178
1295,35,0,stable_normal,,0.003608524799346924,0.3744065761566162,0.38097432255744934,0.3678048551082611,0.013169467449188232,0.9963914752006531,0.1354994922876358,0.0,0.21487528085708618,0.7851247191429138,1295,0.21487528085708618
1296,35,1,stable_normal,,0.012777864933013916,0.36354467272758484,0.37731510400772095,0.3507915139198303,0.026523590087890625,0.9872221350669861,0.1386805921792984,0.0,0.20259705185890198,0.7974029779434204,1296,0.20259705185890198
1297,35,2,stable_normal,,0.02432343363761902,0.3835873603820801,0.4096355736255646,0.35924971103668213,0.050385862588882446,0.9756765365600586,0.13748352229595184,0.0,0.15721572935581207,0.8427842855453491,1297,0.15721572935581207
1298,35,3,stable_normal,,0.02150702476501465,0.4017268121242523,0.40539106726646423,0.4003494679927826,0.005041599273681641,0.9784929752349854,0.13425014913082123,0.0,0.1929103136062622,0.8070896863937378,1298,0.1929103136062622
1299,35,4,stable_normal,,0.04185110330581665,0.39507579803466797,0.3949982225894928,0.3993203341960907,0.0043221116065979,0.9581488966941833,0.13860177993774414,0.0,0.22867274284362793,0.7713272571563721,1299,0.22867274284362793
1300,35,5,stable_normal,,0.0008564591407775879,0.4511231482028961,0.45089060068130493,0.45139405131340027,0.0005034506320953369,0.9991435408592224,0.12379946559667587,0.0,0.21725738048553467,0.7827426195144653,1300,0.21725738048553467
1301,35,6,stable_normal,,0.006094157695770264,0.389323890209198,0.4002264142036438,0.3791491687297821,0.021077245473861694,0.9939058423042297,0.13363905251026154,0.0,0.18076860904693604,0.819231390953064,1301,0.18076860904693604
1302,35,7,stable_normal,,0.00996023416519165,0.3781535029411316,0.37274500727653503,0.38514381647109985,0.01239880919456482,0.9900397658348083,0.1359626203775406,0.0,0.20792891085147858,0.7920711040496826,1302,0.20792891085147858
1303,35,8,stable_normal,,0.002069234848022461,0.44641727209091187,0.442743182182312,0.450110524892807,0.007367342710494995,0.9979307651519775,0.12464967370033264,0.0,0.2038283795118332,0.7961716055870056,1303,0.2038283795118332
1304,35,9,stable_normal,,0.0016681551933288574,0.4353111684322357,0.44703754782676697,0.42401057481765747,0.023026973009109497,0.9983318448066711,0.1261751651763916,0.0,0.16267788410186768,0.8373221158981323,1304,0.16267788410186768
1305,35,10,stable_normal,,0.012719452381134033,0.4355737864971161,0.4522525668144226,0.4184132218360901,0.03383934497833252,0.987280547618866,0.1278403103351593,0.0,0.15190918743610382,0.8480908274650574,1305,0.15190918743610382
1306,35,11,stable_normal,,0.0015764236450195312,0.4539927840232849,0.4535495340824127,0.4544728100299835,0.0009232759475708008,0.9984235763549805,0.12350285053253174,0.0,0.16196328401565552,0.8380367159843445,1306,0.16196328401565552
1307,35,12,stable_normal,,0.0015674829483032227,0.4532575309276581,0.4542365074157715,0.45238393545150757,0.001852571964263916,0.9984325170516968,0.12360522150993347,0.0,0.18791770935058594,0.8120822906494141,1307,0.18791770935058594
1308,35,13,stable_normal,,0.02843382954597473,0.443800687789917,0.4588727653026581,0.43105974793434143,0.02781301736831665,0.9715662002563477,0.129085972905159,0.0,0.2085573971271515,0.7914426326751709,1308,0.2085573971271515
1309,35,14,stable_normal,,0.00413435697555542,0.45148006081581116,0.45493051409721375,0.4478105306625366,0.007119983434677124,0.9958656430244446,0.12424391508102417,0.0,0.20614376664161682,0.7938562631607056,1309,0.20614376664161682
1310,35,15,pseudo_anomaly_risk,,0.29380002617836,0.3925613462924957,0.4552440345287323,0.3480783700942993,0.10716566443443298,0.7062000036239624,0.18641242384910583,0.0,0.2095348984003067,0.7904651165008545,1310,0.2095348984003067
1311,35,16,stable_normal,,0.006870478391647339,0.4519679844379425,0.45009297132492065,0.45403915643692017,0.003946185111999512,0.9931294918060303,0.1245889663696289,0.0,0.18425673246383667,0.8157432675361633,1311,0.18425673246383667
1312,35,17,stable_normal,,0.026829451322555542,0.3889794647693634,0.4105072021484375,0.3714584410190582,0.03904876112937927,0.9731705188751221,0.13706427812576294,0.0,0.19327440857887268,0.8067256212234497,1312,0.19327440857887268
1313,35,18,stable_normal,,0.0005774497985839844,0.4628027081489563,0.4630160629749298,0.46260350942611694,0.0004125535488128662,0.999422550201416,0.12211713194847107,0.0,0.22549216449260712,0.7745078206062317,1313,0.22549216449260712
1314,35,19,stable_normal,,0.0011625885963439941,0.447948157787323,0.4552891254425049,0.440275639295578,0.01501348614692688,0.998837411403656,0.12429503351449966,0.0,0.2001260668039322,0.799873948097229,1314,0.2001260668039322
1315,35,20,stable_normal,,0.018681973218917847,0.3968699872493744,0.4134044051170349,0.38154155015945435,0.031862854957580566,0.9813179969787598,0.1345292627811432,0.0,0.15608063340187073,0.8439193964004517,1315,0.15608063340187073
1316,35,21,stable_normal,,0.008489340543746948,0.4394092559814453,0.4498969316482544,0.42804089188575745,0.021856039762496948,0.9915106296539307,0.1266326606273651,0.0,0.20319323241710663,0.7968067526817322,1316,0.20319323241710663
1317,35,22,stable_normal,,0.005328267812728882,0.43767502903938293,0.4487708806991577,0.4275263249874115,0.021244555711746216,0.9946717023849487,0.12639674544334412,0.0,0.16583940386772156,0.834160566329956,1317,0.16583940386772156
1318,35,23,stable_normal,,0.0018529891967773438,0.45604655146598816,0.4571554958820343,0.45503702759742737,0.0021184682846069336,0.9981470108032227,0.12325512617826462,0.0,0.11482042819261551,0.8851795792579651,1318,0.11482042819261551
1319,35,24,stable_normal,,0.0012531876564025879,0.4563453495502472,0.4571615755558014,0.455615371465683,0.0015462040901184082,0.9987468123435974,0.12312303483486176,0.0,0.20876626670360565,0.7912337183952332,1319,0.20876626670360565
1320,35,25,stable_normal,,0.03298294544219971,0.362111896276474,0.357372522354126,0.37081220746040344,0.013439685106277466,0.9670170545578003,0.14229685068130493,0.0,0.18027283251285553,0.8197271823883057,1320,0.18027283251285553
1321,35,26,stable_normal,,0.039513736963272095,0.40259894728660583,0.4040480852127075,0.40489041805267334,0.0008423328399658203,0.9604862928390503,0.13705134391784668,0.0,0.17062726616859436,0.829372763633728,1321,0.17062726616859436
1322,35,27,stable_normal,,0.008260667324066162,0.4011307954788208,0.4184778928756714,0.38624659180641174,0.032231301069259644,0.9917393326759338,0.13221368193626404,0.0,0.17474304139614105,0.8252569437026978,1322,0.17474304139614105
1323,35,28,stable_normal,,0.023757576942443848,0.3883933424949646,0.3966057002544403,0.3816309869289398,0.014974713325500488,0.9762424230575562,0.13665008544921875,0.0,0.21516722440719604,0.784832775592804,1323,0.21516722440719604
1324,35,29,pseudo_anomaly_risk,,0.1783764362335205,0.4156055450439453,0.3738599419593811,0.4562658667564392,0.0824059247970581,0.8216235637664795,0.15923450887203217,0.0,0.15382437407970428,0.8461756110191345,1324,0.15382437407970428
1325,35,30,stable_normal,,0.020899653434753418,0.44168955087661743,0.43111100792884827,0.45092707872390747,0.019816070795059204,0.9791003465652466,0.1282203197479248,0.0,0.21217866241931915,0.787821352481842,1325,0.21217866241931915
1326,35,31,stable_normal,,0.032321810722351074,0.4025972783565521,0.3814865052700043,0.4244164526462555,0.04292994737625122,0.9676781892776489,0.13587366044521332,0.0,0.21212098002433777,0.7878789901733398,1326,0.21212098002433777
1327,35,32,stable_normal,,0.003537893295288086,0.4513258635997772,0.45792025327682495,0.44408291578292847,0.013837337493896484,0.9964621067047119,0.12417560070753098,0.0,0.2125624716281891,0.7874375581741333,1327,0.2125624716281891
1328,35,33,stable_normal,,0.05808699131011963,0.41146260499954224,0.43669530749320984,0.38855159282684326,0.04814371466636658,0.9419130086898804,0.13874781131744385,0.0,0.16599798202514648,0.8340020179748535,1328,0.16599798202514648
1329,35,34,stable_normal,,0.08513087034225464,0.4269023537635803,0.4010387063026428,0.4549541771411896,0.05391547083854675,0.9148691296577454,0.14084962010383606,0.0,0.12703576683998108,0.8729642629623413,1329,0.12703576683998108
1330,35,35,stable_normal,,0.0037820935249328613,0.39786434173583984,0.4047151207923889,0.39201897382736206,0.012696146965026855,0.9962179064750671,0.1319877952337265,0.0,0.22750341892242432,0.7724965810775757,1330,0.22750341892242432
1331,35,36,stable_normal,,0.04121777415275574,0.38363251090049744,0.3861916959285736,0.3857446610927582,0.0004470348358154297,0.9587821960449219,0.1402846723794937,0.0,0.16445209085941315,0.835547924041748,1331,0.16445209085941315
1332,36,0,stable_normal,,0.007126539945602417,0.3504013419151306,0.35082393884658813,0.3509889245033264,0.00016498565673828125,0.9928734302520752,0.13979092240333557,0.0,0.26916053891181946,0.7308394908905029,1332,0.26916053891181946
1333,36,1,noise_sensitive_normal,,0.1403675079345703,0.37909480929374695,0.365744411945343,0.4058353900909424,0.040090978145599365,0.8596324920654297,0.15852974355220795,0.0,0.14799658954143524,0.8520033955574036,1333,0.14799658954143524
1334,36,2,noise_sensitive_normal,,0.10648125410079956,0.39425304532051086,0.389011949300766,0.40998977422714233,0.020977824926376343,0.8935187458992004,0.14981527626514435,0.0,0.20107486844062805,0.7989251613616943,1334,0.20107486844062805
1335,36,3,stable_normal,,0.009112715721130371,0.40184441208839417,0.4139830470085144,0.3918343782424927,0.02214866876602173,0.9908872842788696,0.13224291801452637,0.0,0.2516433894634247,0.7483565807342529,1335,0.2516433894634247
1336,36,4,stable_normal,,0.02082034945487976,0.4000115692615509,0.4096054136753082,0.393071711063385,0.016533702611923218,0.9791796207427979,0.134398952126503,0.0,0.24536359310150146,0.7546364068984985,1336,0.24536359310150146
1337,36,5,stable_normal,,0.029692769050598145,0.3993907570838928,0.43100714683532715,0.37851837277412415,0.052488774061203,0.9703072309494019,0.1359350085258484,0.0,0.24378395080566406,0.7562160491943359,1337,0.24378395080566406
1338,36,6,stable_normal,,0.02164486050605774,0.3753397762775421,0.3663313090801239,0.3893302381038666,0.022998929023742676,0.9783551692962646,0.1383180171251297,0.0,0.2321849912405014,0.7678149938583374,1338,0.2321849912405014
1339,36,7,stable_normal,,0.038290709257125854,0.380669504404068,0.4008398652076721,0.3645409345626831,0.036298930644989014,0.9617092609405518,0.14025947451591492,0.0,0.1922825425863266,0.8077174425125122,1339,0.1922825425863266
1340,36,8,stable_normal,,0.00465083122253418,0.4143933951854706,0.43059319257736206,0.3986012041568756,0.03199198842048645,0.9953491687774658,0.1296769678592682,0.0,0.20307056605815887,0.7969294190406799,1340,0.20307056605815887
1341,36,9,stable_normal,,0.005723059177398682,0.4211575984954834,0.43109577894210815,0.41003167629241943,0.02106410264968872,0.9942769408226013,0.12885306775569916,0.0,0.1267055869102478,0.8732944130897522,1341,0.1267055869102478
1342,36,10,stable_normal,,0.0010524392127990723,0.4445631802082062,0.44988754391670227,0.43909570574760437,0.0107918381690979,0.9989475607872009,0.1247590035200119,0.0,0.1745874285697937,0.8254125714302063,1342,0.1745874285697937
1343,36,11,stable_normal,,0.0008329451084136963,0.4571184515953064,0.45696160197257996,0.4573153555393219,0.00035375356674194336,0.9991670846939087,0.12295136600732803,0.0,0.17315520346164703,0.8268448114395142,1343,0.17315520346164703
1344,36,12,pseudo_anomaly_risk,,0.19645190238952637,0.41495195031166077,0.446837842464447,0.3926900327205658,0.054147809743881226,0.8035480976104736,0.16274279356002808,0.0,0.18136052787303925,0.8186394572257996,1344,0.18136052787303925
1345,36,13,pseudo_anomaly_risk,,0.23646986484527588,0.425397127866745,0.45464760065078735,0.4041624665260315,0.05048513412475586,0.7635301351547241,0.1685492843389511,0.0,0.19516226649284363,0.804837703704834,1345,0.19516226649284363
1346,36,14,noise_sensitive_normal,,0.22699308395385742,0.4339852035045624,0.416582852602005,0.453755259513855,0.037172406911849976,0.7730069160461426,0.16516326367855072,0.0,0.22343319654464722,0.7765668034553528,1346,0.22343319654464722
1347,36,15,stable_normal,,0.013491332530975342,0.44316551089286804,0.45590585470199585,0.42845240235328674,0.027453452348709106,0.9865086674690247,0.12686064839363098,0.0,0.1807929128408432,0.8192070722579956,1347,0.1807929128408432
1348,36,16,stable_normal,,0.008298486471176147,0.38422900438308716,0.3822472095489502,0.3876173496246338,0.005370140075683594,0.9917014837265015,0.1347661167383194,0.0,0.16942861676216125,0.8305714130401611,1348,0.16942861676216125
1349,36,17,stable_normal,,0.05042162537574768,0.3937002122402191,0.37449711561203003,0.4140079617500305,0.03951084613800049,0.9495784044265747,0.14024600386619568,0.0,0.19935466349124908,0.8006453514099121,1349,0.19935466349124908
1350,36,18,noise_sensitive_normal,,0.14919182658195496,0.40643325448036194,0.4105689227581024,0.4159315526485443,0.0053626298904418945,0.8508081436157227,0.155440554022789,0.0,0.22712543606758118,0.7728745937347412,1350,0.22712543606758118
1351,36,19,stable_normal,,0.053522467613220215,0.41094860434532166,0.396600604057312,0.4248879551887512,0.02828735113143921,0.9464775323867798,0.13807107508182526,0.0,0.2165667712688446,0.783433198928833,1351,0.2165667712688446
1352,36,20,stable_normal,,0.0616074800491333,0.39908304810523987,0.387580543756485,0.4165407419204712,0.028960198163986206,0.9383925199508667,0.1412784457206726,0.0,0.13513806462287903,0.8648619651794434,1352,0.13513806462287903
1353,36,21,noise_sensitive_normal,,0.39677566289901733,0.4314185380935669,0.460949182510376,0.42133668065071106,0.03961250185966492,0.6032243371009827,0.20085211098194122,0.0,0.255257248878479,0.744742751121521,1353,0.255257248878479
1354,36,22,stable_normal,,0.007230162620544434,0.4390980899333954,0.44936931133270264,0.4283778667449951,0.02099144458770752,0.9927698373794556,0.1264839917421341,0.0,0.19054517149925232,0.8094547986984253,1354,0.19054517149925232
1355,36,23,stable_normal,,0.0013707876205444336,0.45316043496131897,0.45863085985183716,0.447763592004776,0.010867267847061157,0.9986292123794556,0.12358931452035904,0.0,0.17217053472995758,0.8278294801712036,1355,0.17217053472995758
1356,36,24,stable_normal,,0.03770291805267334,0.4332640767097473,0.45945146679878235,0.40309879183769226,0.05635267496109009,0.9622970819473267,0.13210684061050415,0.0,0.19840817153453827,0.8015918135643005,1356,0.19840817153453827
1357,36,25,stable_normal,,0.043335914611816406,0.38482725620269775,0.3935990631580353,0.3824805021286011,0.011118561029434204,0.9566640853881836,0.14045214653015137,0.0,0.23117366433143616,0.7688263654708862,1357,0.23117366433143616
1358,36,26,stable_normal,,0.02498561143875122,0.4126892685890198,0.43798211216926575,0.388070672750473,0.049911439418792725,0.9750143885612488,0.13315631449222565,0.0,0.21810482442378998,0.7818951606750488,1358,0.21810482442378998
1359,36,27,stable_normal,,0.0077499449253082275,0.42726990580558777,0.4195493757724762,0.4363466203212738,0.016797244548797607,0.9922500848770142,0.1282767504453659,0.0,0.24504037201404572,0.7549596428871155,1359,0.24504037201404572
1360,36,28,stable_normal,,0.007535845041275024,0.39553359150886536,0.38408249616622925,0.4088268578052521,0.024744361639022827,0.9924641847610474,0.13293620944023132,0.0,0.23168374598026276,0.7683162689208984,1360,0.23168374598026276
1361,36,29,pseudo_anomaly_risk,,0.12284278869628906,0.4281023442745209,0.40569597482681274,0.45021143555641174,0.044515460729599,0.8771572113037109,0.14711648225784302,0.0,0.17589637637138367,0.824103593826294,1361,0.17589637637138367
1362,36,30,stable_normal,,0.03726363182067871,0.37437430024147034,0.36402830481529236,0.3874792754650116,0.02345097064971924,0.9627363681793213,0.14107806980609894,0.0,0.22824658453464508,0.7717534303665161,1362,0.22824658453464508
1363,36,31,stable_normal,,0.005296587944030762,0.4057001769542694,0.40009352564811707,0.41076263785362244,0.010669112205505371,0.9947034120559692,0.13106243312358856,0.0,0.2172391563653946,0.7827608585357666,1363,0.2172391563653946
1364,36,32,stable_normal,,0.05154874920845032,0.42119646072387695,0.43851709365844727,0.40138670802116394,0.037130385637283325,0.9484512805938721,0.1361672282218933,0.0,0.21868833899497986,0.7813116312026978,1364,0.21868833899497986
1365,36,33,stable_normal,,0.007505834102630615,0.37266266345977783,0.3797805905342102,0.36681219935417175,0.012968391180038452,0.9924941658973694,0.13640260696411133,0.0,0.24454046785831451,0.7554595470428467,1365,0.24454046785831451
1366,36,34,stable_normal,,0.008265525102615356,0.37697893381118774,0.3817884922027588,0.3728795647621155,0.00890892744064331,0.991734504699707,0.13586565852165222,0.0,0.19765794277191162,0.8023420572280884,1366,0.19765794277191162
1367,36,35,stable_normal,,0.07133230566978455,0.3906805217266083,0.4213279187679291,0.36292195320129395,0.05840596556663513,0.9286676645278931,0.144272118806839,0.0,0.22654715180397034,0.773452877998352,1367,0.22654715180397034
1368,36,36,stable_normal,,0.0035109519958496094,0.4102923274040222,0.410957932472229,0.40999898314476013,0.0009589493274688721,0.9964890480041504,0.13010160624980927,0.0,0.2601657807826996,0.739834189414978,1368,0.2601657807826996
