patch_index,row,col,posthoc_state,representative_number,uncertainty,anomaly_probability,primary_anomaly_probability,reference_anomaly_probability,prediction_disagreement,source_reliability,update_gate,gt_lesion_fraction,transition_self_weight,transition_nonself_weight,top_source_patch,top_source_weight
0,0,0,stable_normal,,0.01894417405128479,0.025763992220163345,0.038847651332616806,0.02040456049144268,0.018443090841174126,0.9810558557510376,0.20136840641498566,0.0,0.23111405968666077,0.7688859701156616,0,0.23111405968666077
1,0,1,stable_normal,,0.014677047729492188,0.02836097963154316,0.036499589681625366,0.02391553483903408,0.012584054842591286,0.9853229522705078,0.19987475872039795,0.0,0.23924703896045685,0.7607529759407043,1,0.23924703896045685
2,0,2,stable_normal,,0.027359485626220703,0.027264878153800964,0.03599252179265022,0.023723529651761055,0.012268992140889168,0.9726405143737793,0.20293956995010376,0.0,0.23378273844718933,0.7662172317504883,2,0.23378273844718933
3,0,3,stable_normal,,0.022528529167175293,0.028127677738666534,0.03054516203701496,0.028093868866562843,0.002451293170452118,0.9774714708328247,0.20167464017868042,0.0,0.2357374131679535,0.7642625570297241,3,0.2357374131679535
4,0,4,stable_normal,,0.02961421012878418,0.021926257759332657,0.011859338730573654,0.03976258635520935,0.027903247624635696,0.9703857898712158,0.20457616448402405,0.0,0.1970275193452835,0.8029724955558777,4,0.1970275193452835
5,0,5,stable_normal,,0.02024209499359131,0.03058491460978985,0.040600333362817764,0.023682139813899994,0.01691819354891777,0.9797579050064087,0.20064964890480042,0.0,0.21561674773693085,0.784383237361908,5,0.21561674773693085
6,0,6,stable_normal,,0.023025810718536377,0.03634939342737198,0.05156610161066055,0.02598940208554268,0.025576699525117874,0.9769741892814636,0.20006661117076874,0.0,0.16966474056243896,0.830335259437561,6,0.16966474056243896
7,0,7,stable_normal,,0.013354659080505371,0.05945465341210365,0.0790787935256958,0.04316060245037079,0.03591819107532501,0.9866453409194946,0.19318990409374237,0.0,0.22522753477096558,0.7747724652290344,7,0.22522753477096558
8,0,8,stable_normal,,0.01844125986099243,0.053075339645147324,0.0779222920536995,0.034429993480443954,0.04349229857325554,0.9815587401390076,0.195598304271698,0.0,0.23341268301010132,0.7665873169898987,8,0.23341268301010132
9,0,9,lesion_candidate_preserved,,0.01355019211769104,0.08299814164638519,0.0693868026137352,0.10067939013242722,0.03129258751869202,0.9864498376846313,0.1884966790676117,0.0,0.18103289604187012,0.8189671039581299,9,0.18103289604187012
10,0,10,stable_normal,,0.008540719747543335,0.03882754594087601,0.046168044209480286,0.0326431542634964,0.013524889945983887,0.9914592504501343,0.19635415077209473,0.0,0.21739402413368225,0.7826060056686401,10,0.21739402413368225
11,0,11,stable_normal,,0.08951550722122192,0.034268345683813095,0.01481480523943901,0.07476547360420227,0.05995066836476326,0.9104844927787781,0.2157253473997116,0.0,0.15272729098796844,0.8472726941108704,11,0.15272729098796844
12,0,12,stable_normal,,0.0778457522392273,0.020798340439796448,0.027053572237491608,0.02162068523466587,0.005432887002825737,0.9221542477607727,0.21594958007335663,0.0,0.1531258225440979,0.8468741774559021,12,0.1531258225440979
13,0,13,stable_normal,,0.014404922723770142,0.04348214343190193,0.027744397521018982,0.06571456789970398,0.037970170378685,0.9855951070785522,0.1966838389635086,0.0,0.2235325425863266,0.7764674425125122,13,0.2235325425863266
14,0,14,lesion_candidate_preserved,,0.019406557083129883,0.09263432770967484,0.09930992126464844,0.09083729237318039,0.008472628891468048,0.9805934429168701,0.1878228336572647,0.0,0.23668579757213593,0.7633141875267029,14,0.23668579757213593
15,0,15,lesion_candidate_preserved,,0.0963069498538971,0.09416711330413818,0.11438130587339401,0.09693542122840881,0.0174458846449852,0.9036930799484253,0.20434895157814026,0.0,0.22310729324817657,0.7768927216529846,15,0.22310729324817657
16,0,16,lesion_candidate_preserved,,0.0630950927734375,0.10490424185991287,0.10139218717813492,0.11890413612127304,0.017511948943138123,0.9369049072265625,0.19474343955516815,0.0,0.2294931262731552,0.7705068588256836,16,0.2294931262731552
17,0,17,stable_normal,,0.0010202229022979736,0.08031214773654938,0.08874541521072388,0.07277825474739075,0.01596716046333313,0.9989798069000244,0.18637707829475403,0.0,0.2148618847131729,0.7851381301879883,17,0.2148618847131729
18,0,18,stable_normal,,0.04134005308151245,0.03476870805025101,0.026326503604650497,0.05300993099808693,0.026683427393436432,0.9586599469184875,0.2045063078403473,0.0,0.22009189426898956,0.7799081206321716,18,0.22009189426898956
19,0,19,noise_sensitive_normal,,0.11511236429214478,0.02621448040008545,0.02704540081322193,0.03974571079015732,0.012700309976935387,0.8848876357078552,0.22362136840820312,0.0,0.27367186546325684,0.7263281345367432,19,0.27367186546325684
20,0,20,lesion_candidate_preserved,,0.033597588539123535,0.0873505026102066,0.10589191317558289,0.0786455050110817,0.02724640816450119,0.9664024114608765,0.19191527366638184,0.0,0.2047112137079239,0.7952888011932373,20,0.2047112137079239
21,0,21,noise_sensitive_normal,,0.18140369653701782,0.029417235404253006,0.056840930134058,0.023297494277358055,0.03354343771934509,0.8185963034629822,0.23926396667957306,0.0,0.21829064190387726,0.7817093729972839,21,0.21829064190387726
22,0,22,pseudo_anomaly_risk,,0.14750540256500244,0.07126469910144806,0.06320157647132874,0.1031569391489029,0.03995536267757416,0.8524945974349976,0.2212596833705902,0.0,0.20055735111236572,0.7994426488876343,22,0.20055735111236572
23,0,23,stable_normal,,0.0011323392391204834,0.0777553990483284,0.08480405807495117,0.07142584025859833,0.013378217816352844,0.9988676309585571,0.18690627813339233,0.0,0.2023729681968689,0.7976270318031311,23,0.2023729681968689
24,0,24,stable_normal,,0.002663165330886841,0.07773606479167938,0.08644811809062958,0.07016126811504364,0.016286849975585938,0.9973368644714355,0.18723365664482117,0.0,0.17321015894412994,0.8267898559570312,24,0.17321015894412994
25,0,25,noise_sensitive_normal,,0.23449501395225525,0.03239903599023819,0.030083468183875084,0.0670001357793808,0.036916665732860565,0.7655049562454224,0.2522192895412445,0.0,0.1747201383113861,0.8252798318862915,25,0.1747201383113861
26,0,26,stable_normal,,0.021711885929107666,0.04730892926454544,0.05034584179520607,0.04732558876276016,0.0030202530324459076,0.9782881140708923,0.1975022554397583,0.0,0.23213161528110504,0.7678683996200562,26,0.23213161528110504
27,0,27,noise_sensitive_normal,,0.1771337389945984,0.03485998511314392,0.055638063699007034,0.04047179967164993,0.015166264027357101,0.8228662610054016,0.2369014471769333,0.0,0.21939925849437714,0.7806007266044617,27,0.21939925849437714
28,0,28,stable_normal,,0.05519494414329529,0.02965586632490158,0.027328142896294594,0.03908398002386093,0.011755837127566338,0.9448050260543823,0.2087547332048416,0.0,0.19552496075630188,0.8044750690460205,28,0.19552496075630188
29,0,29,stable_normal,,0.06313484907150269,0.02011745795607567,0.03600635379552841,0.012767786160111427,0.023238567635416985,0.9368651509284973,0.2126561552286148,0.0,0.16496685147285461,0.8350331783294678,29,0.16496685147285461
30,0,30,noise_sensitive_normal,,0.2469763159751892,0.030069073662161827,0.043208517134189606,0.05092877522110939,0.0077202580869197845,0.7530236840248108,0.2560829222202301,0.0,0.22342722117900848,0.7765727639198303,30,0.22342722117900848
31,0,31,stable_normal,,0.07906445860862732,0.027330391108989716,0.02920929342508316,0.033431556075811386,0.004222262650728226,0.9209355115890503,0.21479804813861847,0.0,0.20445354282855988,0.7955464720726013,31,0.20445354282855988
32,0,32,stable_normal,,0.04558849334716797,0.025918863713741302,0.020238250494003296,0.03654438629746437,0.016306135803461075,0.954411506652832,0.2073567658662796,0.0,0.2152128517627716,0.7847871780395508,32,0.2152128517627716
33,0,33,stable_normal,,0.0027078986167907715,0.039506036788225174,0.03297410160303116,0.04728591814637184,0.014311816543340683,0.9972921013832092,0.1949392706155777,0.0,0.22772125899791718,0.7722787261009216,33,0.22772125899791718
34,0,34,stable_normal,,0.05505460500717163,0.03434176743030548,0.015410597436130047,0.07104647159576416,0.05563587322831154,0.9449453949928284,0.20771630108356476,0.0,0.2133161574602127,0.7866838574409485,34,0.2133161574602127
35,0,35,stable_normal,,0.021238207817077637,0.02013356052339077,0.019834116101264954,0.021844161674380302,0.002010045573115349,0.9787617921829224,0.20306584239006042,0.0,0.1781410574913025,0.8218589425086975,35,0.1781410574913025
36,0,36,stable_normal,,0.008336782455444336,0.020254310220479965,0.01609855331480503,0.026469916105270386,0.010371362790465355,0.9916632175445557,0.20015422999858856,0.0,0.248585045337677,0.751414954662323,36,0.248585045337677
37,1,0,stable_normal,,0.018132776021957397,0.014399622566998005,0.012122882530093193,0.018921319395303726,0.006798436865210533,0.9818671941757202,0.20357646048069,0.0,0.21196039021015167,0.7880396246910095,37,0.21196039021015167
38,1,1,stable_normal,,0.033412277698516846,0.021913817152380943,0.012986646965146065,0.03900925815105438,0.026022611185908318,0.9665877223014832,0.20543915033340454,0.0,0.2038569450378418,0.7961430549621582,38,0.2038569450378418
39,1,2,noise_sensitive_normal,,0.1106497049331665,0.02102082595229149,0.027758227661252022,0.02457287162542343,0.0031853560358285904,0.8893502950668335,0.22371898591518402,0.0,0.14316189289093018,0.8568381071090698,39,0.14316189289093018
40,1,3,stable_normal,,0.08343863487243652,0.012199516408145428,0.018599897623062134,0.011254792101681232,0.007345105521380901,0.9165613651275635,0.21917936205863953,0.0,0.19238920509815216,0.807610809803009,40,0.19238920509815216
41,1,4,stable_normal,,0.06938153505325317,0.04594634473323822,0.06649205088615417,0.03483593836426735,0.031656112521886826,0.9306184649467468,0.20850704610347748,0.0,0.1564786285161972,0.8435213565826416,41,0.1564786285161972
42,1,5,pseudo_anomaly_risk,,0.28619951009750366,0.028724422678351402,0.019686240702867508,0.08515528589487076,0.06546904146671295,0.7138004899024963,0.2669484615325928,0.0,0.18106390535831451,0.8189361095428467,42,0.18106390535831451
43,1,6,stable_normal,,0.0023277699947357178,0.07410028576850891,0.07266978174448013,0.07603480666875839,0.0033650249242782593,0.9976722002029419,0.18788425624370575,0.0,0.17967084050178528,0.8203291893005371,43,0.17967084050178528
44,1,7,lesion_candidate_preserved,,0.002306222915649414,0.08469083160161972,0.07451074570417404,0.09694972634315491,0.022438980638980865,0.9976937770843506,0.1857840120792389,0.0,0.19119049608707428,0.8088095188140869,44,0.19119049608707428
45,1,8,noise_sensitive_normal,,0.3106262683868408,0.034829746931791306,0.04129481315612793,0.07599980384111404,0.034704990684986115,0.6893737316131592,0.27206677198410034,0.0,0.20892266929149628,0.7910773158073425,45,0.20892266929149628
46,1,9,noise_sensitive_normal,,0.3197304904460907,0.0377781018614769,0.04770651459693909,0.07744799554347992,0.029741480946540833,0.6802694797515869,0.2738158404827118,0.0,0.18266719579696655,0.8173328042030334,46,0.18266719579696655
47,1,10,stable_normal,,0.00031387805938720703,0.07259727269411087,0.07212778180837631,0.07311614602804184,0.0009883642196655273,0.9996861219406128,0.18775589764118195,0.0,0.12466725707054138,0.8753327131271362,47,0.12466725707054138
48,1,11,pseudo_anomaly_risk,,0.2250385284423828,0.025535237044095993,0.07806973904371262,0.011751598678529263,0.06631813943386078,0.7749614715576172,0.2514273226261139,0.0,0.17953169345855713,0.8204683065414429,48,0.17953169345855713
49,1,12,stable_normal,,0.014384031295776367,0.03855452314019203,0.04967980459332466,0.030197985470294952,0.01948181912302971,0.9856159687042236,0.1976952850818634,0.0,0.20982776582241058,0.7901722192764282,49,0.20982776582241058
50,1,13,stable_normal,,0.03366011381149292,0.020647907629609108,0.02404164709150791,0.02002476155757904,0.004016885533928871,0.9663398861885071,0.20576472580432892,0.0,0.1705169975757599,0.8294830322265625,50,0.1705169975757599
51,1,14,stable_normal,,0.004457533359527588,0.07571911811828613,0.06942486763000488,0.08362621068954468,0.014201343059539795,0.9955424666404724,0.1880142241716385,0.0,0.1362045705318451,0.8637953996658325,51,0.1362045705318451
52,1,15,pseudo_anomaly_risk,,0.18686261773109436,0.042409464716911316,0.026051035150885582,0.09529407322406769,0.06924303621053696,0.813137412071228,0.23756900429725647,0.0,0.2324226200580597,0.7675774097442627,52,0.2324226200580597
53,1,16,stable_normal,,0.004066586494445801,0.0748017206788063,0.07220829278230667,0.0782032161951065,0.005994923412799835,0.9959334135055542,0.1881137192249298,0.0,0.17851030826568604,0.821489691734314,53,0.17851030826568604
54,1,17,lesion_candidate_preserved,,0.00022464990615844727,0.09408232569694519,0.0877024456858635,0.10082819312810898,0.013125747442245483,0.9997753500938416,0.18350686132907867,0.0,0.19156305491924286,0.808436930179596,54,0.19156305491924286
55,1,18,stable_normal,,0.021965235471725464,0.0731833204627037,0.04865041375160217,0.10990210622549057,0.0612516924738884,0.9780347347259521,0.19226983189582825,0.0,0.20885547995567322,0.7911444902420044,55,0.20885547995567322
56,1,19,lesion_candidate_preserved,,0.01193779706954956,0.08230669796466827,0.06928975135087967,0.0996260941028595,0.030336342751979828,0.9880622029304504,0.1882917284965515,0.0,0.19375719130039215,0.806242823600769,56,0.19375719130039215
57,1,20,stable_normal,,0.0014194250106811523,0.0742340236902237,0.0694531723856926,0.07931174337863922,0.009858570992946625,0.9985805749893188,0.18766513466835022,0.0,0.2096017599105835,0.7903982400894165,57,0.2096017599105835
58,1,21,lesion_candidate_preserved,,0.025559186935424805,0.10872864723205566,0.10086030513048172,0.12410341203212738,0.02324310690164566,0.9744408130645752,0.18593688309192657,0.0,0.24360112845897675,0.7563988566398621,58,0.24360112845897675
59,1,22,stable_normal,,0.006709188222885132,0.06569619476795197,0.051112495362758636,0.08394016325473785,0.03282766789197922,0.9932907819747925,0.1904975026845932,0.0,0.21066556870937347,0.7893344163894653,59,0.21066556870937347
60,1,23,stable_normal,,0.0027043819427490234,0.08198516815900803,0.0856531411409378,0.07887113094329834,0.006782010197639465,0.997295618057251,0.1864016205072403,0.0,0.14168234169483185,0.8583176732063293,60,0.14168234169483185
61,1,24,stable_normal,,0.0029955506324768066,0.07960700988769531,0.07461632788181305,0.08531086146831512,0.010694533586502075,0.9970044493675232,0.18693333864212036,0.0,0.19782061874866486,0.8021793961524963,61,0.19782061874866486
62,1,25,lesion_candidate_preserved,,0.0018123388290405273,0.09104391187429428,0.08636391162872314,0.09641821682453156,0.01005430519580841,0.9981876611709595,0.1844322681427002,0.0,0.19676196575164795,0.803238034248352,62,0.19676196575164795
63,1,26,noise_sensitive_normal,,0.15710648894309998,0.03953050449490547,0.040470678359270096,0.05979305878281593,0.019322380423545837,0.8428934812545776,0.23082436621189117,0.0,0.1817127913236618,0.818287193775177,63,0.1817127913236618
64,1,27,pseudo_anomaly_risk,,0.1394813358783722,0.03984735906124115,0.022686051204800606,0.08317930996417999,0.060493260622024536,0.8605186939239502,0.2264314591884613,0.0,0.1718057245016098,0.828194260597229,64,0.1718057245016098
65,1,28,stable_normal,,0.0004203915596008301,0.07625773549079895,0.06910038739442825,0.08393190056085587,0.014831513166427612,0.9995796084403992,0.1870523989200592,0.0,0.18055510520935059,0.8194448947906494,65,0.18055510520935059
66,1,29,stable_normal,,0.00028580427169799805,0.07111823558807373,0.06760595738887787,0.07477177679538727,0.007165819406509399,0.999714195728302,0.18804389238357544,0.0,0.21891696751117706,0.7810830473899841,66,0.21891696751117706
67,1,30,stable_normal,,0.006751894950866699,0.06104079633951187,0.07590820640325546,0.04829598590731621,0.027612220495939255,0.9932481050491333,0.1914435178041458,0.0,0.18393540382385254,0.8160645961761475,67,0.18393540382385254
68,1,31,noise_sensitive_normal,,0.11688309907913208,0.031174687668681145,0.040909942239522934,0.035747528076171875,0.005162414163351059,0.8831169009208679,0.2229277789592743,0.0,0.1958782821893692,0.804121732711792,68,0.1958782821893692
69,1,32,stable_normal,,0.009218782186508179,0.01778274029493332,0.015702184289693832,0.021270569413900375,0.005568385124206543,0.9907811880111694,0.20086681842803955,0.0,0.21004462242126465,0.7899553775787354,69,0.21004462242126465
70,1,33,stable_normal,,0.001698613166809082,0.06755220144987106,0.05061632767319679,0.08895459771156311,0.03833827003836632,0.9983013868331909,0.1890549659729004,0.0,0.19134074449539185,0.8086592555046082,70,0.19134074449539185
71,1,34,noise_sensitive_normal,,0.11297619342803955,0.029358437284827232,0.03800281137228012,0.03263014927506447,0.0053726620972156525,0.8870238065719604,0.22239737212657928,0.0,0.19078032672405243,0.8092196583747864,71,0.19078032672405243
72,1,35,stable_normal,,0.017014145851135254,0.01776217855513096,0.022674838081002235,0.014985952526330948,0.0076888855546712875,0.9829858541488647,0.20261596143245697,0.0,0.19559450447559357,0.8044055104255676,72,0.19559450447559357
73,1,36,stable_normal,,0.014023363590240479,0.02911395952105522,0.020371321588754654,0.04196220263838768,0.021590881049633026,0.9859766364097595,0.19957278668880463,0.0,0.21375030279159546,0.7862496972084045,73,0.21375030279159546
74,2,0,stable_normal,,0.03460878133773804,0.021978488191962242,0.017627395689487457,0.03390055522322655,0.01627315953373909,0.965391218662262,0.2056969851255417,0.0,0.2152230143547058,0.7847769856452942,74,0.2152230143547058
75,2,1,stable_normal,,0.058296799659729004,0.027232635766267776,0.02855169028043747,0.03231669217348099,0.003765001893043518,0.941703200340271,0.20999090373516083,0.0,0.19955171644687653,0.8004482984542847,75,0.19955171644687653
76,2,2,noise_sensitive_normal,,0.15393495559692383,0.04322199895977974,0.04177802428603172,0.06678672134876251,0.02500869706273079,0.8460650444030762,0.22919213771820068,0.0,0.19220446050167084,0.807795524597168,76,0.19220446050167084
77,2,3,stable_normal,,0.009188055992126465,0.06388973444700241,0.05607633665204048,0.07365402579307556,0.01757768914103508,0.9908119440078735,0.19139325618743896,0.0,0.20124009251594543,0.798759937286377,77,0.20124009251594543
78,2,4,stable_normal,,0.004633218050003052,0.04131725803017616,0.034590497612953186,0.04943528398871422,0.014844786375761032,0.9953668117523193,0.19498901069164276,0.0,0.17715585231781006,0.8228441476821899,78,0.17715585231781006
79,2,5,stable_normal,,0.04114675521850586,0.01397149357944727,0.012255657464265823,0.01926315948367119,0.007007502019405365,0.9588532447814941,0.2089039832353592,0.0,0.1671173870563507,0.8328826427459717,79,0.1671173870563507
80,2,6,stable_normal,,0.003033071756362915,0.06024376302957535,0.04666922613978386,0.07710284739732742,0.030433621257543564,0.9969669580459595,0.19080492854118347,0.0,0.16522274911403656,0.8347772359848022,80,0.16522274911403656
81,2,7,pseudo_anomaly_risk,,0.13954001665115356,0.026164669543504715,0.009383992291986942,0.07146500051021576,0.06208100914955139,0.8604599833488464,0.22958268225193024,0.0,0.14504916965961456,0.8549508452415466,81,0.14504916965961456
82,2,8,stable_normal,,0.0008693039417266846,0.06778843700885773,0.05832993984222412,0.07838596403598785,0.020056024193763733,0.9991307258605957,0.18883119523525238,0.0,0.1880289912223816,0.8119710087776184,82,0.1880289912223816
83,2,9,stable_normal,,0.0004489421844482422,0.07031130790710449,0.062280502170324326,0.07916374504566193,0.0168832428753376,0.9995510578155518,0.18823908269405365,0.0,0.15193669497966766,0.8480632901191711,83,0.15193669497966766
84,2,10,stable_normal,,0.0006320178508758545,0.07004856318235397,0.06188132241368294,0.07891111820936203,0.017029795795679092,0.9993679523468018,0.1883302628993988,0.0,0.16541658341884613,0.8345834016799927,84,0.16541658341884613
85,2,11,stable_normal,,0.02660509943962097,0.012367762625217438,0.013784296810626984,0.012165390886366367,0.0016189059242606163,0.9733948707580566,0.20592476427555084,0.0,0.23790106177330017,0.7620989084243774,85,0.23790106177330017
86,2,12,stable_normal,,0.03277099132537842,0.02385285124182701,0.038198258727788925,0.01497836783528328,0.023219890892505646,0.9672290086746216,0.204881951212883,0.0,0.18933789432048798,0.8106620907783508,86,0.18933789432048798
87,2,13,stable_normal,,0.030039966106414795,0.02590700425207615,0.04846474155783653,0.011365245096385479,0.03709949553012848,0.9699600338935852,0.20382973551750183,0.0,0.22729076445102692,0.7727092504501343,87,0.22729076445102692
88,2,14,stable_normal,,0.0014693737030029297,0.06346158683300018,0.05277697741985321,0.07553976029157639,0.022762782871723175,0.9985306262969971,0.1898241937160492,0.0,0.2128150910139084,0.7871848940849304,88,0.2128150910139084
89,2,15,stable_normal,,0.0017662346363067627,0.054322801530361176,0.06387470662593842,0.04595589637756348,0.01791881024837494,0.9982337951660156,0.1917254775762558,0.0,0.20469577610492706,0.7953042387962341,89,0.20469577610492706
90,2,16,stable_normal,,0.0004915893077850342,0.07299590855836868,0.0695376992225647,0.07659323513507843,0.007055535912513733,0.9995083808898926,0.1877143830060959,0.0,0.18229205906391144,0.8177079558372498,90,0.18229205906391144
91,2,17,lesion_candidate_preserved,,0.009111344814300537,0.08485022932291031,0.08348923921585083,0.0880412831902504,0.004552043974399567,0.9908886551856995,0.18718744814395905,0.0,0.1736440658569336,0.8263559341430664,91,0.1736440658569336
92,2,18,stable_normal,,0.0010680556297302246,0.07635924220085144,0.07921669632196426,0.0737885907292366,0.005428105592727661,0.9989319443702698,0.18716919422149658,0.0,0.15055669844150543,0.8494433164596558,92,0.15055669844150543
93,2,19,stable_normal,,0.0025067925453186035,0.07056169211864471,0.05886513367295265,0.08416998386383057,0.025304850190877914,0.9974932074546814,0.18862660229206085,0.0,0.17203666269779205,0.8279633522033691,93,0.17203666269779205
94,2,20,pseudo_anomaly_risk,,0.11744701862335205,0.028652509674429893,0.010308830067515373,0.07480310648679733,0.06449427455663681,0.882552981376648,0.22363342344760895,0.0,0.14287729561328888,0.8571227192878723,94,0.14287729561328888
95,2,21,stable_normal,,0.0021290183067321777,0.07393424212932587,0.06091664358973503,0.08844267576932907,0.02752603217959404,0.9978709816932678,0.18787510693073273,0.0,0.1439495086669922,0.8560504913330078,95,0.1439495086669922
96,2,22,stable_normal,,0.0030043721199035645,0.06686227768659592,0.056029949337244034,0.07954320311546326,0.023513253778219223,0.9969956278800964,0.18947136402130127,0.0,0.19861175119876862,0.8013882637023926,96,0.19861175119876862
97,2,23,stable_normal,,0.004766702651977539,0.0728427842259407,0.08093447983264923,0.06596431881189346,0.014970161020755768,0.9952332973480225,0.1886526197195053,0.0,0.17014381289482117,0.8298561573028564,97,0.17014381289482117
98,2,24,stable_normal,,0.00060310959815979,0.07962430268526077,0.07060632854700089,0.08927591145038605,0.018669582903385162,0.9993969202041626,0.18642501533031464,0.0,0.193002849817276,0.8069971799850464,98,0.193002849817276
99,2,25,stable_normal,,0.00034618377685546875,0.06657075881958008,0.06360994279384613,0.06961745023727417,0.0060075074434280396,0.9996538162231445,0.18896277248859406,0.0,0.16035087406635284,0.8396491408348083,99,0.16035087406635284
100,2,26,stable_normal,,0.0007048845291137695,0.06910259276628494,0.059850938618183136,0.07950364798307419,0.019652709364891052,0.9992951154708862,0.18853415548801422,0.0,0.13989229500293732,0.8601077198982239,100,0.13989229500293732
101,2,27,stable_normal,,0.007176041603088379,0.04820925369858742,0.041617196053266525,0.05589219182729721,0.014274995774030685,0.9928239583969116,0.1941361278295517,0.0,0.31151461601257324,0.6884853839874268,101,0.31151461601257324
102,2,28,pseudo_anomaly_risk,,0.4654272794723511,0.04203598573803902,0.035026915371418,0.07653747498989105,0.04151055961847305,0.5345727205276489,0.3146671652793884,0.0,0.24818377196788788,0.7518162131309509,102,0.24818377196788788
103,2,29,stable_normal,,0.024721652269363403,0.047658614814281464,0.038793694227933884,0.059116292744874954,0.02032259851694107,0.975278377532959,0.19809375703334808,0.0,0.3068166971206665,0.6931833028793335,103,0.3068166971206665
104,2,30,stable_normal,,0.0004038810729980469,0.06940601766109467,0.06282895803451538,0.07648174464702606,0.013652786612510681,0.999596118927002,0.1884097456932068,0.0,0.18191422522068024,0.818085789680481,104,0.18191422522068024
105,2,31,stable_normal,,0.014696896076202393,0.06932622194290161,0.07818140089511871,0.06318396329879761,0.014997437596321106,0.9853031039237976,0.19148238003253937,0.0,0.2088940590620041,0.7911059260368347,105,0.2088940590620041
106,2,32,lesion_candidate_preserved,,0.00041681528091430664,0.08793630450963974,0.07788334786891937,0.09908807277679443,0.02120472490787506,0.9995831847190857,0.1847495436668396,0.0,0.210029736161232,0.7899702787399292,106,0.210029736161232
107,2,33,stable_normal,,0.003237903118133545,0.06269791722297668,0.07246249169111252,0.05407554656267166,0.018386945128440857,0.9967620968818665,0.19035574793815613,0.0,0.17542783915996552,0.8245721459388733,107,0.17542783915996552
108,2,34,stable_normal,,7.078051567077637e-05,0.07425584644079208,0.07108491659164429,0.07756295055150986,0.00647803395986557,0.9999291896820068,0.18737520277500153,0.0,0.21045233309268951,0.7895476818084717,108,0.21045233309268951
109,2,35,stable_normal,,0.09209799766540527,0.03526978939771652,0.06044728681445122,0.020462829619646072,0.039984457194805145,0.9079020023345947,0.21611221134662628,0.0,0.2045283317565918,0.7954716682434082,109,0.2045283317565918
110,2,36,stable_normal,,0.043376266956329346,0.029803942888975143,0.03951737657189369,0.02543831057846546,0.01407906599342823,0.9566237330436707,0.20602285861968994,0.0,0.191640704870224,0.8083592653274536,110,0.191640704870224
111,3,0,stable_normal,,0.059607893228530884,0.03237183392047882,0.02432420291006565,0.04689536243677139,0.022571159526705742,0.9403921365737915,0.20918387174606323,0.0,0.22200676798820496,0.7779932022094727,111,0.22200676798820496
112,3,1,stable_normal,,0.011122405529022217,0.037798378616571426,0.03135433420538902,0.04586020112037659,0.014505866914987564,0.9888775944709778,0.19713307917118073,0.0,0.21426866948604584,0.785731315612793,112,0.21426866948604584
113,3,2,stable_normal,,0.00011372566223144531,0.07038842141628265,0.0686892494559288,0.07213934510946274,0.0034500956535339355,0.9998862743377686,0.18815256655216217,0.0,0.18556609749794006,0.8144339323043823,113,0.18556609749794006
114,3,3,stable_normal,,0.015284240245819092,0.009412807412445545,0.007928125560283661,0.011888709850609303,0.003960584290325642,0.9847157597541809,0.2039879560470581,0.0,0.2026962786912918,0.7973037362098694,114,0.2026962786912918
115,3,4,stable_normal,,0.03959900140762329,0.012766879051923752,0.008473760448396206,0.02111244574189186,0.012638685293495655,0.9604009985923767,0.2088077813386917,0.0,0.22565163671970367,0.7743483781814575,115,0.22565163671970367
116,3,5,pseudo_anomaly_risk,,0.22443217039108276,0.022472482174634933,0.006886652670800686,0.07736676931381226,0.070480115711689,0.7755678296089172,0.2520199716091156,0.0,0.2068963497877121,0.7931036353111267,116,0.2068963497877121
117,3,6,stable_normal,,0.005594193935394287,0.05550035461783409,0.07342610508203506,0.04131971299648285,0.032106392085552216,0.9944058060646057,0.19231297075748444,0.0,0.21545973420143127,0.7845402956008911,117,0.21545973420143127
118,3,7,stable_normal,,0.0033929944038391113,0.059957247227430344,0.041823722422122955,0.08336877077817917,0.04154504835605621,0.9966070055961609,0.19093981385231018,0.0,0.14465221762657166,0.855347752571106,118,0.14465221762657166
119,3,8,stable_normal,,0.001024782657623291,0.06388004869222641,0.05448046699166298,0.07446546107530594,0.01998499408364296,0.9989752173423767,0.18964539468288422,0.0,0.18599385023117065,0.8140061497688293,119,0.18599385023117065
120,3,9,stable_normal,,0.0010703504085540771,0.06761902570724487,0.05865960568189621,0.07748862355947495,0.018829017877578735,0.9989296197891235,0.18890780210494995,0.0,0.17331889271736145,0.8266811370849609,120,0.17331889271736145
121,3,10,stable_normal,,0.07187420129776001,0.030144302174448967,0.06363116204738617,0.013069075532257557,0.05056208744645119,0.92812579870224,0.2125033289194107,0.0,0.186692014336586,0.8133080005645752,121,0.186692014336586
122,3,11,stable_normal,,0.005699574947357178,0.06061602756381035,0.043581634759902954,0.08222342282533646,0.0386417880654335,0.9943004250526428,0.1913028061389923,0.0,0.15657003223896027,0.8434299826622009,122,0.15657003223896027
123,3,12,stable_normal,,0.028349757194519043,0.020094741135835648,0.018445337191224098,0.024033870548009872,0.005588533356785774,0.971650242805481,0.20467838644981384,0.0,0.16893374919891357,0.8310662508010864,123,0.16893374919891357
124,3,13,stable_normal,,0.006483912467956543,0.08049868792295456,0.07188372313976288,0.09102729707956314,0.019143573939800262,0.9935160875320435,0.18749436736106873,0.0,0.19137883186340332,0.8086211681365967,124,0.19137883186340332
125,3,14,pseudo_anomaly_risk,,0.1599438190460205,0.017352640628814697,0.015690520405769348,0.055814746767282486,0.04012422636151314,0.8400561809539795,0.23670461773872375,0.0,0.2535490095615387,0.7464510202407837,125,0.2535490095615387
126,3,15,stable_normal,,0.0006112456321716309,0.0736234039068222,0.06897369772195816,0.07850576937198639,0.009532071650028229,0.9993887543678284,0.18761512637138367,0.0,0.1416388899087906,0.8583611249923706,126,0.1416388899087906
127,3,16,stable_normal,,0.0002880096435546875,0.06855413317680359,0.07148677855730057,0.06569498777389526,0.005791790783405304,0.9997119903564453,0.1885548084974289,0.0,0.17095977067947388,0.8290402293205261,127,0.17095977067947388
128,3,17,stable_normal,,0.002018660306930542,0.08027338981628418,0.07985657453536987,0.08107028156518936,0.0012137070298194885,0.9979813098907471,0.18659527599811554,0.0,0.14857830107212067,0.8514217138290405,128,0.14857830107212067
129,3,18,stable_normal,,0.0026420950889587402,0.07815870642662048,0.0764193907380104,0.08037790656089783,0.003958515822887421,0.9973579049110413,0.18714545667171478,0.0,0.19913242757320404,0.8008675575256348,129,0.19913242757320404
130,3,19,pseudo_anomaly_risk,,0.12262767553329468,0.025801673531532288,0.009679295122623444,0.06686419993638992,0.05718490481376648,0.8773723244667053,0.22553402185440063,0.0,0.185063436627388,0.8149365782737732,130,0.185063436627388
131,3,20,pseudo_anomaly_risk,,0.12311485409736633,0.028878746554255486,0.010451899841427803,0.07615572959184647,0.06570383161306381,0.876885175704956,0.2249527871608734,0.0,0.12268463522195816,0.8773153424263,131,0.12268463522195816
132,3,21,stable_normal,,0.0015627145767211914,0.06603861600160599,0.05455178767442703,0.07919029146432877,0.024638503789901733,0.9984372854232788,0.18932843208312988,0.0,0.17171035706996918,0.8282896280288696,132,0.17171035706996918
133,3,22,stable_normal,,0.001995980739593506,0.07164471596479416,0.059314727783203125,0.08562015742063522,0.0263054296374321,0.9980040192604065,0.18830226361751556,0.0,0.1379530280828476,0.8620469570159912,133,0.1379530280828476
134,3,23,stable_normal,,0.00016126036643981934,0.07648174464702606,0.0761285200715065,0.07686886936426163,0.000740349292755127,0.9998387098312378,0.18695327639579773,0.0,0.16554231941699982,0.8344576954841614,134,0.16554231941699982
135,3,24,stable_normal,,0.0006626248359680176,0.07973383367061615,0.06995411217212677,0.09036366641521454,0.02040955424308777,0.999337375164032,0.18641594052314758,0.0,0.16663306951522827,0.8333669304847717,135,0.16663306951522827
136,3,25,stable_normal,,0.025265276432037354,0.06184481084346771,0.0489693209528923,0.08288805931806564,0.03391873836517334,0.9747347235679626,0.1952936202287674,0.0,0.18898439407348633,0.8110156059265137,136,0.18898439407348633
137,3,26,stable_normal,,0.052620768547058105,0.07783599942922592,0.0726209357380867,0.09486035257577896,0.02223941683769226,0.9473792314529419,0.19800975918769836,0.0,0.160807266831398,0.8391927480697632,137,0.160807266831398
138,3,27,noise_sensitive_normal,,0.2989426553249359,0.036066003143787384,0.07355351001024246,0.04209667071700096,0.0314568392932415,0.7010573148727417,0.2685462236404419,0.0,0.21235424280166626,0.7876457571983337,138,0.21235424280166626
139,3,28,stable_normal,,0.00013530254364013672,0.0763489156961441,0.07203704118728638,0.08084382116794586,0.008806779980659485,0.9998646974563599,0.18697407841682434,0.0,0.18830592930316925,0.8116940855979919,139,0.18830592930316925
140,3,29,noise_sensitive_normal,,0.336350679397583,0.044948384165763855,0.04547356814146042,0.07974011451005936,0.03426654636859894,0.663649320602417,0.27656063437461853,0.0,0.1946612447500229,0.8053387403488159,140,0.1946612447500229
141,3,30,noise_sensitive_normal,,0.37263181805610657,0.03902868553996086,0.0603906512260437,0.054421983659267426,0.005968667566776276,0.6273682117462158,0.2883422374725342,0.0,0.23128965497016907,0.7687103748321533,141,0.23128965497016907
142,3,31,pseudo_anomaly_risk,,0.18130528926849365,0.039880458265542984,0.017626281827688217,0.09996271133422852,0.08233642578125,0.8186947107315063,0.2367675006389618,0.0,0.2245882898569107,0.7754117250442505,142,0.2245882898569107
143,3,32,stable_normal,,0.07389122247695923,0.047954119741916656,0.06898914277553558,0.03764675185084343,0.031342390924692154,0.9261087775230408,0.2091105431318283,0.0,0.19532790780067444,0.804672122001648,143,0.19532790780067444
144,3,33,stable_normal,,0.00015306472778320312,0.07501942664384842,0.07136157155036926,0.07880760729312897,0.007446035742759705,0.9998469352722168,0.18724122643470764,0.0,0.18176047503948212,0.8182395100593567,144,0.18176047503948212
145,3,34,pseudo_anomaly_risk,,0.12119868397712708,0.02954053319990635,0.06966330856084824,0.013427195139229298,0.05623611435294151,0.8788013458251953,0.22433874011039734,0.0,0.17439140379428864,0.8256086111068726,145,0.17439140379428864
146,3,35,noise_sensitive_normal,,0.24767881631851196,0.04360446333885193,0.07932829856872559,0.04421130195260048,0.03511699661612511,0.752321183681488,0.25292328000068665,0.0,0.22400560975074768,0.7759944200515747,146,0.22400560975074768
147,3,36,stable_normal,,0.08924978971481323,0.04535184055566788,0.026500271633267403,0.08322619646787643,0.05672592669725418,0.9107502102851868,0.21323096752166748,0.0,0.20787036418914795,0.792129635810852,147,0.20787036418914795
148,4,0,stable_normal,,0.043241947889328,0.01890283264219761,0.02486741915345192,0.01777399517595768,0.00709342397749424,0.9567580223083496,0.2083243429660797,0.0,0.21757841110229492,0.7824215888977051,148,0.21757841110229492
149,4,1,stable_normal,,0.07292711734771729,0.014588691294193268,0.01347927376627922,0.02159622125327587,0.00811694748699665,0.9270728826522827,0.2161615639925003,0.0,0.19533148407936096,0.8046685457229614,149,0.19533148407936096
150,4,2,stable_normal,,0.00043588876724243164,0.059081967920064926,0.06343365460634232,0.055063243955373764,0.008370410650968552,0.9995641112327576,0.19048140943050385,0.0,0.14988824725151062,0.850111722946167,150,0.14988824725151062
151,4,3,pseudo_anomaly_risk,,0.21000546216964722,0.023282621055841446,0.007823791354894638,0.07328283786773682,0.06545904278755188,0.7899945378303528,0.24806204438209534,0.0,0.2215583473443985,0.7784416675567627,151,0.2215583473443985
152,4,4,noise_sensitive_normal,,0.1353248953819275,0.014454705640673637,0.011142075061798096,0.02959190495312214,0.018449829891324043,0.8646751046180725,0.2312484085559845,0.0,0.19469743967056274,0.8053025603294373,152,0.19469743967056274
153,4,5,stable_normal,,0.022370487451553345,0.020491693168878555,0.019276348873972893,0.025498101487755775,0.006221752613782883,0.977629542350769,0.20324508845806122,0.0,0.19930900633335114,0.8006910085678101,153,0.19930900633335114
154,4,6,noise_sensitive_normal,,0.14632976055145264,0.029339471831917763,0.02333272621035576,0.05272611975669861,0.02939339354634285,0.8536702394485474,0.23052182793617249,0.0,0.19625426828861237,0.8037457466125488,154,0.19625426828861237
155,4,7,pseudo_anomaly_risk,,0.14480939507484436,0.025614628568291664,0.007763497065752745,0.07417024672031403,0.0664067491889,0.855190634727478,0.23100794851779938,0.0,0.19819249212741852,0.8018075227737427,155,0.19819249212741852
156,4,8,pseudo_anomaly_risk,,0.17405307292938232,0.034845542162656784,0.018117627128958702,0.07408054172992706,0.05596291273832321,0.8259469270706177,0.23613162338733673,0.0,0.15587149560451508,0.8441284894943237,156,0.15587149560451508
157,4,9,stable_normal,,0.09913933277130127,0.03163091838359833,0.012344184331595898,0.07574105262756348,0.0633968710899353,0.9008606672286987,0.21858321130275726,0.0,0.16912563145160675,0.8308743834495544,157,0.16912563145160675
158,4,10,pseudo_anomaly_risk,,0.29601895809173584,0.02555011957883835,0.019478214904665947,0.07570404559373856,0.05622582882642746,0.7039810419082642,0.2704426646232605,0.0,0.2025628387928009,0.7974371910095215,158,0.2025628387928009
159,4,11,stable_normal,,0.0658751130104065,0.04913068190217018,0.07657846808433533,0.03854390233755112,0.03803456574678421,0.9341248869895935,0.20702217519283295,0.0,0.19575552642345428,0.8042444586753845,159,0.19575552642345428
160,4,12,stable_normal,,0.03177124261856079,0.05769932270050049,0.11508577316999435,0.03058381751179695,0.0845019519329071,0.9682287573814392,0.19757328927516937,0.0,0.19625981152057648,0.8037402033805847,160,0.19625981152057648
161,4,13,stable_normal,,0.0006851553916931152,0.07885772734880447,0.07450420409440994,0.0836382731795311,0.009134069085121155,0.9993148446083069,0.18659383058547974,0.0,0.17492087185382843,0.8250791430473328,161,0.17492087185382843
162,4,14,stable_normal,,0.0015411972999572754,0.06608454883098602,0.055556610226631165,0.07798676937818527,0.022430159151554108,0.9984588027000427,0.18931464850902557,0.0,0.16554971039295197,0.8344503045082092,162,0.16554971039295197
163,4,15,stable_normal,,0.09150910377502441,0.02678271010518074,0.011403057724237442,0.062062639743089676,0.050659582018852234,0.9084908962249756,0.21785126626491547,0.0,0.1748042106628418,0.8251957893371582,163,0.1748042106628418
164,4,16,stable_normal,,0.0004891157150268555,0.07814854383468628,0.07144077122211456,0.0853806883096695,0.013939917087554932,0.9995108842849731,0.18669268488883972,0.0,0.17388872802257538,0.8261112570762634,164,0.17388872802257538
165,4,17,noise_sensitive_normal,,0.2264953851699829,0.04237424209713936,0.07437457889318466,0.042962200939655304,0.03141237795352936,0.7735046148300171,0.24769899249076843,0.0,0.18865954875946045,0.8113404512405396,165,0.18865954875946045
166,4,18,stable_normal,,0.000511854887008667,0.07110549509525299,0.0761704295873642,0.06632944196462631,0.009840987622737885,0.999488115310669,0.18809440732002258,0.0,0.14422772824764252,0.8557722568511963,166,0.14422772824764252
167,4,19,stable_normal,,0.0020550191402435303,0.08142989873886108,0.07387447357177734,0.08976128697395325,0.015886813402175903,0.9979449510574341,0.18637441098690033,0.0,0.1562352031469345,0.8437647819519043,167,0.1562352031469345
168,4,20,noise_sensitive_normal,,0.17971935868263245,0.052748724818229675,0.06873121112585068,0.06740318983793259,0.0013280212879180908,0.8202806711196899,0.23335745930671692,0.0,0.18380610644817352,0.8161938786506653,168,0.18380610644817352
169,4,21,stable_normal,,0.004029721021652222,0.06022674962878227,0.04521359130740166,0.07850509136915207,0.03329150006175041,0.9959702491760254,0.19102230668067932,0.0,0.15338565409183502,0.8466143608093262,169,0.15338565409183502
170,4,22,stable_normal,,0.01029437780380249,0.05507783219218254,0.03651977702975273,0.07956705242395401,0.04304727539420128,0.9897056221961975,0.1934155970811844,0.0,0.17234578728675842,0.827654242515564,170,0.17234578728675842
171,4,23,stable_normal,,0.00016772747039794922,0.07773449271917343,0.07511916756629944,0.08043735474348068,0.005318187177181244,0.999832272529602,0.1867067515850067,0.0,0.17955276370048523,0.8204472064971924,171,0.17955276370048523
172,4,24,stable_normal,,0.00015616416931152344,0.07796983420848846,0.07561720907688141,0.0804019421339035,0.004784733057022095,0.9998438358306885,0.18665775656700134,0.0,0.15552301704883575,0.8444769978523254,172,0.15552301704883575
173,4,25,stable_normal,,0.0033500194549560547,0.061513494700193405,0.050015177577733994,0.07472875714302063,0.024713579565286636,0.996649980545044,0.1906176507472992,0.0,0.14882752299308777,0.8511724472045898,173,0.14882752299308777
174,4,26,stable_normal,,0.0006856918334960938,0.07891000807285309,0.08046194165945053,0.0774589478969574,0.0030029937624931335,0.9993143081665039,0.18658360838890076,0.0,0.1160312220454216,0.8839687705039978,174,0.1160312220454216
175,4,27,noise_sensitive_normal,,0.16493362188339233,0.05500762164592743,0.07385945320129395,0.06220507249236107,0.011654380708932877,0.8350663781166077,0.22918088734149933,0.0,0.18023882806301117,0.8197611570358276,175,0.18023882806301117
176,4,28,stable_normal,,0.00015020370483398438,0.07806975394487381,0.07404719293117523,0.08226334303617477,0.008216150104999542,0.999849796295166,0.1866367608308792,0.0,0.16269086301326752,0.8373091220855713,176,0.16269086301326752
177,4,29,stable_normal,,0.0008288323879241943,0.06962329894304276,0.059078920632600784,0.08167917281389236,0.02260025218129158,0.9991711378097534,0.18845677375793457,0.0,0.15921856462955475,0.8407814502716064,177,0.15921856462955475
178,4,30,stable_normal,,0.0013562142848968506,0.06682322919368744,0.05518456548452377,0.08017774671316147,0.024993181228637695,0.9986437559127808,0.189127579331398,0.0,0.16654101014137268,0.8334590196609497,178,0.16654101014137268
179,4,31,stable_normal,,0.10074147582054138,0.029410062357783318,0.009438473731279373,0.07853395491838455,0.06909547746181488,0.8992584943771362,0.2194589078426361,0.0,0.16145199537277222,0.8385480046272278,179,0.16145199537277222
180,4,32,lesion_candidate_preserved,,0.0012161731719970703,0.09555532038211823,0.08362054824829102,0.10922975093126297,0.025609202682971954,0.9987838268280029,0.1834259033203125,0.0,0.21966390311717987,0.7803360819816589,180,0.21966390311717987
181,4,33,stable_normal,,9.486079216003418e-05,0.080673947930336,0.07628867775201797,0.08531733602285385,0.009028658270835876,0.9999051094055176,0.1861107349395752,0.0,0.1895318329334259,0.8104681968688965,181,0.1895318329334259
182,4,34,stable_normal,,0.0003865361213684082,0.0783085897564888,0.07220201194286346,0.08475955575704575,0.012557543814182281,0.9996134638786316,0.18663939833641052,0.0,0.19076737761497498,0.8092325925827026,182,0.19076737761497498
183,4,35,stable_normal,,0.002575814723968506,0.07846564054489136,0.08475562930107117,0.0727786123752594,0.011977016925811768,0.9974241852760315,0.18707065284252167,0.0,0.1963338404893875,0.8036661744117737,183,0.1963338404893875
184,4,36,stable_normal,,0.004024028778076172,0.0435883104801178,0.04697069525718689,0.04069021716713905,0.006280478090047836,0.9959759712219238,0.19439250230789185,0.0,0.21773502230644226,0.7822649478912354,184,0.21773502230644226
185,5,0,stable_normal,,0.0009647905826568604,0.038727790117263794,0.03743359073996544,0.04015457257628441,0.0027209818363189697,0.9990352392196655,0.19471824169158936,0.0,0.21648214757442474,0.7835178375244141,185,0.21648214757442474
186,5,1,stable_normal,,0.04164937138557434,0.030081521719694138,0.014292731881141663,0.058143917471170425,0.04385118559002876,0.958350658416748,0.20557145774364471,0.0,0.18751151859760284,0.8124884963035583,186,0.18751151859760284
187,5,2,pseudo_anomaly_risk,,0.13763153553009033,0.02653195522725582,0.06814438104629517,0.008045808412134647,0.06009857356548309,0.8623684644699097,0.22902938723564148,0.0,0.20291493833065033,0.7970850467681885,187,0.20291493833065033
188,5,3,stable_normal,,0.10765773057937622,0.027429386973381042,0.07045955955982208,0.00956612080335617,0.06089343875646591,0.8923422694206238,0.22155463695526123,0.0,0.15389712154865265,0.8461028933525085,188,0.15389712154865265
189,5,4,pseudo_anomaly_risk,,0.138406902551651,0.041023872792720795,0.07521810382604599,0.02851824276149273,0.04669985920190811,0.8615931272506714,0.22590188682079315,0.0,0.223617821931839,0.7763822078704834,189,0.223617821931839
190,5,5,stable_normal,,0.00033974647521972656,0.07162139564752579,0.0672086775302887,0.0762890875339508,0.00908041000366211,0.9996602535247803,0.18795529007911682,0.0,0.22809796035289764,0.7719020247459412,190,0.22809796035289764
191,5,6,pseudo_anomaly_risk,,0.28576916456222534,0.020070228725671768,0.016047809273004532,0.0588279627263546,0.04278015345335007,0.7142308354377747,0.26904240250587463,0.0,0.20688696205615997,0.7931130528450012,191,0.20688696205615997
192,5,7,stable_normal,,0.002461373805999756,0.03333880752325058,0.034722305834293365,0.03215722739696503,0.0025650784373283386,0.9975386261940002,0.19614899158477783,0.0,0.17522549629211426,0.8247745037078857,192,0.17522549629211426
193,5,8,stable_normal,,0.08006501197814941,0.03746585547924042,0.025994854047894478,0.06275823712348938,0.03676338493824005,0.9199349880218506,0.21281278133392334,0.0,0.21444910764694214,0.7855508923530579,193,0.21444910764694214
194,5,9,pseudo_anomaly_risk,,0.20024046301841736,0.024535616859793663,0.008070159703493118,0.07470234483480453,0.06663218140602112,0.7997595071792603,0.24523687362670898,0.0,0.16816942393779755,0.8318305611610413,194,0.16816942393779755
195,5,10,noise_sensitive_normal,,0.3308744728565216,0.035481046885252,0.048011526465415955,0.07385551184415817,0.025843985378742218,0.6691255569458008,0.27750593423843384,0.0,0.1826232522726059,0.8173767328262329,195,0.1826232522726059
196,5,11,lesion_candidate_preserved,,0.008636415004730225,0.11525125056505203,0.12880970537662506,0.10501018166542053,0.02379952371120453,0.9913635849952698,0.18113936483860016,0.0,0.2610483765602112,0.7389516234397888,196,0.2610483765602112
197,5,12,lesion_candidate_preserved,,0.010363161563873291,0.09345468133687973,0.12943468987941742,0.06710657477378845,0.06232811510562897,0.9896368384361267,0.185751274228096,0.0,0.24505704641342163,0.7549429535865784,197,0.24505704641342163
198,5,13,stable_normal,,0.09027630090713501,0.048432935029268265,0.05764438584446907,0.05302051827311516,0.004623867571353912,0.909723699092865,0.2127974033355713,0.0,0.2193816602230072,0.7806183099746704,198,0.2193816602230072
199,5,14,stable_normal,,0.0005603432655334473,0.07612090557813644,0.07006954401731491,0.08242200314998627,0.012352459132671356,0.9994396567344666,0.1871090680360794,0.0,0.14615663886070251,0.8538433313369751,199,0.14615663886070251
200,5,15,pseudo_anomaly_risk,,0.13204818964004517,0.022769296541810036,0.011693578213453293,0.05050099641084671,0.03880741819739342,0.8679518103599548,0.228524848818779,0.0,0.20783691108226776,0.792163074016571,200,0.20783691108226776
201,5,16,stable_normal,,0.00012201070785522461,0.07659255713224411,0.07325003296136856,0.08007790893316269,0.006827875971794128,0.9998779892921448,0.1869230419397354,0.0,0.1873541623353958,0.8126458525657654,201,0.1873541623353958
202,5,17,stable_normal,,0.00014030933380126953,0.07399362325668335,0.0734080970287323,0.07459878921508789,0.0011906921863555908,0.9998596906661987,0.18744194507598877,0.0,0.16791771352291107,0.8320822715759277,202,0.16791771352291107
203,5,18,stable_normal,,0.012206196784973145,0.07369226962327957,0.07884550839662552,0.07082533091306686,0.008020177483558655,0.9877938032150269,0.1900700181722641,0.0,0.2046336978673935,0.7953662872314453,203,0.2046336978673935
204,5,19,stable_normal,,0.0173586905002594,0.0743585154414177,0.08396784961223602,0.06664495170116425,0.017322897911071777,0.982641339302063,0.1910407692193985,0.0,0.20605963468551636,0.7939403653144836,204,0.20605963468551636
205,5,20,lesion_candidate_preserved,,0.005140900611877441,0.08800975978374481,0.0788358524441719,0.09901990741491318,0.020184054970741272,0.9948590993881226,0.1857261061668396,0.0,0.1498684287071228,0.8501315712928772,205,0.1498684287071228
206,5,21,pseudo_anomaly_risk,,0.254680871963501,0.024448776617646217,0.06474492698907852,0.018076060339808464,0.04666886478662491,0.745319128036499,0.2595326006412506,0.0,0.1910502165555954,0.8089497685432434,206,0.1910502165555954
207,5,22,stable_normal,,0.08064219355583191,0.03223401680588722,0.07268689572811127,0.0132284602150321,0.05945843458175659,0.9193577766418457,0.21409152448177338,0.0,0.1728861778974533,0.8271138072013855,207,0.1728861778974533
208,5,23,stable_normal,,0.00011774897575378418,0.07425548136234283,0.07656139135360718,0.07202474027872086,0.004536651074886322,0.9998822212219238,0.18738523125648499,0.0,0.14709749817848206,0.8529025316238403,208,0.14709749817848206
209,5,24,stable_normal,,0.005623370409011841,0.06042207032442093,0.07603039592504501,0.04757721722126007,0.028453178703784943,0.9943766593933105,0.19132547080516815,0.0,0.168397456407547,0.8316025733947754,209,0.168397456407547
210,5,25,stable_normal,,0.00024586915969848633,0.07957615703344345,0.07344858348369598,0.08610916882753372,0.012660585343837738,0.9997541308403015,0.1863592267036438,0.0,0.1940450519323349,0.8059549331665039,210,0.1940450519323349
211,5,26,stable_normal,,0.0003234744071960449,0.0788777768611908,0.07864636182785034,0.07916359603404999,0.000517234206199646,0.999676525592804,0.18651358783245087,0.0,0.15160273015499115,0.8483972549438477,211,0.15160273015499115
212,5,27,stable_normal,,0.006879448890686035,0.0763062983751297,0.07480433583259583,0.07910200208425522,0.004297666251659393,0.993120551109314,0.18841169774532318,0.0,0.14927604794502258,0.8507239818572998,212,0.14927604794502258
213,5,28,stable_normal,,0.00014403462409973145,0.0740998163819313,0.0721893310546875,0.07605866342782974,0.0038693323731422424,0.9998559951782227,0.18742164969444275,0.0,0.18021228909492493,0.8197877407073975,213,0.18021228909492493
214,5,29,stable_normal,,0.0014860332012176514,0.06980270147323608,0.05813954770565033,0.08276467025279999,0.024625122547149658,0.99851393699646,0.18856076896190643,0.0,0.16596834361553192,0.8340316414833069,214,0.16596834361553192
215,5,30,stable_normal,,0.004562407732009888,0.057281363755464554,0.04406709596514702,0.073296919465065,0.029229823499917984,0.9954376220703125,0.1917305886745453,0.0,0.15333783626556396,0.846662163734436,215,0.15333783626556396
216,5,31,noise_sensitive_normal,,0.3484661877155304,0.03701776638627052,0.05195559561252594,0.07761784642934799,0.025662250816822052,0.651533842086792,0.28202930092811584,0.0,0.13020958006381989,0.8697904348373413,216,0.13020958006381989
217,5,32,stable_normal,,0.07467818260192871,0.03914579749107361,0.06882095336914062,0.020900249481201172,0.04792070388793945,0.9253218173980713,0.21119645237922668,0.0,0.21210981905460358,0.7878901958465576,217,0.21210981905460358
218,5,33,pseudo_anomaly_risk,,0.292438268661499,0.030000142753124237,0.07327449321746826,0.02523379772901535,0.04804069548845291,0.707561731338501,0.2683224081993103,0.0,0.21054713428020477,0.789452850818634,218,0.21054713428020477
219,5,34,stable_normal,,0.004308760166168213,0.060918305069208145,0.07502400875091553,0.04878934100270271,0.026234667748212814,0.9956912398338318,0.19094307720661163,0.0,0.20639397203922272,0.7936060428619385,219,0.20639397203922272
220,5,35,stable_normal,,0.09950721263885498,0.03382453694939613,0.06276092678308487,0.02015932835638523,0.04260160028934479,0.900492787361145,0.21818280220031738,0.0,0.19939033687114716,0.8006096482276917,220,0.19939033687114716
221,5,36,noise_sensitive_normal,,0.13297340273857117,0.023647712543606758,0.035343196243047714,0.02548380382359028,0.009859392419457436,0.8670265674591064,0.22854985296726227,0.0,0.21961386501789093,0.7803861498832703,221,0.21961386501789093
222,6,0,stable_normal,,0.01430124044418335,0.037700168788433075,0.028276853263378143,0.05023553594946861,0.02195868268609047,0.9856987595558167,0.19785359501838684,0.0,0.21949200332164764,0.7805079817771912,222,0.21949200332164764
223,6,1,stable_normal,,0.0038285553455352783,0.02037014625966549,0.023758934810757637,0.01765487901866436,0.006104055792093277,0.9961714744567871,0.1991288959980011,0.0,0.2358744591474533,0.7641255259513855,223,0.2358744591474533
224,6,2,stable_normal,,0.00018921494483947754,0.07376822084188461,0.0699298232793808,0.07788103073835373,0.007951207458972931,0.9998108148574829,0.18749703466892242,0.0,0.14389844238758087,0.8561015725135803,224,0.14389844238758087
225,6,3,stable_normal,,0.016072481870651245,0.008074975572526455,0.008356754668056965,0.008426704443991184,6.994977593421936e-05,0.9839274883270264,0.20444917678833008,0.0,0.24044375121593475,0.759556233882904,225,0.24044375121593475
226,6,4,noise_sensitive_normal,,0.12404370307922363,0.01632315292954445,0.01888255402445793,0.02328433096408844,0.004401776939630508,0.8759562969207764,0.22804400324821472,0.0,0.18398170173168182,0.816018283367157,226,0.18398170173168182
227,6,5,stable_normal,,0.01701498031616211,0.06166587397456169,0.048939965665340424,0.07944069057703018,0.03050072491168976,0.9829850196838379,0.19353421032428741,0.0,0.18564696609973907,0.8143530488014221,227,0.18564696609973907
228,6,6,pseudo_anomaly_risk,,0.2697714567184448,0.023785986006259918,0.012033989652991295,0.07926645874977112,0.06723246723413467,0.7302285432815552,0.2637512683868408,0.0,0.19432172179222107,0.8056782484054565,228,0.19432172179222107
229,6,7,stable_normal,,0.07187888026237488,0.01585397496819496,0.008808444254100323,0.0297391340136528,0.020930688828229904,0.9281210899353027,0.21563591063022614,0.0,0.22005490958690643,0.7799450755119324,229,0.22005490958690643
230,6,8,stable_normal,,0.00034692883491516113,0.07645945250988007,0.07217808812856674,0.08121093362569809,0.009032845497131348,0.9996531009674072,0.18699690699577332,0.0,0.1586810201406479,0.8413189649581909,230,0.1586810201406479
231,6,9,noise_sensitive_normal,,0.1524018943309784,0.02798023447394371,0.02296430431306362,0.051430560648441315,0.028466256335377693,0.8475980758666992,0.2323378622531891,0.0,0.21342410147190094,0.7865759134292603,231,0.21342410147190094
232,6,10,stable_normal,,0.0010831654071807861,0.08076633512973785,0.07493851333856583,0.08717659115791321,0.012238077819347382,0.9989168643951416,0.18630065023899078,0.0,0.18654288351535797,0.8134571313858032,232,0.18654288351535797
233,6,11,stable_normal,,0.015889972448349,0.02907496504485607,0.03576057031750679,0.024177182465791702,0.011583387851715088,0.9841099977493286,0.19999566674232483,0.0,0.20386651158332825,0.7961335182189941,233,0.20386651158332825
234,6,12,stable_normal,,0.011976480484008789,0.04370319843292236,0.04064904525876045,0.049263592809438705,0.008614547550678253,0.9880235195159912,0.1961057186126709,0.0,0.22193467617034912,0.7780653238296509,234,0.22193467617034912
235,6,13,stable_normal,,0.00026547908782958984,0.077082559466362,0.07569845020771027,0.07859309017658234,0.0028946399688720703,0.9997345209121704,0.18685635924339294,0.0,0.13848619163036346,0.8615137934684753,235,0.13848619163036346
236,6,14,stable_normal,,0.10281145572662354,0.028352444991469383,0.03896433487534523,0.029167868196964264,0.009796466678380966,0.8971885442733765,0.22018860280513763,0.0,0.19839423894882202,0.801605761051178,236,0.19839423894882202
237,6,15,pseudo_anomaly_risk,,0.12313500046730042,0.041178520768880844,0.07748625427484512,0.025774862617254257,0.051711391657590866,0.876865029335022,0.22217679023742676,0.0,0.2103559523820877,0.7896440625190735,237,0.2103559523820877
238,6,16,stable_normal,,0.0006361007690429688,0.07062377035617828,0.07521553337574005,0.06620005518198013,0.009015478193759918,0.999363899230957,0.18821664154529572,0.0,0.1494320034980774,0.8505679965019226,238,0.1494320034980774
239,6,17,stable_normal,,8.845329284667969e-05,0.0780639573931694,0.0772566869854927,0.07889457792043686,0.0016378909349441528,0.9999115467071533,0.18662486970424652,0.0,0.15531352162361145,0.8446865081787109,239,0.15531352162361145
240,6,18,lesion_candidate_preserved,,0.0115756094455719,0.08730461448431015,0.07676398009061813,0.10083580762147903,0.0240718275308609,0.9884244203567505,0.1872221827507019,0.0,0.12255138158798218,0.8774486184120178,240,0.12255138158798218
241,6,19,stable_normal,,0.0028870701789855957,0.06510017067193985,0.05420873314142227,0.07789072394371033,0.023681990802288055,0.9971129298210144,0.1897989809513092,0.0,0.20538878440856934,0.7946112155914307,241,0.20538878440856934
242,6,20,stable_normal,,0.0006546378135681152,0.07828063517808914,0.07890219241380692,0.07776916027069092,0.0011330321431159973,0.9993453621864319,0.1867014765739441,0.0,0.16790594160556793,0.8320940732955933,242,0.16790594160556793
243,6,21,pseudo_anomaly_risk,,0.24577447772026062,0.03324747830629349,0.022493699565529823,0.0815802589058876,0.05908656120300293,0.754225492477417,0.25497761368751526,0.0,0.18591634929180145,0.8140836358070374,243,0.18591634929180145
244,6,22,stable_normal,,0.000965416431427002,0.07266326993703842,0.0656546950340271,0.08022993803024292,0.01457524299621582,0.999034583568573,0.18788093328475952,0.0,0.15120503306388855,0.8487949371337891,244,0.15120503306388855
245,6,23,stable_normal,,0.00030499696731567383,0.08167336136102676,0.08101332932710648,0.08241485059261322,0.0014015212655067444,0.9996950030326843,0.18595783412456512,0.0,0.13925939798355103,0.860740602016449,245,0.13925939798355103
246,6,24,lesion_candidate_preserved,,0.0006128549575805664,0.08440283685922623,0.08193095773458481,0.0871196910738945,0.005188733339309692,0.9993871450424194,0.18548491597175598,0.0,0.15562424063682556,0.844375729560852,246,0.15562424063682556
247,6,25,stable_normal,,0.00026112794876098633,0.08164777606725693,0.08092052489519119,0.08244495838880539,0.0015244334936141968,0.999738872051239,0.18595366179943085,0.0,0.15077455341815948,0.8492254614830017,247,0.15077455341815948
248,6,26,stable_normal,,0.09662801027297974,0.05692877247929573,0.049750447273254395,0.08135396242141724,0.03160351514816284,0.9033719897270203,0.21242283284664154,0.0,0.20090672373771667,0.7990932464599609,248,0.20090672373771667
249,6,27,stable_normal,,0.0008652806282043457,0.08121103793382645,0.08228380978107452,0.08027932792901993,0.002004481852054596,0.9991347193717957,0.18616695702075958,0.0,0.13519103825092316,0.864808976650238,249,0.13519103825092316
250,6,28,stable_normal,,0.0007286369800567627,0.07465258985757828,0.06638611108064651,0.08343233168125153,0.01704622060060501,0.9992713928222656,0.18743576109409332,0.0,0.1466333419084549,0.8533666729927063,250,0.1466333419084549
251,6,29,stable_normal,,0.0009316205978393555,0.06828679144382477,0.0598955973982811,0.0775333121418953,0.017637714743614197,0.9990683794021606,0.18874505162239075,0.0,0.165696918964386,0.834303081035614,251,0.165696918964386
252,6,30,stable_normal,,0.0004087090492248535,0.07240645587444305,0.06542854011058807,0.07991128414869308,0.014482744038105011,0.9995912909507751,0.1878139078617096,0.0,0.14257170259952545,0.8574283123016357,252,0.14257170259952545
253,6,31,pseudo_anomaly_risk,,0.244531512260437,0.038195542991161346,0.023424798622727394,0.10085543990135193,0.07743064314126968,0.755468487739563,0.25342825055122375,0.0,0.22112610936164856,0.7788739204406738,253,0.22112610936164856
254,6,32,pseudo_anomaly_risk,,0.3300139307975769,0.026734372600913048,0.023540781810879707,0.07935437560081482,0.05581359565258026,0.6699860692024231,0.2795548737049103,0.0,0.18597890436649323,0.814021110534668,254,0.18597890436649323
255,6,33,stable_normal,,0.0031057000160217285,0.01835496909916401,0.017741244286298752,0.01922110840678215,0.0014798641204833984,0.9968942999839783,0.19938738644123077,0.0,0.2225884348154068,0.7774115800857544,255,0.2225884348154068
256,6,34,stable_normal,,0.0012389123439788818,0.06118766963481903,0.0531010702252388,0.07020514458417892,0.017104074358940125,0.9987610578536987,0.19023074209690094,0.0,0.1557438224554062,0.8442561626434326,256,0.1557438224554062
257,6,35,pseudo_anomaly_risk,,0.13009211421012878,0.03260863199830055,0.018971217796206474,0.06876523792743683,0.049794018268585205,0.8699078559875488,0.22579766809940338,0.0,0.18283018469810486,0.8171697854995728,257,0.18283018469810486
258,6,36,noise_sensitive_normal,,0.172005295753479,0.03799620643258095,0.04871538281440735,0.051224235445261,0.002508852630853653,0.827994704246521,0.23488037288188934,0.0,0.2353624701499939,0.7646375298500061,258,0.2353624701499939
259,7,0,stable_normal,,0.0038638710975646973,0.025051428005099297,0.027159012854099274,0.023301471024751663,0.0038575418293476105,0.9961361289024353,0.1981661021709442,0.0,0.18767812848091125,0.8123219013214111,259,0.18767812848091125
260,7,1,stable_normal,,0.043637633323669434,0.02360372245311737,0.027816761285066605,0.023360565304756165,0.00445619598031044,0.9563623666763306,0.20740671455860138,0.0,0.21052461862564087,0.7894753813743591,260,0.21052461862564087
261,7,2,stable_normal,,0.0008169412612915039,0.07066838443279266,0.06344824284315109,0.07844050228595734,0.014992259442806244,0.9991830587387085,0.18824616074562073,0.0,0.1733202487230301,0.8266797661781311,261,0.1733202487230301
262,7,3,pseudo_anomaly_risk,,0.25476211309432983,0.026393838226795197,0.017031550407409668,0.07255509495735168,0.05552354454994202,0.7452378869056702,0.25906771421432495,0.0,0.15826453268527985,0.8417354822158813,262,0.15826453268527985
263,7,4,noise_sensitive_normal,,0.30672401189804077,0.022788412868976593,0.02510061487555504,0.05947530269622803,0.03437468782067299,0.6932759881019592,0.2741034924983978,0.0,0.20201322436332703,0.7979867458343506,263,0.20201322436332703
264,7,5,pseudo_anomaly_risk,,0.2066553831100464,0.04057564213871956,0.07720372825860977,0.036527231335639954,0.04067649692296982,0.7933446168899536,0.2430269569158554,0.0,0.21204611659049988,0.7879538536071777,264,0.21204611659049988
265,7,6,stable_normal,,0.10187482833862305,0.03118741139769554,0.01164750475436449,0.07952378690242767,0.06787627935409546,0.898125171661377,0.21933221817016602,0.0,0.17374953627586365,0.826250433921814,265,0.17374953627586365
266,7,7,stable_normal,,0.03205728530883789,0.04319024458527565,0.02066280134022236,0.08187317848205566,0.061210379004478455,0.9679427146911621,0.20065023005008698,0.0,0.19135747849941254,0.8086425065994263,266,0.19135747849941254
267,7,8,stable_normal,,0.006144434213638306,0.056081708520650864,0.03950933739542961,0.07751759141683578,0.038008254021406174,0.9938555955886841,0.19231414794921875,0.0,0.1755685806274414,0.8244314193725586,267,0.1755685806274414
268,7,9,stable_normal,,0.009333372116088867,0.07128659635782242,0.0750398263335228,0.06918683648109436,0.005852989852428436,0.9906666278839111,0.18993772566318512,0.0,0.14470046758651733,0.8552995324134827,268,0.14470046758651733
269,7,10,stable_normal,,8.240342140197754e-05,0.07431110739707947,0.07352489233016968,0.07511582225561142,0.001590929925441742,0.9999176263809204,0.18736669421195984,0.0,0.15888012945652008,0.8411198854446411,269,0.15888012945652008
270,7,11,pseudo_anomaly_risk,,0.3356322646141052,0.03243972733616829,0.037870410829782486,0.07681604474782944,0.03894563391804695,0.6643677353858948,0.27963098883628845,0.0,0.2250361144542694,0.7749638557434082,270,0.2250361144542694
271,7,12,stable_normal,,0.010314911603927612,0.02739178203046322,0.04087080433964729,0.018480293452739716,0.022390510886907578,0.98968505859375,0.19910810887813568,0.0,0.22864913940429688,0.7713508605957031,271,0.22864913940429688
272,7,13,pseudo_anomaly_risk,,0.280040979385376,0.023998096585273743,0.06928423047065735,0.018007002770900726,0.05127722769975662,0.719959020614624,0.2664783298969269,0.0,0.15280351042747498,0.8471964597702026,272,0.15280351042747498
273,7,14,pseudo_anomaly_risk,,0.1341480016708374,0.032678231596946716,0.06746051460504532,0.018406718969345093,0.049053795635700226,0.8658519983291626,0.22676877677440643,0.0,0.18931934237480164,0.810680627822876,273,0.18931934237480164
274,7,15,stable_normal,,0.0005385279655456543,0.07557549327611923,0.07638503611087799,0.07490024715662003,0.001484788954257965,0.9994614720344543,0.1872125267982483,0.0,0.13489817082881927,0.8651018142700195,274,0.13489817082881927
275,7,16,stable_normal,,0.014017581939697266,0.050961270928382874,0.07666730880737305,0.03259209170937538,0.044075217097997665,0.9859824180603027,0.1950646936893463,0.0,0.14303649961948395,0.8569635152816772,275,0.14303649961948395
276,7,17,stable_normal,,0.00013339519500732422,0.08047128468751907,0.0765756368637085,0.08449813723564148,0.007922500371932983,0.9998666048049927,0.18615885078907013,0.0,0.16638748347759247,0.8336125016212463,276,0.16638748347759247
277,7,18,stable_normal,,0.00023955106735229492,0.07806074619293213,0.0767524316906929,0.07945345342159271,0.002701021730899811,0.9997604489326477,0.1866573989391327,0.0,0.1398628056049347,0.8601372241973877,277,0.1398628056049347
278,7,19,lesion_candidate_preserved,,0.00047785043716430664,0.08491585403680801,0.08018714934587479,0.08992540091276169,0.009738251566886902,0.9995221495628357,0.18535566329956055,0.0,0.17526262998580933,0.8247373700141907,278,0.17526262998580933
279,7,20,pseudo_anomaly_risk,,0.21503940224647522,0.02943180687725544,0.07852255553007126,0.013293719850480556,0.06522883474826813,0.7849606275558472,0.2478732317686081,0.0,0.22060416638851166,0.7793958187103271,279,0.22060416638851166
280,7,21,stable_normal,,0.0005292892456054688,0.07851592451334,0.08095306158065796,0.07622627168893814,0.004726789891719818,0.9994707107543945,0.18662850558757782,0.0,0.20459020137786865,0.7954097986221313,280,0.20459020137786865
281,7,22,stable_normal,,5.263090133666992e-05,0.07797183096408844,0.07788068056106567,0.07807256281375885,0.00019188225269317627,0.9999473690986633,0.18663553893566132,0.0,0.1135278269648552,0.8864721655845642,281,0.1135278269648552
282,7,23,lesion_candidate_preserved,,0.00015932321548461914,0.08383014053106308,0.07899659872055054,0.0889020562171936,0.009905457496643066,0.9998406767845154,0.18550239503383636,0.0,0.17765700817108154,0.8223429918289185,282,0.17765700817108154
283,7,24,stable_normal,,0.0004316270351409912,0.08132680505514145,0.0743292048573494,0.08879852294921875,0.014469318091869354,0.9995683431625366,0.1860528290271759,0.0,0.1772288978099823,0.8227710723876953,283,0.1772288978099823
284,7,25,lesion_candidate_preserved,,0.0017551779747009277,0.08575515449047089,0.07764914631843567,0.09472575783729553,0.017076611518859863,0.9982448220252991,0.18545867502689362,0.0,0.1653614193201065,0.8346385955810547,284,0.1653614193201065
285,7,26,stable_normal,,0.03785791993141174,0.08036758750677109,0.13230785727500916,0.05505053699016571,0.07725732028484344,0.9621421098709106,0.19425486028194427,0.0,0.20164594054222107,0.7983540296554565,285,0.20164594054222107
286,7,27,stable_normal,,0.08797332644462585,0.05730324983596802,0.05162966996431351,0.07902618497610092,0.027396515011787415,0.9120266437530518,0.21033628284931183,0.0,0.16347572207450867,0.836524248123169,286,0.16347572207450867
287,7,28,stable_normal,,0.00024837255477905273,0.07583329826593399,0.07223881781101227,0.07955025136470795,0.007311433553695679,0.999751627445221,0.1871000975370407,0.0,0.1328524798154831,0.8671475052833557,287,0.1328524798154831
288,7,29,stable_normal,,0.00021201372146606445,0.07237277179956436,0.06704689562320709,0.07802010327577591,0.010973207652568817,0.9997879862785339,0.18777890503406525,0.0,0.1646009236574173,0.8353990912437439,288,0.1646009236574173
289,7,30,stable_normal,,6.681680679321289e-05,0.07731150835752487,0.0753236636519432,0.07936584949493408,0.004042185842990875,0.9999331831932068,0.18676911294460297,0.0,0.19897803664207458,0.801021933555603,289,0.19897803664207458
290,7,31,stable_normal,,0.044553279876708984,0.06780841201543808,0.08027731627225876,0.06271132826805115,0.01756598800420761,0.955446720123291,0.19830337166786194,0.0,0.1801004260778427,0.8198995590209961,290,0.1801004260778427
291,7,32,stable_normal,,0.00013762712478637695,0.07651470601558685,0.07658135890960693,0.07647296041250229,0.00010839849710464478,0.9998623728752136,0.18694177269935608,0.0,0.2098580300807953,0.7901419401168823,291,0.2098580300807953
292,7,33,stable_normal,,0.018454432487487793,0.04799019545316696,0.031016496941447258,0.07227825373411179,0.04126175493001938,0.9815455675125122,0.19664539396762848,0.0,0.16458512842655182,0.8354148864746094,292,0.16458512842655182
293,7,34,stable_normal,,0.00031626224517822266,0.053385477513074875,0.05064927414059639,0.05627652257680893,0.00562724843621254,0.9996837377548218,0.19160237908363342,0.0,0.17594584822654724,0.8240541219711304,293,0.17594584822654724
294,7,35,stable_normal,,0.04983961582183838,0.023256560787558556,0.01846560277044773,0.03374803811311722,0.015282435342669487,0.9501603841781616,0.20890207588672638,0.0,0.1640423983335495,0.8359575867652893,294,0.1640423983335495
295,7,36,noise_sensitive_normal,,0.24746179580688477,0.030950460582971573,0.03678553178906441,0.058313772082328796,0.02152824029326439,0.7525382041931152,0.2559927701950073,0.0,0.18956708908081055,0.8104329109191895,295,0.18956708908081055
296,8,0,stable_normal,,0.00921010971069336,0.03882812336087227,0.05767055228352547,0.026480773463845253,0.031189778819680214,0.9907898902893066,0.19650086760520935,0.0,0.19228680431842804,0.8077132105827332,296,0.19228680431842804
297,8,1,stable_normal,,0.017081469297409058,0.023012300953269005,0.027476822957396507,0.0200373362749815,0.0074394866824150085,0.9829185009002686,0.20152847468852997,0.0,0.1860361546278,0.8139638304710388,297,0.1860361546278
298,8,2,stable_normal,,0.03457385301589966,0.04884636774659157,0.03238912299275398,0.07408484816551208,0.0416957251727581,0.9654261469841003,0.2000303566455841,0.0,0.1965745985507965,0.8034254312515259,298,0.1965745985507965
299,8,3,stable_normal,,0.000224381685256958,0.07445991784334183,0.07260368764400482,0.07646507024765015,0.0038613826036453247,0.9997756481170654,0.18736723065376282,0.0,0.17821043729782104,0.821789562702179,299,0.17821043729782104
300,8,4,stable_normal,,0.00010189414024353027,0.07881378382444382,0.07752721011638641,0.08012168854475021,0.0025944784283638,0.9998980760574341,0.18647947907447815,0.0,0.2203918695449829,0.7796081304550171,300,0.2203918695449829
301,8,5,noise_sensitive_normal,,0.3166704773902893,0.0421285405755043,0.05158950015902519,0.08144471794366837,0.029855217784643173,0.6833295226097107,0.27184784412384033,0.0,0.19774992763996124,0.8022500872612,301,0.19774992763996124
302,8,6,stable_normal,,0.00015923380851745605,0.07751724869012833,0.07734685391187668,0.07771693915128708,0.0003700852394104004,0.9998407363891602,0.1867479383945465,0.0,0.1776425838470459,0.8223574161529541,302,0.1776425838470459
303,8,7,stable_normal,,0.00026407837867736816,0.07437998056411743,0.07075207680463791,0.07814992964267731,0.007397852838039398,0.999735951423645,0.1873915046453476,0.0,0.13284394145011902,0.8671560287475586,303,0.13284394145011902
304,8,8,stable_normal,,0.0010830163955688477,0.07654094696044922,0.06910998374223709,0.08452298492193222,0.01541300117969513,0.9989169836044312,0.18713635206222534,0.0,0.1249283105134964,0.8750717043876648,304,0.1249283105134964
305,8,9,stable_normal,,0.0012240409851074219,0.07467932254076004,0.06916762888431549,0.08052172511816025,0.011354096233844757,0.9987759590148926,0.187535360455513,0.0,0.12950915098190308,0.8704908490180969,305,0.12950915098190308
306,8,10,stable_normal,,0.013715952634811401,0.03115936927497387,0.026458146050572395,0.03788292780518532,0.011424781754612923,0.9862840175628662,0.19907940924167633,0.0,0.23414871096611023,0.7658512592315674,306,0.23414871096611023
307,8,11,noise_sensitive_normal,,0.3401852548122406,0.03366519883275032,0.04778299853205681,0.06999269127845764,0.022209692746400833,0.659814715385437,0.2805851697921753,0.0,0.2121988832950592,0.7878011465072632,307,0.2121988832950592
308,8,12,pseudo_anomaly_risk,,0.2258809208869934,0.029466915875673294,0.07452786713838577,0.017668578773736954,0.05685928836464882,0.7741190791130066,0.25068458914756775,0.0,0.19737471640110016,0.802625298500061,308,0.19737471640110016
309,8,13,stable_normal,,0.0006064474582672119,0.07705052942037582,0.07600954920053482,0.07823705673217773,0.002227507531642914,0.9993935823440552,0.1869347244501114,0.0,0.15775057673454285,0.8422493934631348,309,0.15775057673454285
310,8,14,stable_normal,,0.00014275312423706055,0.07935073971748352,0.07661900669336319,0.08212639391422272,0.005507387220859528,0.9998572468757629,0.1863820105791092,0.0,0.17987339198589325,0.8201265931129456,310,0.17987339198589325
311,8,15,stable_normal,,0.0025788545608520508,0.07123367488384247,0.06436991691589355,0.07872337102890015,0.014353454113006592,0.997421145439148,0.18850798904895782,0.0,0.13389699161052704,0.8661029934883118,311,0.13389699161052704
312,8,16,stable_normal,,0.00015079975128173828,0.07734540104866028,0.0743575245141983,0.0804223120212555,0.00606478750705719,0.9998492002487183,0.18678012490272522,0.0,0.1458171159029007,0.8541828989982605,312,0.1458171159029007
313,8,17,lesion_candidate_preserved,,0.004127919673919678,0.08592430502176285,0.07399045675992966,0.09964644908905029,0.025655992329120636,0.9958720803260803,0.18592403829097748,0.0,0.16932985186576843,0.8306701183319092,313,0.16932985186576843
314,8,18,lesion_candidate_preserved,,0.0007338523864746094,0.0909591093659401,0.08040311187505722,0.10278624296188354,0.022383131086826324,0.9992661476135254,0.1842234879732132,0.0,0.1529223769903183,0.8470776081085205,314,0.1529223769903183
315,8,19,noise_sensitive_normal,,0.21039995551109314,0.06486914306879044,0.08272400498390198,0.08668362349271774,0.003959618508815765,0.7896000146865845,0.2381964474916458,0.0,0.1630050241947174,0.836995005607605,315,0.1630050241947174
316,8,20,lesion_candidate_preserved,,0.1377353072166443,0.09112528711557388,0.09854046255350113,0.11131298542022705,0.012772522866725922,0.8622646927833557,0.21453748643398285,0.0,0.22375379502773285,0.776246190071106,316,0.22375379502773285
317,8,21,stable_normal,,0.006911098957061768,0.08135273307561874,0.07475841790437698,0.08968912810087204,0.014930710196495056,0.9930889010429382,0.18741536140441895,0.0,0.1523016393184662,0.8476983308792114,317,0.1523016393184662
318,8,22,lesion_candidate_preserved,,0.0007371306419372559,0.0851936787366867,0.07957378774881363,0.09114579111337662,0.011572003364562988,0.9992628693580627,0.18535542488098145,0.0,0.17835281789302826,0.8216471672058105,318,0.17835281789302826
319,8,23,lesion_candidate_preserved,,0.01074141263961792,0.0888793095946312,0.0737474262714386,0.10791271924972534,0.03416529297828674,0.9892585873603821,0.1867341250181198,0.0,0.1682242453098297,0.8317757844924927,319,0.1682242453098297
320,8,24,stable_normal,,0.0004360377788543701,0.07246511429548264,0.06965535879135132,0.07538668811321259,0.005731329321861267,0.9995639324188232,0.1878080517053604,0.0,0.15022724866867065,0.8497727513313293,320,0.15022724866867065
321,8,25,stable_normal,,7.88271427154541e-05,0.07602103054523468,0.07611320167779922,0.07594233751296997,0.00017086416482925415,0.9999212026596069,0.18702708184719086,0.0,0.159221351146698,0.840778648853302,321,0.159221351146698
322,8,26,lesion_candidate_preserved,,0.009198904037475586,0.10202984511852264,0.14997313916683197,0.06554466485977173,0.08442847430706024,0.9908010959625244,0.18382500112056732,0.0,0.20093120634555817,0.799068808555603,322,0.20093120634555817
323,8,27,stable_normal,,0.0961948037147522,0.07835198938846588,0.12242426723241806,0.06545843183994293,0.05696583539247513,0.9038051962852478,0.2076929360628128,0.0,0.2157714068889618,0.7842285633087158,323,0.2157714068889618
324,8,28,stable_normal,,0.00041794776916503906,0.07486394792795181,0.06927254050970078,0.08066760003566742,0.011395059525966644,0.999582052230835,0.18732808530330658,0.0,0.15895071625709534,0.841049313545227,324,0.15895071625709534
325,8,29,stable_normal,,0.00032764673233032227,0.07665244489908218,0.0739194005727768,0.07948200404644012,0.00556260347366333,0.9996723532676697,0.18695463240146637,0.0,0.1643502414226532,0.8356497287750244,325,0.1643502414226532
326,8,30,stable_normal,,0.00020360946655273438,0.0799378752708435,0.08176962286233902,0.0781433954834938,0.003626227378845215,0.9997963905334473,0.18627889454364777,0.0,0.14994636178016663,0.8500536680221558,326,0.14994636178016663
327,8,31,stable_normal,,0.004361212253570557,0.05336633324623108,0.048452168703079224,0.05954689159989357,0.011094722896814346,0.9956387877464294,0.19247858226299286,0.0,0.22820013761520386,0.7717998623847961,327,0.22820013761520386
328,8,32,stable_normal,,0.0010743141174316406,0.07179547846317291,0.06676249206066132,0.07732408493757248,0.010561592876911163,0.9989256858825684,0.18807655572891235,0.0,0.17982786893844604,0.820172131061554,328,0.17982786893844604
329,8,33,lesion_candidate_preserved,,0.0003535151481628418,0.08324867486953735,0.08138343691825867,0.08516918122768402,0.003785744309425354,0.9996464848518372,0.18565765023231506,0.0,0.1727600246667862,0.827239990234375,329,0.1727600246667862
330,8,34,stable_normal,,0.0005255937576293945,0.07547583431005478,0.06967514753341675,0.0816316306591034,0.011956483125686646,0.9994744062423706,0.18722954392433167,0.0,0.18344227969646454,0.8165577054023743,330,0.18344227969646454
331,8,35,stable_normal,,0.018819540739059448,0.052234116941690445,0.06292080134153366,0.044269461184740067,0.018651340156793594,0.9811804294586182,0.19585354626178741,0.0,0.18409857153892517,0.8159013986587524,331,0.18409857153892517
332,8,36,stable_normal,,0.07194492220878601,0.03896137326955795,0.021327955648303032,0.0760667696595192,0.054738812148571014,0.9280550479888916,0.2106042057275772,0.0,0.18782572448253632,0.8121742606163025,332,0.18782572448253632
333,9,0,stable_normal,,0.0010893940925598145,0.05660494416952133,0.047628335654735565,0.06706379354000092,0.01943545788526535,0.9989106059074402,0.19111977517604828,0.0,0.19673705101013184,0.8032629489898682,333,0.19673705101013184
334,9,1,pseudo_anomaly_risk,,0.1133112907409668,0.04202945902943611,0.0660790503025055,0.026443928480148315,0.03963512182235718,0.8866887092590332,0.21963611245155334,0.0,0.21074140071868896,0.789258599281311,334,0.21074140071868896
335,9,2,stable_normal,,0.0012094676494598389,0.07162538915872574,0.06381573528051376,0.08018746972084045,0.01637173444032669,0.9987905025482178,0.18813906610012054,0.0,0.16155312955379486,0.838446855545044,335,0.16155312955379486
336,9,3,stable_normal,,0.01937153935432434,0.05594440549612045,0.04235108941793442,0.0755297914147377,0.033178701996803284,0.980628490447998,0.19521407783031464,0.0,0.14960935711860657,0.8503906726837158,336,0.14960935711860657
337,9,4,stable_normal,,0.007651150226593018,0.0513877309858799,0.041814375668764114,0.06741366535425186,0.025599289685487747,0.992348849773407,0.19359233975410461,0.0,0.18979081511497498,0.8102091550827026,337,0.18979081511497498
338,9,5,stable_normal,,0.020440399646759033,0.03777794539928436,0.033917129039764404,0.04464685171842575,0.010729722678661346,0.979559600353241,0.19919514656066895,0.0,0.19241322576999664,0.8075867891311646,338,0.19241322576999664
339,9,6,stable_normal,,0.034204959869384766,0.04922949895262718,0.04100493714213371,0.06442657113075256,0.02342163398861885,0.9657950401306152,0.19986850023269653,0.0,0.1582583636045456,0.8417416214942932,339,0.1582583636045456
340,9,7,stable_normal,,0.0023245513439178467,0.0764555111527443,0.07048586755990982,0.08351723849773407,0.01303137093782425,0.9976754188537598,0.1874159425497055,0.0,0.11355185508728027,0.8864481449127197,340,0.11355185508728027
341,9,8,stable_normal,,0.019310832023620605,0.05659499764442444,0.06280941516160965,0.053707342594861984,0.009102072566747665,0.9806891679763794,0.19506770372390747,0.0,0.1389782428741455,0.8610217571258545,341,0.1389782428741455
342,9,9,stable_normal,,0.012810081243515015,0.07614199072122574,0.07507588714361191,0.07950257509946823,0.004426687955856323,0.9871898889541626,0.18970829248428345,0.0,0.1679568737745285,0.8320431113243103,342,0.1679568737745285
343,9,10,noise_sensitive_normal,,0.36151066422462463,0.03885519877076149,0.07158864289522171,0.06453277170658112,0.0070558711886405945,0.6384893655776978,0.28522685170173645,0.0,0.20930509269237518,0.7906948924064636,343,0.20930509269237518
344,9,11,stable_normal,,0.03542470932006836,0.07381441444158554,0.07465696334838867,0.07947085797786713,0.004813894629478455,0.9645752906799316,0.1950627863407135,0.0,0.2040584832429886,0.7959415316581726,344,0.2040584832429886
345,9,12,lesion_candidate_preserved,,0.002604842185974121,0.1191534772515297,0.11273414641618729,0.12614679336547852,0.01341264694929123,0.9973951578140259,0.1791505366563797,0.0,0.23253180086612701,0.7674682140350342,345,0.23253180086612701
346,9,13,lesion_candidate_preserved,,0.004550307989120483,0.09666690230369568,0.1255192905664444,0.07343190163373947,0.052087388932704926,0.9954496622085571,0.18390364944934845,0.0,0.15644824504852295,0.843551754951477,346,0.15644824504852295
347,9,14,lesion_candidate_preserved,,0.070993572473526,0.08727610111236572,0.1322333663702011,0.06794994324445724,0.06428342312574387,0.9290064573287964,0.20012085139751434,0.0,0.2194720357656479,0.7805279493331909,347,0.2194720357656479
348,9,15,stable_normal,,0.0034157931804656982,0.07542192935943604,0.07866954803466797,0.07270784676074982,0.005961701273918152,0.9965841770172119,0.18785233795642853,0.0,0.1529768407344818,0.8470231294631958,348,0.1529768407344818
349,9,16,stable_normal,,0.00017768144607543945,0.0758567526936531,0.07502702623605728,0.07671397924423218,0.0016869530081748962,0.9998223185539246,0.187080517411232,0.0,0.1297462433576584,0.8702537417411804,349,0.1297462433576584
350,9,17,stable_normal,,5.924701690673828e-05,0.07604224234819412,0.07432273775339127,0.0777852013707161,0.003462463617324829,0.9999407529830933,0.1870187371969223,0.0,0.1330268234014511,0.8669731616973877,350,0.1330268234014511
351,9,18,stable_normal,,0.10262513160705566,0.04276706278324127,0.08042371273040771,0.024072829633951187,0.05635088309645653,0.8973748683929443,0.21693778038024902,0.0,0.1693534255027771,0.8306465744972229,351,0.1693534255027771
352,9,19,stable_normal,,0.02720588445663452,0.06984162330627441,0.06343168020248413,0.08163569122552872,0.018204011023044586,0.9727941155433655,0.19408348202705383,0.0,0.17952588200569153,0.8204741477966309,352,0.17952588200569153
353,9,20,stable_normal,,0.01210087537765503,0.08148995041847229,0.08129671216011047,0.08392344415187836,0.0026267319917678833,0.987899124622345,0.18848903477191925,0.0,0.11692897975444794,0.8830710053443909,353,0.11692897975444794
354,9,21,stable_normal,,0.002060115337371826,0.07935129106044769,0.08548332750797272,0.07388211041688919,0.011601217091083527,0.9979398846626282,0.18678636848926544,0.0,0.16097639501094818,0.8390235900878906,354,0.16097639501094818
355,9,22,lesion_candidate_preserved,,0.00023669004440307617,0.08340347558259964,0.08000990003347397,0.0869000256061554,0.006890125572681427,0.9997633099555969,0.185602605342865,0.0,0.17916566133499146,0.8208343386650085,355,0.17916566133499146
356,9,23,stable_normal,,0.0019378364086151123,0.08180394023656845,0.07418831437826157,0.08997957408428192,0.015791259706020355,0.9980621337890625,0.18627586960792542,0.0,0.13883601129055023,0.8611639738082886,356,0.13883601129055023
357,9,24,lesion_candidate_preserved,,0.001347184181213379,0.08648681640625,0.08131900429725647,0.09210357815027237,0.0107845738530159,0.9986528158187866,0.18522916734218597,0.0,0.18718133866786957,0.8128186464309692,357,0.18718133866786957
358,9,25,stable_normal,,0.00662308931350708,0.07570622116327286,0.0940447449684143,0.05944216251373291,0.034602582454681396,0.9933769106864929,0.18847674131393433,0.0,0.21952921152114868,0.7804707884788513,358,0.21952921152114868
359,9,26,lesion_candidate_preserved,,0.1827249526977539,0.09101840853691101,0.1220860630273819,0.10262422263622284,0.019461840391159058,0.8172750473022461,0.22528696060180664,0.0,0.2376771867275238,0.7623227834701538,359,0.2376771867275238
360,9,27,stable_normal,,0.00028711557388305664,0.08162534236907959,0.08534357696771622,0.07809999585151672,0.007243581116199493,0.9997128844261169,0.18596354126930237,0.0,0.1966230720281601,0.8033769130706787,360,0.1966230720281601
361,9,28,stable_normal,,0.00048086047172546387,0.07850269973278046,0.07417856901884079,0.08303570002317429,0.008857131004333496,0.9995191097259521,0.18662092089653015,0.0,0.1572578251361847,0.8427422046661377,361,0.1572578251361847
362,9,29,stable_normal,,0.0004767775535583496,0.07735611498355865,0.0723770335316658,0.08254977315664291,0.010172739624977112,0.9995232224464417,0.18684685230255127,0.0,0.12951821088790894,0.8704817891120911,362,0.12951821088790894
363,9,30,stable_normal,,0.00010484457015991211,0.08217090368270874,0.08411482721567154,0.080283023416996,0.003831803798675537,0.9998951554298401,0.1858176738023758,0.0,0.1519942730665207,0.8480057120323181,363,0.1519942730665207
364,9,31,noise_sensitive_normal,,0.29381895065307617,0.049505773931741714,0.06503427028656006,0.0855020135641098,0.020467743277549744,0.7061810493469238,0.26373645663261414,0.0,0.18025828897953033,0.8197417259216309,364,0.18025828897953033
365,9,32,stable_normal,,0.016102105379104614,0.06860758364200592,0.06016610190272331,0.0814974308013916,0.02133132889866829,0.9838979244232178,0.19193005561828613,0.0,0.25142574310302734,0.7485742568969727,365,0.25142574310302734
366,9,33,lesion_candidate_preserved,,0.0010988712310791016,0.0886470377445221,0.08296537399291992,0.09486322104930878,0.011897847056388855,0.9989011287689209,0.1847529262304306,0.0,0.18885205686092377,0.811147928237915,366,0.18885205686092377
367,9,34,stable_normal,,0.00020629167556762695,0.07731416076421738,0.07331125438213348,0.08144381642341614,0.008132562041282654,0.9997937083244324,0.18679803609848022,0.0,0.19521930813789368,0.8047807216644287,367,0.19521930813789368
368,9,35,stable_normal,,0.006338000297546387,0.08187054842710495,0.09765812009572983,0.06848609447479248,0.029172025620937347,0.9936619997024536,0.187191441655159,0.0,0.1925623118877411,0.8074376583099365,368,0.1925623118877411
369,9,36,noise_sensitive_normal,,0.11411350965499878,0.026955196633934975,0.03475572168827057,0.030747702345252037,0.004008019343018532,0.8858864903450012,0.22321312129497528,0.0,0.18015919625759125,0.8198407888412476,369,0.18015919625759125
370,10,0,stable_normal,,0.00876230001449585,0.057730820029973984,0.06235795468091965,0.05437976121902466,0.007978193461894989,0.9912376999855042,0.1925458163022995,0.0,0.2105700820684433,0.7894299030303955,370,0.2105700820684433
371,10,1,stable_normal,,0.0012162327766418457,0.07232166081666946,0.0678270161151886,0.07754188776016235,0.009714871644973755,0.9987837672233582,0.18800203502178192,0.0,0.15527792274951935,0.8447220921516418,371,0.15527792274951935
372,10,2,stable_normal,,0.0005119442939758301,0.06961782276630402,0.06936808675527573,0.06993989646434784,0.000571809709072113,0.9994880557060242,0.18839050829410553,0.0,0.19924767315387726,0.8007523417472839,372,0.19924767315387726
373,10,3,stable_normal,,0.00013744831085205078,0.07982326298952103,0.07623180747032166,0.08362279832363129,0.007390990853309631,0.999862551689148,0.18628759682178497,0.0,0.1631966382265091,0.8368033766746521,373,0.1631966382265091
374,10,4,stable_normal,,0.01742267608642578,0.045727185904979706,0.03846893087029457,0.05933397635817528,0.020865045487880707,0.9825773239135742,0.1968846470117569,0.0,0.22072075307369232,0.7792792320251465,374,0.22072075307369232
375,10,5,stable_normal,,0.0035729408264160156,0.06162841618061066,0.052195120602846146,0.07440340518951416,0.022208284586668015,0.996427059173584,0.1906423717737198,0.0,0.22167934477329254,0.7783206701278687,375,0.22167934477329254
376,10,6,stable_normal,,0.020207643508911133,0.06138037145137787,0.04964236542582512,0.07918083667755127,0.02953847125172615,0.9797923564910889,0.19428595900535583,0.0,0.16550375521183014,0.834496259689331,376,0.16550375521183014
377,10,7,stable_normal,,0.00015297532081604004,0.07929160445928574,0.0744185596704483,0.08441072702407837,0.009992167353630066,0.9998470544815063,0.18639586865901947,0.0,0.18015234172344208,0.8198476433753967,377,0.18015234172344208
378,10,8,stable_normal,,0.00019228458404541016,0.07850097864866257,0.07737606763839722,0.07965004444122314,0.0022739768028259277,0.9998077154159546,0.18656037747859955,0.0,0.12367039918899536,0.8763296008110046,378,0.12367039918899536
379,10,9,stable_normal,,0.0005121231079101562,0.07761488109827042,0.07399194687604904,0.08127356320619583,0.0072816163301467896,0.9994878768920898,0.18680310249328613,0.0,0.16207477450370789,0.8379251956939697,379,0.16207477450370789
380,10,10,noise_sensitive_normal,,0.12829875946044922,0.022753585129976273,0.02936926856637001,0.028619417920708656,0.0007498506456613541,0.8717012405395508,0.2276109755039215,0.0,0.22958146035671234,0.7704185247421265,380,0.22958146035671234
381,10,11,stable_normal,,0.0016200542449951172,0.06323425471782684,0.058271199464797974,0.06915285438299179,0.010881654918193817,0.9983799457550049,0.1899019330739975,0.0,0.1931048482656479,0.8068951368331909,381,0.1931048482656479
382,10,12,lesion_candidate_preserved,,0.012228608131408691,0.12389674037694931,0.10619331896305084,0.14833183586597443,0.042138516902923584,0.9877713918685913,0.18021149933338165,0.0,0.21731404960155487,0.7826859354972839,382,0.21731404960155487
383,10,13,lesion_candidate_preserved,,0.005099892616271973,0.1132398322224617,0.104352205991745,0.12244243174791336,0.018090225756168365,0.994900107383728,0.18079911172389984,0.0,0.17870858311653137,0.821291446685791,383,0.17870858311653137
384,10,14,lesion_candidate_preserved,,0.002722799777984619,0.13607317209243774,0.1388365626335144,0.13378387689590454,0.005052685737609863,0.9972772002220154,0.17595642805099487,0.0,0.21464334428310394,0.7853566408157349,384,0.21464334428310394
385,10,15,stable_normal,,0.002631962299346924,0.0798015147447586,0.08132089674472809,0.07872723042964935,0.0025936663150787354,0.9973680377006531,0.18681803345680237,0.0,0.14349332451820374,0.8565067052841187,385,0.14349332451820374
386,10,16,stable_normal,,0.0001010596752166748,0.07538629323244095,0.07614903151988983,0.0746515542268753,0.0014974772930145264,0.9998989105224609,0.1871575117111206,0.0,0.14606794714927673,0.8539320230484009,386,0.14606794714927673
387,10,17,stable_normal,,0.0002658367156982422,0.07253450155258179,0.07613968849182129,0.06913280487060547,0.00700688362121582,0.9997341632843018,0.1877581775188446,0.0,0.17448844015598297,0.8255115747451782,387,0.17448844015598297
388,10,18,pseudo_anomaly_risk,,0.2802298367023468,0.029055539518594742,0.08405003696680069,0.01981022022664547,0.06423981487751007,0.7197701930999756,0.26524385809898376,0.0,0.18169660866260529,0.8183034062385559,388,0.18169660866260529
389,10,19,stable_normal,,0.014566212892532349,0.08198922127485275,0.08653977513313293,0.0801641121506691,0.006375662982463837,0.98543381690979,0.18891406059265137,0.0,0.1459846794605255,0.8540153503417969,389,0.1459846794605255
390,10,20,lesion_candidate_preserved,,0.10486388206481934,0.10351602733135223,0.08273967355489731,0.15808027982711792,0.07534060627222061,0.8951361179351807,0.2043028473854065,0.0,0.20809543132781982,0.7919045686721802,390,0.20809543132781982
391,10,21,lesion_candidate_preserved,,0.08837336301803589,0.09204202145338058,0.08294461667537689,0.1223374605178833,0.03939284384250641,0.9116266369819641,0.20300939679145813,0.0,0.1831945925951004,0.8168054223060608,391,0.1831945925951004
392,10,22,lesion_candidate_preserved,,0.007398754358291626,0.08341506123542786,0.08394482731819153,0.0842476636171341,0.0003028362989425659,0.9926012754440308,0.18710970878601074,0.0,0.1716085970401764,0.828391432762146,392,0.1716085970401764
393,10,23,lesion_candidate_preserved,,0.005661129951477051,0.08453619480133057,0.07625222951173782,0.0940929502248764,0.01784072071313858,0.994338870048523,0.18652097880840302,0.0,0.11624423414468765,0.8837557435035706,393,0.11624423414468765
394,10,24,lesion_candidate_preserved,,0.007878154516220093,0.09679297357797623,0.08644319325685501,0.10951051115989685,0.02306731790304184,0.9921218156814575,0.18457414209842682,0.0,0.16813704371452332,0.8318629264831543,394,0.16813704371452332
395,10,25,noise_sensitive_normal,,0.20772552490234375,0.08068607747554779,0.09861263632774353,0.10447638481855392,0.005863748490810394,0.7922744750976562,0.23381175100803375,0.0,0.20612597465515137,0.7938740253448486,395,0.20612597465515137
396,10,26,lesion_candidate_preserved,,0.0036500394344329834,0.1289902925491333,0.12826424837112427,0.13054785132408142,0.0022836029529571533,0.9963499307632446,0.1774861365556717,0.0,0.2169492542743683,0.7830507755279541,396,0.2169492542743683
397,10,27,lesion_candidate_preserved,,0.000546574592590332,0.08541130274534225,0.07822492718696594,0.09292708337306976,0.01470215618610382,0.9994534254074097,0.18527264893054962,0.0,0.15230251848697662,0.8476974964141846,397,0.15230251848697662
398,10,28,stable_normal,,0.0004054903984069824,0.07887861132621765,0.07341437041759491,0.08466298878192902,0.011248618364334106,0.999594509601593,0.1865307241678238,0.0,0.12973277270793915,0.8702672123908997,398,0.12973277270793915
399,10,29,stable_normal,,0.00027483701705932617,0.07651612162590027,0.07307732850313187,0.0800502672791481,0.006972938776016235,0.9997251629829407,0.18697045743465424,0.0,0.10704579949378967,0.8929542303085327,399,0.10704579949378967
400,10,30,stable_normal,,0.00011336803436279297,0.07940562069416046,0.07917148619890213,0.07965508103370667,0.0004835948348045349,0.9998866319656372,0.18636499345302582,0.0,0.20292291045188904,0.7970770597457886,400,0.20292291045188904
401,10,31,noise_sensitive_normal,,0.2572490870952606,0.054511286318302155,0.06932878494262695,0.08603744208812714,0.016708657145500183,0.742750883102417,0.252752423286438,0.0,0.15616752207279205,0.8438324928283691,401,0.15616752207279205
402,10,32,pseudo_anomaly_risk,,0.16936051845550537,0.07287061214447021,0.059212297201156616,0.1209462508559227,0.06173395365476608,0.8306394815444946,0.22617170214653015,0.0,0.2055840641260147,0.7944159507751465,402,0.2055840641260147
403,10,33,stable_normal,,0.06627070903778076,0.06474262475967407,0.08707066625356674,0.054300155490636826,0.032770510762929916,0.9337292909622192,0.20379309356212616,0.0,0.1855982393026352,0.8144017457962036,403,0.1855982393026352
404,10,34,stable_normal,,0.00034418702125549316,0.08001089096069336,0.07786571979522705,0.08221561461687088,0.004349894821643829,0.9996558427810669,0.18629412353038788,0.0,0.1988544911146164,0.8011454939842224,404,0.1988544911146164
405,10,35,lesion_candidate_preserved,,0.004332900047302246,0.09627068787813187,0.09603460133075714,0.09738774597644806,0.001353144645690918,0.9956670999526978,0.18393574655056,0.0,0.21049417555332184,0.7895058393478394,405,0.21049417555332184
406,10,36,stable_normal,,0.04759731888771057,0.03741949796676636,0.04817138984799385,0.03176722303032875,0.0164041668176651,0.9524027109146118,0.2053607702255249,0.0,0.21660925447940826,0.7833907604217529,406,0.21660925447940826
407,11,0,stable_normal,,0.009352445602416992,0.04390738904476166,0.03488615155220032,0.056625932455062866,0.02173978090286255,0.990647554397583,0.1954895406961441,0.0,0.21140345931053162,0.788596510887146,407,0.21140345931053162
408,11,1,stable_normal,,0.024877578020095825,0.021892914548516273,0.024471759796142578,0.021538419649004936,0.002933340147137642,0.9751224517822266,0.203513965010643,0.0,0.2410733997821808,0.7589266300201416,408,0.2410733997821808
409,11,2,stable_normal,,0.0003216564655303955,0.07695505768060684,0.07598137110471725,0.07802695780992508,0.0020455867052078247,0.999678373336792,0.18689344823360443,0.0,0.17170366644859314,0.8282963037490845,409,0.17170366644859314
410,11,3,stable_normal,,0.0009857118129730225,0.0699521079659462,0.06484624743461609,0.07540792971849442,0.010561682283878326,0.9990142583847046,0.18842464685440063,0.0,0.18295738101005554,0.8170425891876221,410,0.18295738101005554
411,11,4,stable_normal,,0.00041222572326660156,0.08172479271888733,0.07513878494501114,0.0886535719037056,0.013514786958694458,0.9995877742767334,0.185970276594162,0.0,0.14044088125228882,0.8595591187477112,411,0.14044088125228882
412,11,5,noise_sensitive_normal,,0.23762285709381104,0.0560675710439682,0.06514743715524673,0.08971608430147171,0.024568647146224976,0.762377142906189,0.24725772440433502,0.0,0.20334647595882416,0.7966535091400146,412,0.20334647595882416
413,11,6,stable_normal,,5.8710575103759766e-05,0.07842430472373962,0.07837695628404617,0.0784817785024643,0.00010482221841812134,0.9999412894248962,0.18654735386371613,0.0,0.12481458485126495,0.8751854300498962,413,0.12481458485126495
414,11,7,stable_normal,,0.0006903111934661865,0.07315133512020111,0.07168395817279816,0.07473784685134888,0.00305388867855072,0.9993096590042114,0.18772563338279724,0.0,0.18190066516399384,0.818099319934845,414,0.18190066516399384
415,11,8,stable_normal,,0.00016811490058898926,0.07477588206529617,0.07071347534656525,0.07903636246919632,0.008322887122631073,0.9998319149017334,0.1872926950454712,0.0,0.13878579437732697,0.8612142205238342,415,0.13878579437732697
416,11,9,stable_normal,,0.0006883740425109863,0.07917740941047668,0.07279741019010544,0.0858459398150444,0.013048529624938965,0.999311625957489,0.18653132021427155,0.0,0.1192670464515686,0.8807329535484314,416,0.1192670464515686
417,11,10,stable_normal,,0.00010073184967041016,0.08097659051418304,0.0786164402961731,0.08342690020799637,0.004810459911823273,0.9998992681503296,0.18605227768421173,0.0,0.1637641042470932,0.8362358808517456,417,0.1637641042470932
418,11,11,noise_sensitive_normal,,0.18818193674087524,0.06156496703624725,0.07855650037527084,0.07933750003576279,0.0007809996604919434,0.8118180632591248,0.2334074079990387,0.0,0.17226117849349976,0.8277388215065002,418,0.17226117849349976
419,11,12,lesion_candidate_preserved,,0.00469478964805603,0.11674930155277252,0.10530348867177963,0.1290397346019745,0.023736245930194855,0.9953051805496216,0.18003994226455688,0.0,0.21853730082511902,0.7814626693725586,419,0.21853730082511902
420,11,13,pseudo_anomaly_risk,,0.25267529487609863,0.06355003267526627,0.11408165097236633,0.0714007019996643,0.042680948972702026,0.7473247051239014,0.2493436336517334,0.0,0.19397425651550293,0.8060257434844971,420,0.19397425651550293
421,11,14,stable_normal,,0.0003045797348022461,0.07520956546068192,0.07592814415693283,0.07455666363239288,0.0013714805245399475,0.9996954202651978,0.18723557889461517,0.0,0.19555814564228058,0.8044418692588806,421,0.19555814564228058
422,11,15,stable_normal,,5.638599395751953e-05,0.07647126913070679,0.07696645706892014,0.07599008828401566,0.00097636878490448,0.9999436140060425,0.18693318963050842,0.0,0.18312136828899384,0.816878616809845,422,0.18312136828899384
423,11,16,lesion_candidate_preserved,,0.00591045618057251,0.08789730072021484,0.07768363505601883,0.09985531866550446,0.022171683609485626,0.9940895438194275,0.18591007590293884,0.0,0.16869837045669556,0.8313016295433044,423,0.16869837045669556
424,11,17,lesion_candidate_preserved,,0.025627344846725464,0.09233619272708893,0.07851015776395798,0.11335959285497665,0.03484943509101868,0.9743726253509521,0.18920490145683289,0.0,0.14518201351165771,0.8548179864883423,424,0.14518201351165771
425,11,18,lesion_candidate_preserved,,0.1519298255443573,0.09855370223522186,0.08606874197721481,0.16069535911083221,0.0746266171336174,0.8480701446533203,0.21623650193214417,0.0,0.20755590498447418,0.792444109916687,425,0.20755590498447418
426,11,19,lesion_candidate_preserved,,0.06950494647026062,0.10981694608926773,0.08715249598026276,0.15723887085914612,0.07008637487888336,0.930495023727417,0.1951373964548111,0.0,0.19168059527873993,0.8083193898200989,426,0.19168059527873993
427,11,20,stable_normal,,0.0001760721206665039,0.072211854159832,0.06685683876276016,0.07793889194726944,0.011082053184509277,0.9998239278793335,0.187803253531456,0.0,0.1603410840034485,0.8396589159965515,427,0.1603410840034485
428,11,21,stable_normal,,8.109211921691895e-05,0.07932499051094055,0.07792310416698456,0.08073766529560089,0.002814561128616333,0.9999189376831055,0.18637409806251526,0.0,0.18663470447063446,0.8133652806282043,428,0.18663470447063446
429,11,22,lesion_candidate_preserved,,0.06294384598731995,0.10630904138088226,0.06786645948886871,0.18937908113002777,0.12151262164115906,0.9370561838150024,0.19442372024059296,0.0,0.2635299861431122,0.7364699840545654,429,0.2635299861431122
430,11,23,stable_normal,,4.89652156829834e-05,0.07945779711008072,0.07911927253007889,0.07980554550886154,0.0006862729787826538,0.9999510049819946,0.18634112179279327,0.0,0.1214536726474762,0.8785463571548462,430,0.1214536726474762
431,11,24,noise_sensitive_normal,,0.3278583884239197,0.036233242601156235,0.07551678270101547,0.04673177748918533,0.02878500521183014,0.6721416115760803,0.2764701843261719,0.0,0.1414477676153183,0.8585522174835205,431,0.1414477676153183
432,11,25,lesion_candidate_preserved,,0.00022417306900024414,0.08442776650190353,0.0853402242064476,0.08355341851711273,0.0017868056893348694,0.9997758269309998,0.1853983998298645,0.0,0.14739523828029633,0.8526047468185425,432,0.14739523828029633
433,11,26,lesion_candidate_preserved,,0.0023047924041748047,0.0986555814743042,0.0910288542509079,0.1073480024933815,0.016319148242473602,0.9976952075958252,0.18304800987243652,0.0,0.18164807558059692,0.8183519244194031,433,0.18164807558059692
434,11,27,lesion_candidate_preserved,,0.00012981891632080078,0.08335734903812408,0.08228959143161774,0.08445683121681213,0.002167239785194397,0.9998701810836792,0.1855892539024353,0.0,0.1892542839050293,0.8107457160949707,434,0.1892542839050293
435,11,28,stable_normal,,0.0010550618171691895,0.06812044978141785,0.057044077664613724,0.0808883011341095,0.023844223469495773,0.9989449381828308,0.1888044774532318,0.0,0.16038359701633453,0.8396164178848267,435,0.16038359701633453
436,11,29,stable_normal,,0.0002765357494354248,0.07538310438394547,0.07317526638507843,0.07761745154857635,0.004442185163497925,0.9997234344482422,0.18719525635242462,0.0,0.19786781072616577,0.8021321892738342,436,0.19786781072616577
437,11,30,stable_normal,,3.960728645324707e-05,0.07955650240182877,0.07756465673446655,0.08158086240291595,0.004016205668449402,0.9999604225158691,0.18631964921951294,0.0,0.19449108839035034,0.8055089116096497,437,0.19449108839035034
438,11,31,noise_sensitive_normal,,0.17228907346725464,0.05244401842355728,0.07903552800416946,0.051676828414201736,0.027358699589967728,0.8277109265327454,0.23158559203147888,0.0,0.16548646986484528,0.8345135450363159,438,0.16548646986484528
439,11,32,noise_sensitive_normal,,0.11056938767433167,0.07726044207811356,0.08970247209072113,0.08566804230213165,0.0040344297885894775,0.8894306421279907,0.21123665571212769,0.0,0.1976279765367508,0.8023720383644104,439,0.1976279765367508
440,11,33,lesion_candidate_preserved,,0.0008909106254577637,0.08845968544483185,0.07400806248188019,0.1049274131655693,0.030919350683689117,0.9991090893745422,0.1847461462020874,0.0,0.19218555092811584,0.8078144788742065,440,0.19218555092811584
441,11,34,lesion_candidate_preserved,,0.00011011958122253418,0.08346075564622879,0.08629564940929413,0.08072348684072495,0.005572162568569183,0.9998898506164551,0.18556474149227142,0.0,0.20567530393600464,0.7943246960639954,441,0.20567530393600464
442,11,35,noise_sensitive_normal,,0.21256953477859497,0.06893511861562729,0.09769274294376373,0.07857666164636612,0.019116081297397614,0.787430465221405,0.23778291046619415,0.0,0.19899024069309235,0.8010097742080688,442,0.19899024069309235
443,11,36,stable_normal,,0.0049269795417785645,0.08150854706764221,0.09193585067987442,0.07248841971158981,0.019447430968284607,0.9950730204582214,0.18696489930152893,0.0,0.21060431003570557,0.7893956899642944,443,0.21060431003570557
444,12,0,stable_normal,,0.07022002339363098,0.03751344606280327,0.03951706364750862,0.04487244039773941,0.005355376750230789,0.9297800064086914,0.21051914989948273,0.0,0.20294052362442017,0.7970594763755798,444,0.20294052362442017
445,12,1,stable_normal,,0.06253290176391602,0.043191224336624146,0.028208410367369652,0.07133898138999939,0.04313056915998459,0.937467098236084,0.20753003656864166,0.0,0.12044620513916016,0.8795537948608398,445,0.12044620513916016
446,12,2,stable_normal,,0.02180609107017517,0.06270530819892883,0.051224127411842346,0.07950864732265472,0.028284519910812378,0.9781938791275024,0.19436362385749817,0.0,0.14562730491161346,0.8543726801872253,446,0.14562730491161346
447,12,3,stable_normal,,0.00019240379333496094,0.07232549786567688,0.07306189835071564,0.07164350152015686,0.0014183968305587769,0.999807596206665,0.1877841204404831,0.0,0.1956230252981186,0.8043769598007202,447,0.1956230252981186
448,12,4,stable_normal,,0.00023889541625976562,0.07973724603652954,0.08141477406024933,0.07813949137926102,0.0032752826809883118,0.9997611045837402,0.18632596731185913,0.0,0.17630119621753693,0.8236988186836243,448,0.17630119621753693
449,12,5,stable_normal,,0.03677809238433838,0.047541599720716476,0.036333054304122925,0.07316836714744568,0.036835312843322754,0.9632219076156616,0.20079362392425537,0.0,0.18698915839195251,0.8130108118057251,449,0.18698915839195251
450,12,6,stable_normal,,0.00011664628982543945,0.07756029069423676,0.07566952705383301,0.0795011967420578,0.0038316696882247925,0.9998833537101746,0.18673041462898254,0.0,0.18892931938171387,0.8110706806182861,450,0.18892931938171387
451,12,7,pseudo_anomaly_risk,,0.24792009592056274,0.030167564749717712,0.0716172605752945,0.022905398160219193,0.0487118624150753,0.7520799040794373,0.2563084363937378,0.0,0.20952916145324707,0.7904708385467529,451,0.20952916145324707
452,12,8,stable_normal,,0.0004297494888305664,0.07784295827150345,0.07099670171737671,0.08518946915864944,0.014192767441272736,0.9995702505111694,0.18674059212207794,0.0,0.13158492743968964,0.8684150576591492,452,0.13158492743968964
453,12,9,stable_normal,,0.00019872188568115234,0.07797268033027649,0.07709377259016037,0.07888007164001465,0.0017862990498542786,0.9998012781143188,0.18666617572307587,0.0,0.11172094941139221,0.8882790803909302,453,0.11172094941139221
454,12,10,stable_normal,,0.00015163421630859375,0.07868625968694687,0.0799347460269928,0.07746795564889908,0.0024667903780937195,0.9998483657836914,0.1865151971578598,0.0,0.13881206512451172,0.8611879348754883,454,0.13881206512451172
455,12,11,lesion_candidate_preserved,,0.0029524564743041992,0.08583861589431763,0.08130650222301483,0.0911223366856575,0.00981583446264267,0.9970475435256958,0.18569375574588776,0.0,0.17839200794696808,0.8216080069541931,455,0.17839200794696808
456,12,12,pseudo_anomaly_risk,,0.20506125688552856,0.03707253932952881,0.07230503112077713,0.031159257516264915,0.041145771741867065,0.7949387431144714,0.24345900118350983,0.0,0.21591734886169434,0.7840826511383057,456,0.21591734886169434
457,12,13,stable_normal,,0.07489371299743652,0.07961543649435043,0.08287426829338074,0.09117567539215088,0.008301407098770142,0.9251062870025635,0.20259715616703033,0.0,0.19542279839515686,0.8045772314071655,457,0.19542279839515686
458,12,14,lesion_candidate_preserved,,0.002000659704208374,0.08255338668823242,0.07715458422899246,0.08839593827724457,0.011241354048252106,0.9979993104934692,0.18614117801189423,0.0,0.1352279782295227,0.8647720217704773,458,0.1352279782295227
459,12,15,stable_normal,,0.016404807567596436,0.044874176383018494,0.07383929938077927,0.026404567062854767,0.0474347323179245,0.9835951924324036,0.19683662056922913,0.0,0.175359845161438,0.824640154838562,459,0.175359845161438
460,12,16,stable_normal,,0.00014656782150268555,0.07856135070323944,0.07651486992835999,0.08063862472772598,0.004123754799365997,0.9998534321784973,0.18653880059719086,0.0,0.14704018831253052,0.8529598116874695,460,0.14704018831253052
461,12,17,lesion_candidate_preserved,,0.00018644332885742188,0.09112914651632309,0.08864440023899078,0.09367253631353378,0.005028136074542999,0.9998135566711426,0.18407590687274933,0.0,0.1530941128730774,0.8469058871269226,461,0.1530941128730774
462,12,18,noise_sensitive_normal,,0.20843559503555298,0.07079806923866272,0.08706092834472656,0.0975750982761383,0.010514169931411743,0.791564404964447,0.23630493879318237,0.0,0.20258839428424835,0.7974116206169128,462,0.20258839428424835
463,12,19,stable_normal,,7.450580596923828e-05,0.07957323640584946,0.07739700376987457,0.08179197460412979,0.0043949708342552185,0.9999254941940308,0.18632371723651886,0.0,0.1875307857990265,0.8124692440032959,463,0.1875307857990265
464,12,20,lesion_candidate_preserved,,0.014627665281295776,0.08847196400165558,0.07543309777975082,0.10557110607624054,0.030138008296489716,0.9853723049163818,0.18763667345046997,0.0,0.12680958211421967,0.8731904029846191,464,0.12680958211421967
465,12,21,stable_normal,,0.00015428662300109863,0.07687614113092422,0.07868430018424988,0.07519276440143585,0.003491535782814026,0.9998457431793213,0.18687371909618378,0.0,0.18234758079051971,0.8176524043083191,465,0.18234758079051971
466,12,22,lesion_candidate_preserved,,6.67870044708252e-05,0.08400152623653412,0.08190231770277023,0.08614158630371094,0.004239268600940704,0.9999332427978516,0.18544922769069672,0.0,0.1959192305803299,0.8040807843208313,466,0.1959192305803299
467,12,23,stable_normal,,0.0012108683586120605,0.07122142612934113,0.07833309471607208,0.06476716697216034,0.013565927743911743,0.9987891316413879,0.18821975588798523,0.0,0.16231685876846313,0.8376831412315369,467,0.16231685876846313
468,12,24,stable_normal,,9.375810623168945e-05,0.07951705902814865,0.07672898471355438,0.08237399905920029,0.0056450143456459045,0.9999062418937683,0.1863388568162918,0.0,0.16145284473896027,0.8385471701622009,468,0.16145284473896027
469,12,25,lesion_candidate_preserved,,0.0015847086906433105,0.08846382051706314,0.09384667128324509,0.08360378444194794,0.01024288684129715,0.9984152913093567,0.18489062786102295,0.0,0.13196060061454773,0.8680393695831299,469,0.13196060061454773
470,12,26,lesion_candidate_preserved,,0.14130127429962158,0.08312873542308807,0.11923311650753021,0.0800526887178421,0.03918042778968811,0.8586987257003784,0.21713916957378387,0.0,0.17747220396995544,0.8225277662277222,470,0.17747220396995544
471,12,27,noise_sensitive_normal,,0.2656131386756897,0.05194380506873131,0.08444768935441971,0.06179178133606911,0.0226559080183506,0.7343868613243103,0.25559017062187195,0.0,0.17453935742378235,0.82546067237854,471,0.17453935742378235
472,12,28,stable_normal,,0.0005871355533599854,0.07884270697832108,0.0695284754037857,0.08910265564918518,0.019574180245399475,0.9994128942489624,0.18657612800598145,0.0,0.09364531189203262,0.9063546657562256,472,0.09364531189203262
473,12,29,pseudo_anomaly_risk,,0.4533218741416931,0.042270779609680176,0.03710704669356346,0.07532612234354019,0.03821907564997673,0.5466781258583069,0.3109845817089081,0.0,0.23269477486610413,0.7673052549362183,473,0.23269477486610413
474,12,30,noise_sensitive_normal,,0.35367122292518616,0.04961329698562622,0.0537995845079422,0.07853944599628448,0.024739861488342285,0.6463288068771362,0.28017595410346985,0.0,0.2339194416999817,0.7660805583000183,474,0.2339194416999817
475,12,31,pseudo_anomaly_risk,,0.27893608808517456,0.03010580874979496,0.0877189114689827,0.018454493954777718,0.06926441937685013,0.7210639119148254,0.26462727785110474,0.0,0.19046775996685028,0.8095322251319885,475,0.19046775996685028
476,12,32,pseudo_anomaly_risk,,0.20488423109054565,0.05305088683962822,0.09309103339910507,0.04804034158587456,0.045050691813230515,0.7951157689094543,0.23960140347480774,0.0,0.14447639882564545,0.8555235862731934,476,0.14447639882564545
477,12,33,lesion_candidate_preserved,,0.0018311738967895508,0.0889885276556015,0.0892590656876564,0.08906301856040955,0.0001960471272468567,0.9981688261032104,0.18483923375606537,0.0,0.19492864608764648,0.8050713539123535,477,0.19492864608764648
478,12,34,pseudo_anomaly_risk,,0.24539390206336975,0.0633053258061409,0.06141502037644386,0.11115637421607971,0.04974135383963585,0.7546061277389526,0.2475135326385498,0.0,0.19860932230949402,0.8013906478881836,478,0.19860932230949402
479,12,35,pseudo_anomaly_risk,,0.12239980697631836,0.04636751487851143,0.03457782790064812,0.0802578330039978,0.045680005103349686,0.8776001930236816,0.2208351343870163,0.0,0.1758897453546524,0.8241102695465088,479,0.1758897453546524
480,12,36,stable_normal,,0.019149422645568848,0.056101150810718536,0.09403383731842041,0.0291637871414423,0.06487005203962326,0.9808505773544312,0.1951334923505783,0.0,0.21875791251659393,0.7812420725822449,480,0.21875791251659393
481,13,0,pseudo_anomaly_risk,,0.1141529381275177,0.04101536050438881,0.07097940146923065,0.02318006381392479,0.04779933765530586,0.8858470916748047,0.22006332874298096,0.0,0.22080306708812714,0.7791969180107117,481,0.22080306708812714
482,13,1,noise_sensitive_normal,,0.22286075353622437,0.037242524325847626,0.06700436770915985,0.03851807862520218,0.028486289083957672,0.7771392464637756,0.248003289103508,0.0,0.1817907989025116,0.818209171295166,482,0.1817907989025116
483,13,2,stable_normal,,0.017918884754180908,0.06196517497301102,0.049524273723363876,0.07923011481761932,0.029705841094255447,0.9820811152458191,0.19366948306560516,0.0,0.1458021104335785,0.8541978597640991,483,0.1458021104335785
484,13,3,stable_normal,,0.0007899105548858643,0.07702481746673584,0.06482730060815811,0.09100575000047684,0.026178449392318726,0.9992101192474365,0.1869785636663437,0.0,0.17840604484081268,0.8215939402580261,484,0.17840604484081268
485,13,4,stable_normal,,0.01054924726486206,0.02760620415210724,0.03652474656701088,0.020228145644068718,0.01629660092294216,0.9894507527351379,0.1991155445575714,0.0,0.20126518607139587,0.7987347841262817,485,0.20126518607139587
486,13,5,stable_normal,,0.03354501724243164,0.05719446390867233,0.04287910833954811,0.0795571357011795,0.03667802736163139,0.9664549827575684,0.19806885719299316,0.0,0.16453541815280914,0.835464596748352,486,0.16453541815280914
487,13,6,lesion_candidate_preserved,,0.001265794038772583,0.08290757238864899,0.07467164099216461,0.09186330437660217,0.01719166338443756,0.9987342357635498,0.18591666221618652,0.0,0.18143272399902344,0.8185672760009766,487,0.18143272399902344
488,13,7,stable_normal,,9.992718696594238e-05,0.07462244480848312,0.07129521667957306,0.07806063443422318,0.006765417754650116,0.9999001026153564,0.1873086839914322,0.0,0.1831030696630478,0.816896915435791,488,0.1831030696630478
489,13,8,stable_normal,,0.0003516972064971924,0.07702921330928802,0.07221817225217819,0.08205274492502213,0.009834572672843933,0.9996483325958252,0.18688513338565826,0.0,0.10809264332056046,0.8919073343276978,489,0.10809264332056046
490,13,9,stable_normal,,0.00025713443756103516,0.08131616562604904,0.0788467675447464,0.08385711163282394,0.005010344088077545,0.999742865562439,0.1860182136297226,0.0,0.12983490526676178,0.8701651096343994,490,0.12983490526676178
491,13,10,stable_normal,,0.0001284480094909668,0.07842041552066803,0.08009950816631317,0.07678515464067459,0.0033143535256385803,0.999871551990509,0.18656285107135773,0.0,0.14019429683685303,0.859805703163147,491,0.14019429683685303
492,13,11,lesion_candidate_preserved,,0.0020832419395446777,0.08239209651947021,0.0820632204413414,0.08310853689908981,0.001045316457748413,0.9979167580604553,0.1861903965473175,0.0,0.14825935661792755,0.8517406582832336,492,0.14825935661792755
493,13,12,noise_sensitive_normal,,0.11372554302215576,0.06927182525396347,0.08350884914398193,0.07561037689447403,0.007898472249507904,0.8862744569778442,0.21371173858642578,0.0,0.20724830031394958,0.792751669883728,493,0.20724830031394958
494,13,13,noise_sensitive_normal,,0.2273484468460083,0.06775414943695068,0.08162843436002731,0.10253045707941055,0.02090202271938324,0.7726515531539917,0.24180778861045837,0.0,0.22627440094947815,0.7737256288528442,494,0.22627440094947815
495,13,14,stable_normal,,0.00017151236534118652,0.08084580302238464,0.08149305731058121,0.08023173362016678,0.0012613236904144287,0.9998284578323364,0.18609297275543213,0.0,0.1952727884054184,0.8047271966934204,495,0.1952727884054184
496,13,15,stable_normal,,7.18235969543457e-05,0.0776226744055748,0.07683427631855011,0.07842693477869034,0.0015926584601402283,0.9999281764030457,0.18670862913131714,0.0,0.13389718532562256,0.8661028146743774,496,0.13389718532562256
497,13,16,stable_normal,,0.00014579296112060547,0.08097665756940842,0.0785582885146141,0.0834716260433197,0.004913337528705597,0.9998542070388794,0.18606172502040863,0.0,0.19890765845775604,0.8010923266410828,497,0.19890765845775604
498,13,17,lesion_candidate_preserved,,0.0018232762813568115,0.08450204879045486,0.08680479973554611,0.0825536698102951,0.004251129925251007,0.9981766939163208,0.18571969866752625,0.0,0.17624899744987488,0.8237509727478027,498,0.17624899744987488
499,13,18,lesion_candidate_preserved,,0.010352611541748047,0.0830412432551384,0.08789856731891632,0.08017408102750778,0.007724486291408539,0.989647388458252,0.18780922889709473,0.0,0.15255358815193176,0.8474464416503906,499,0.15255358815193176
500,13,19,lesion_candidate_preserved,,0.011779934167861938,0.09483116865158081,0.08127770572900772,0.11207744479179382,0.030799739062786102,0.9882200956344604,0.1857779324054718,0.0,0.18878915905952454,0.8112108707427979,500,0.18878915905952454
501,13,20,lesion_candidate_preserved,,0.001779705286026001,0.0849006325006485,0.08802764117717743,0.08208511769771576,0.00594252347946167,0.9982203245162964,0.18563203513622284,0.0,0.1252019852399826,0.8747979998588562,501,0.1252019852399826
502,13,21,lesion_candidate_preserved,,0.0022365152835845947,0.0851372480392456,0.0912221223115921,0.07959938049316406,0.01162274181842804,0.9977635145187378,0.18568144738674164,0.0,0.14117665588855743,0.8588233590126038,502,0.14117665588855743
503,13,22,stable_normal,,0.0006289780139923096,0.07926928997039795,0.08537540584802628,0.07368188351392746,0.011693522334098816,0.9993710517883301,0.1865006387233734,0.0,0.1874072253704071,0.8125927448272705,503,0.1874072253704071
504,13,23,lesion_candidate_preserved,,0.0009195208549499512,0.08734239637851715,0.08321526646614075,0.0917263850569725,0.008511118590831757,0.99908047914505,0.184971421957016,0.0,0.1858159899711609,0.8141840100288391,504,0.1858159899711609
505,13,24,lesion_candidate_preserved,,0.0004609525203704834,0.08765513449907303,0.08620940893888474,0.08917150646448135,0.0029620975255966187,0.9995390176773071,0.1848139762878418,0.0,0.18775038421154022,0.8122496008872986,505,0.18775038421154022
506,13,25,stable_normal,,0.10881716012954712,0.040206536650657654,0.07791812717914581,0.022914156317710876,0.055003970861434937,0.8911828398704529,0.21897315979003906,0.0,0.2262863665819168,0.7737136483192444,506,0.2262863665819168
507,13,26,lesion_candidate_preserved,,0.023040056228637695,0.12703029811382294,0.1495291292667389,0.10401082038879395,0.045518308877944946,0.9769599437713623,0.18183422088623047,0.0,0.255648672580719,0.744351327419281,507,0.255648672580719
508,13,27,stable_normal,,4.4345855712890625e-05,0.07894027233123779,0.07682667672634125,0.08111266046762466,0.004285983741283417,0.9999556541442871,0.18644236028194427,0.0,0.1287846714258194,0.8712153434753418,508,0.1287846714258194
509,13,28,stable_normal,,0.00026667118072509766,0.07296359539031982,0.06644338369369507,0.08000101894140244,0.013557635247707367,0.9997333288192749,0.18767312169075012,0.0,0.13683894276618958,0.8631610870361328,509,0.13683894276618958
510,13,29,pseudo_anomaly_risk,,0.4343067705631256,0.04806359112262726,0.04155857115983963,0.082389235496521,0.040830664336681366,0.5656932592391968,0.30375194549560547,0.0,0.24178524315357208,0.7582147717475891,510,0.24178524315357208
511,13,30,lesion_candidate_preserved,,0.005402237176895142,0.08578498661518097,0.07107146829366684,0.10333611071109772,0.03226464241743088,0.9945977926254272,0.18621976673603058,0.0,0.18577498197555542,0.8142250180244446,511,0.18577498197555542
512,13,31,lesion_candidate_preserved,,0.0003033876419067383,0.08563170582056046,0.08850152790546417,0.08286004513502121,0.005641482770442963,0.9996966123580933,0.18517830967903137,0.0,0.16845105588436127,0.8315489292144775,512,0.16845105588436127
513,13,32,lesion_candidate_preserved,,0.00122871994972229,0.09936241805553436,0.09478962421417236,0.10430100560188293,0.009511381387710571,0.9987713098526001,0.1826869696378708,0.0,0.1807057112455368,0.819294273853302,513,0.1807057112455368
514,13,33,noise_sensitive_normal,,0.24538996815681458,0.05188000574707985,0.08920691907405853,0.0522674061357975,0.03693951293826103,0.7546100616455078,0.25029456615448,0.0,0.19285407662391663,0.8071459531784058,514,0.19285407662391663
515,13,34,noise_sensitive_normal,,0.31831109523773193,0.05147894099354744,0.06968531757593155,0.09107797592878342,0.021392658352851868,0.6816889047622681,0.2698928713798523,0.0,0.19710604846477509,0.8028939366340637,515,0.19710604846477509
516,13,35,stable_normal,,0.005762457847595215,0.03181147575378418,0.03182274103164673,0.03244071453809738,0.0006179735064506531,0.9942375421524048,0.19718816876411438,0.0,0.20123018324375153,0.7987698316574097,516,0.20123018324375153
517,13,36,stable_normal,,0.086758553981781,0.039921604096889496,0.03582259640097618,0.0619252510368824,0.02610265463590622,0.913241446018219,0.21383725106716156,0.0,0.20202460885047913,0.7979754209518433,517,0.20202460885047913
518,14,0,stable_normal,,0.08901768922805786,0.04017765820026398,0.0710178092122078,0.024291858077049255,0.04672595113515854,0.9109823107719421,0.2143094539642334,0.0,0.1479768007993698,0.852023184299469,518,0.1479768007993698
519,14,1,stable_normal,,0.015993595123291016,0.048934221267700195,0.0714883878827095,0.031612198799848557,0.03987618908286095,0.984006404876709,0.19591186940670013,0.0,0.19102156162261963,0.8089784383773804,519,0.19102156162261963
520,14,2,stable_normal,,0.00012636184692382812,0.08147192746400833,0.07754480093717575,0.08560029417276382,0.008055493235588074,0.9998736381530762,0.18595996499061584,0.0,0.1740974485874176,0.8259025812149048,520,0.1740974485874176
521,14,3,stable_normal,,0.07674568891525269,0.05321478843688965,0.04924722760915756,0.07322947680950165,0.023982249200344086,0.9232543110847473,0.2086338996887207,0.0,0.21693731844425201,0.7830626964569092,521,0.21693731844425201
522,14,4,stable_normal,,0.008250325918197632,0.04618188366293907,0.06077347323298454,0.034772839397192,0.02600063383579254,0.99174964427948,0.19478368759155273,0.0,0.20456773042678833,0.7954322695732117,522,0.20456773042678833
523,14,5,stable_normal,,0.006718754768371582,0.06006747856736183,0.07304346561431885,0.05009306222200394,0.02295040339231491,0.9932812452316284,0.1916327029466629,0.0,0.19806814193725586,0.8019318580627441,523,0.19806814193725586
524,14,6,pseudo_anomaly_risk,,0.2660752534866333,0.03497277572751045,0.0276852548122406,0.08103438466787338,0.05334912985563278,0.7339247465133667,0.25994205474853516,0.0,0.23366591334342957,0.766334056854248,524,0.23366591334342957
525,14,7,stable_normal,,0.00018537044525146484,0.07281413674354553,0.07065457105636597,0.07504452764987946,0.004389956593513489,0.9998146295547485,0.18768560886383057,0.0,0.1250557154417038,0.874944269657135,525,0.1250557154417038
526,14,8,stable_normal,,9.530782699584961e-05,0.07838483154773712,0.07608209550380707,0.08072467893362045,0.004642583429813385,0.9999046921730042,0.18656288087368011,0.0,0.12975579500198364,0.8702442049980164,526,0.12975579500198364
527,14,9,stable_normal,,0.00014725327491760254,0.07655401527881622,0.07328643649816513,0.07993197441101074,0.006645537912845612,0.9998527765274048,0.18693600594997406,0.0,0.17659765481948853,0.8234023451805115,527,0.17659765481948853
528,14,10,stable_normal,,6.181001663208008e-05,0.07923883944749832,0.07963646948337555,0.07885635644197464,0.0007801130414009094,0.9999381899833679,0.1863870620727539,0.0,0.13535885512828827,0.8646411299705505,528,0.13535885512828827
529,14,11,lesion_candidate_preserved,,0.029649794101715088,0.10684812068939209,0.10196315497159958,0.11650706827640533,0.014543913304805756,0.9703502058982849,0.18717138469219208,0.0,0.21304599940776825,0.7869539856910706,529,0.21304599940776825
530,14,12,stable_normal,,0.014279723167419434,0.05682056024670601,0.08922811597585678,0.036621302366256714,0.05260681360960007,0.9857202768325806,0.193926140666008,0.0,0.209422305226326,0.7905777096748352,530,0.209422305226326
531,14,13,lesion_candidate_preserved,,0.012798100709915161,0.08355938643217087,0.07090775668621063,0.10236451774835587,0.03145676106214523,0.9872019290924072,0.18822512030601501,0.0,0.19666722416877747,0.8033328056335449,531,0.19666722416877747
532,14,14,noise_sensitive_normal,,0.16118329763412476,0.06580207496881485,0.0894741341471672,0.07362065464258194,0.015853479504585266,0.8388167023658752,0.22579409182071686,0.0,0.17624717950820923,0.8237528204917908,532,0.17624717950820923
533,14,15,pseudo_anomaly_risk,,0.2766594886779785,0.032511238008737564,0.083702452480793,0.02562444470822811,0.05807800590991974,0.7233405113220215,0.26340365409851074,0.0,0.18666891753673553,0.8133310675621033,533,0.18666891753673553
534,14,16,stable_normal,,0.00956830382347107,0.057564374059438705,0.07768639177083969,0.04205694422125816,0.03562944754958153,0.9904316663742065,0.19275376200675964,0.0,0.18658486008644104,0.8134151697158813,534,0.18658486008644104
535,14,17,lesion_candidate_preserved,,0.0023922324180603027,0.09661827236413956,0.08802874386310577,0.10638073086738586,0.01835198700428009,0.9976077675819397,0.18346336483955383,0.0,0.1451546996831894,0.8548452854156494,535,0.1451546996831894
536,14,18,stable_normal,,0.05795711278915405,0.03863400220870972,0.050122134387493134,0.03317221626639366,0.016949918121099472,0.942042887210846,0.20746026933193207,0.0,0.2107301503419876,0.7892698645591736,536,0.2107301503419876
537,14,19,lesion_candidate_preserved,,0.0007704496383666992,0.10048285871744156,0.0875566303730011,0.11499331146478653,0.02743668109178543,0.9992295503616333,0.18237414956092834,0.0,0.2147037833929062,0.7852962017059326,537,0.2147037833929062
538,14,20,lesion_candidate_preserved,,0.00023806095123291016,0.08251543343067169,0.08337373286485672,0.08168923854827881,0.0016844943165779114,0.9997619390487671,0.18577779829502106,0.0,0.12804245948791504,0.871957540512085,538,0.12804245948791504
539,14,21,lesion_candidate_preserved,,0.0030827224254608154,0.10486967861652374,0.09608490020036697,0.11497611552476883,0.018891215324401855,0.9969172477722168,0.18200168013572693,0.0,0.21782441437244415,0.782175600528717,539,0.21782441437244415
540,14,22,lesion_candidate_preserved,,0.06661909818649292,0.12002208083868027,0.051869314163923264,0.23021149635314941,0.17834217846393585,0.9333809018135071,0.19243410229682922,0.0,0.27091893553733826,0.7290810346603394,540,0.27091893553733826
541,14,23,lesion_candidate_preserved,,0.1800031065940857,0.09316685795783997,0.09531454741954803,0.13740842044353485,0.042093873023986816,0.8199968934059143,0.22414033114910126,0.0,0.21897496283054352,0.7810250520706177,541,0.21897496283054352
542,14,24,lesion_candidate_preserved,,0.00014823675155639648,0.08861564844846725,0.08894838392734528,0.0883132815361023,0.000635102391242981,0.9998517632484436,0.1845601350069046,0.0,0.1748007982969284,0.8251991868019104,542,0.1748007982969284
543,14,25,stable_normal,,0.0327572226524353,0.06952128559350967,0.03129520267248154,0.13729801774024963,0.1060028150677681,0.9672427773475647,0.19535881280899048,0.0,0.23267287015914917,0.7673271298408508,543,0.23267287015914917
544,14,26,lesion_candidate_preserved,,0.006331205368041992,0.08788111805915833,0.09639883041381836,0.08107291162014008,0.015325918793678284,0.993668794631958,0.18600177764892578,0.0,0.12580402195453644,0.8741959929466248,544,0.12580402195453644
545,14,27,stable_normal,,0.0008490681648254395,0.06977806985378265,0.05952157825231552,0.08142159134149551,0.021900013089179993,0.9991509318351746,0.18843024969100952,0.0,0.15135785937309265,0.848642110824585,545,0.15135785937309265
546,14,28,stable_normal,,0.001309216022491455,0.06675669550895691,0.05527530610561371,0.08002463728189468,0.024749331176280975,0.9986907839775085,0.18913087248802185,0.0,0.1719832867383957,0.8280166983604431,546,0.1719832867383957
547,14,29,lesion_candidate_preserved,,0.15989524126052856,0.11486753076314926,0.09081239998340607,0.20065981149673462,0.10984741151332855,0.8401047587394714,0.21451659500598907,0.0,0.23270802199840546,0.7672919631004333,547,0.23270802199840546
548,14,30,noise_sensitive_normal,,0.1484159529209137,0.06927788257598877,0.07935172319412231,0.08817008882761002,0.008818365633487701,0.8515840768814087,0.22192436456680298,0.0,0.17304430902004242,0.8269556760787964,548,0.17304430902004242
549,14,31,lesion_candidate_preserved,,0.20984888076782227,0.08329696208238602,0.08524543792009354,0.13753145933151245,0.052286021411418915,0.7901511192321777,0.23373126983642578,0.0,0.20385369658470154,0.7961462736129761,549,0.20385369658470154
550,14,32,stable_normal,,6.592273712158203e-05,0.08027353882789612,0.07864397019147873,0.08192844688892365,0.0032844766974449158,0.9999340772628784,0.1861836463212967,0.0,0.1715753674507141,0.8284246325492859,550,0.1715753674507141
551,14,33,stable_normal,,0.0001366734504699707,0.07460388541221619,0.07196847349405289,0.07731270045042038,0.005344226956367493,0.99986332654953,0.18732014298439026,0.0,0.15041467547416687,0.8495852947235107,551,0.15041467547416687
552,14,34,stable_normal,,0.0004045069217681885,0.07722337543964386,0.07108456641435623,0.08373208343982697,0.012647517025470734,0.9995955228805542,0.18685786426067352,0.0,0.15658913552761078,0.843410849571228,552,0.15658913552761078
553,14,35,pseudo_anomaly_risk,,0.19211310148239136,0.05742771178483963,0.0971502959728241,0.04720677062869072,0.04994352534413338,0.8078868985176086,0.23535485565662384,0.0,0.1957472711801529,0.8042527437210083,553,0.1957472711801529
554,14,36,stable_normal,,0.011184513568878174,0.039339207112789154,0.03335857391357422,0.04877461493015289,0.015416041016578674,0.9888154864311218,0.19682925939559937,0.0,0.1805451661348343,0.8194548487663269,554,0.1805451661348343
555,15,0,stable_normal,,0.08636683225631714,0.030255047604441643,0.011348032392561436,0.07018131762742996,0.0588332861661911,0.9136331677436829,0.21586933732032776,0.0,0.19399425387382507,0.8060057163238525,555,0.19399425387382507
556,15,1,stable_normal,,0.0006302297115325928,0.06083754450082779,0.05275151506066322,0.06979281455278397,0.017041299492120743,0.999369740486145,0.19017067551612854,0.0,0.13619399070739746,0.8638060092926025,556,0.13619399070739746
557,15,2,stable_normal,,0.00011336803436279297,0.07491504400968552,0.07104531675577164,0.07893340289592743,0.007888086140155792,0.9998866319656372,0.18725351989269257,0.0,0.1419764757156372,0.8580235242843628,557,0.1419764757156372
558,15,3,stable_normal,,0.0010498762130737305,0.07805784791707993,0.07790631055831909,0.07839253544807434,0.000486224889755249,0.9989501237869263,0.18682900071144104,0.0,0.19409482181072235,0.8059051632881165,558,0.19409482181072235
559,15,4,pseudo_anomaly_risk,,0.14306923747062683,0.03965406492352486,0.031243547797203064,0.07265157252550125,0.04140802472829819,0.8569307327270508,0.22735033929347992,0.0,0.1942896842956543,0.8057103157043457,559,0.1942896842956543
560,15,5,stable_normal,,0.020740509033203125,0.04170546680688858,0.05794483423233032,0.030286220833659172,0.02765861339867115,0.9792594909667969,0.19844672083854675,0.0,0.21451622247695923,0.7854837775230408,560,0.21451622247695923
561,15,6,stable_normal,,0.04717910289764404,0.05588946491479874,0.0441148467361927,0.078163743019104,0.0340488962829113,0.952820897102356,0.2013692855834961,0.0,0.1645670235157013,0.8354330062866211,561,0.1645670235157013
562,15,7,stable_normal,,0.0003307461738586426,0.07289943844079971,0.0710257738828659,0.07484636455774307,0.0038205906748771667,0.9996692538261414,0.18769946694374084,0.0,0.13718877732753754,0.8628112077713013,562,0.13718877732753754
563,15,8,stable_normal,,0.0013205409049987793,0.07185821980237961,0.06453060358762741,0.0798289030790329,0.015298299491405487,0.9986794590950012,0.18811632692813873,0.0,0.18473583459854126,0.8152641654014587,563,0.18473583459854126
564,15,9,stable_normal,,0.00014662742614746094,0.07442572712898254,0.07393170148134232,0.07494483143091202,0.0010131299495697021,0.9998533725738525,0.187357559800148,0.0,0.10497094690799713,0.8950290679931641,564,0.10497094690799713
565,15,10,stable_normal,,8.434057235717773e-05,0.08028275519609451,0.08075762540102005,0.07982664555311203,0.00093097984790802,0.9999156594276428,0.18618571758270264,0.0,0.13255396485328674,0.8674460649490356,565,0.13255396485328674
566,15,11,stable_normal,,0.005858659744262695,0.0812254399061203,0.0696873739361763,0.09400888532400131,0.024321511387825012,0.9941413402557373,0.18721795082092285,0.0,0.16825737059116364,0.8317426443099976,566,0.16825737059116364
567,15,12,stable_normal,,0.012934267520904541,0.06016336381435394,0.08870010823011398,0.041528187692165375,0.04717192053794861,0.9870657324790955,0.19295504689216614,0.0,0.19241060316562653,0.8075894117355347,567,0.19241060316562653
568,15,13,stable_normal,,0.0008882582187652588,0.08079461008310318,0.0813208669424057,0.08042033761739731,0.0009005293250083923,0.9991117715835571,0.18625399470329285,0.0,0.1463005542755127,0.8536994457244873,568,0.1463005542755127
569,15,14,stable_normal,,0.04536569118499756,0.08094356209039688,0.07045280933380127,0.10543897747993469,0.03498616814613342,0.9546343088150024,0.19577524065971375,0.0,0.22452427446842194,0.7754757404327393,569,0.22452427446842194
570,15,15,stable_normal,,9.143352508544922e-05,0.07816831767559052,0.07855082303285599,0.0778031274676323,0.0007476955652236938,0.9999085664749146,0.18660487234592438,0.0,0.09407161176204681,0.905928373336792,570,0.09407161176204681
571,15,16,stable_normal,,0.00011244416236877441,0.07518438994884491,0.07466741651296616,0.07572618126869202,0.0010587647557258606,0.9998875856399536,0.18719995021820068,0.0,0.1818317025899887,0.8181682825088501,571,0.1818317025899887
572,15,17,lesion_candidate_preserved,,0.003991127014160156,0.08813921362161636,0.07792135328054428,0.0998370349407196,0.021915681660175323,0.9960088729858398,0.18545907735824585,0.0,0.16366063058376312,0.8363393545150757,572,0.16366063058376312
573,15,18,lesion_candidate_preserved,,0.0009264945983886719,0.08960568159818649,0.08688565343618393,0.09258197247982025,0.005696319043636322,0.9990735054016113,0.1845288723707199,0.0,0.12056932598352432,0.8794306516647339,573,0.12056932598352432
574,15,19,lesion_candidate_preserved,,0.04608529806137085,0.15323562920093536,0.09465096145868301,0.26505276560783386,0.17040181159973145,0.9539147019386292,0.18152174353599548,0.0,0.2986854910850525,0.7013145089149475,574,0.2986854910850525
575,15,20,lesion_candidate_preserved,,0.034087419509887695,0.10879868268966675,0.09372477978467941,0.1345904916524887,0.040865711867809296,0.9659125804901123,0.18772384524345398,0.0,0.19921988248825073,0.8007801175117493,575,0.19921988248825073
576,15,21,lesion_candidate_preserved,,0.0029767751693725586,0.08826706558465958,0.09343750029802322,0.08369018137454987,0.009747318923473358,0.9970232248306274,0.18522104620933533,0.0,0.11776730418205261,0.882232666015625,576,0.11776730418205261
577,15,22,lesion_candidate_preserved,,0.001644730567932129,0.08593591302633286,0.09010525047779083,0.0820893794298172,0.008015871047973633,0.9983552694320679,0.18539993464946747,0.0,0.11628744751214981,0.8837125301361084,577,0.11628744751214981
578,15,23,lesion_candidate_preserved,,5.5730342864990234e-05,0.082923524081707,0.08147350698709488,0.08442141115665436,0.0029479041695594788,0.999944269657135,0.18565911054611206,0.0,0.18634070456027985,0.8136593103408813,578,0.18634070456027985
579,15,24,lesion_candidate_preserved,,0.00947880744934082,0.09878509491682053,0.08435343205928802,0.11705602705478668,0.03270259499549866,0.9905211925506592,0.1845184564590454,0.0,0.186265230178833,0.813734769821167,579,0.186265230178833
580,15,25,lesion_candidate_preserved,,0.0004144906997680664,0.09816458076238632,0.09737589955329895,0.09903436154127121,0.0016584619879722595,0.9995855093002319,0.18275094032287598,0.0,0.20103180408477783,0.7989681959152222,580,0.20103180408477783
581,15,26,lesion_candidate_preserved,,0.011979520320892334,0.11586424708366394,0.09926166385412216,0.1376374512910843,0.03837578743696213,0.9880204796791077,0.1817108541727066,0.0,0.21107861399650574,0.7889213562011719,581,0.21107861399650574
582,15,27,lesion_candidate_preserved,,0.0013229548931121826,0.08427108079195023,0.089191734790802,0.07968232780694962,0.009509406983852386,0.9986770153045654,0.18566003441810608,0.0,0.11794830858707428,0.8820517063140869,582,0.11794830858707428
583,15,28,lesion_candidate_preserved,,0.002153933048248291,0.08438006788492203,0.08946870267391205,0.07975999265909195,0.009708710014820099,0.9978460669517517,0.18581324815750122,0.0,0.09885737299919128,0.9011425971984863,583,0.09885737299919128
584,15,29,lesion_candidate_preserved,,5.3942203521728516e-05,0.08676688373088837,0.08767934143543243,0.08588358759880066,0.001795753836631775,0.9999460577964783,0.1849030703306198,0.0,0.1938343644142151,0.8061656355857849,584,0.1938343644142151
585,15,30,lesion_candidate_preserved,,0.0001589059829711914,0.08380426466464996,0.08173059672117233,0.08589644730091095,0.004165850579738617,0.9998410940170288,0.1855074167251587,0.0,0.16863791644573212,0.8313620686531067,585,0.16863791644573212
586,15,31,lesion_candidate_preserved,,0.0005238652229309082,0.09009702503681183,0.0924314558506012,0.08787607401609421,0.0045553818345069885,0.9994761347770691,0.18434841930866241,0.0,0.17068727314472198,0.8293127417564392,586,0.17068727314472198
587,15,32,stable_normal,,0.0004426240921020508,0.07706581056118011,0.07527180761098862,0.0789244994521141,0.0036526918411254883,0.999557375907898,0.18689708411693573,0.0,0.17426840960979462,0.8257315754890442,587,0.17426840960979462
588,15,33,stable_normal,,0.0002334117889404297,0.07715124636888504,0.07319387048482895,0.0812605693936348,0.008066698908805847,0.9997665882110596,0.18683598935604095,0.0,0.19886110723018646,0.8011388778686523,588,0.19886110723018646
589,15,34,stable_normal,,0.00040400028228759766,0.0754816010594368,0.07226802408695221,0.07882442325353622,0.006556399166584015,0.9995959997177124,0.18720270693302155,0.0,0.16099224984645844,0.8390077352523804,589,0.16099224984645844
590,15,35,lesion_candidate_preserved,,0.025134146213531494,0.08992540091276169,0.10218848288059235,0.08346608281135559,0.018722400069236755,0.9748658537864685,0.1895817518234253,0.0,0.21629104018211365,0.783708930015564,590,0.21629104018211365
591,15,36,pseudo_anomaly_risk,,0.18078464269638062,0.043041329830884933,0.09927242994308472,0.023847518488764763,0.0754249095916748,0.8192153573036194,0.2358938455581665,0.0,0.22970914840698242,0.7702908515930176,591,0.22970914840698242
592,16,0,stable_normal,,0.023880422115325928,0.014651188626885414,0.010407449677586555,0.025692632421851158,0.015285182744264603,0.9761195778846741,0.20482137799263,0.0,0.2566118538379669,0.7433881759643555,592,0.2566118538379669
593,16,1,stable_normal,,0.002524256706237793,0.06924235075712204,0.05069159343838692,0.09231044352054596,0.04161885008215904,0.9974757432937622,0.18889345228672028,0.0,0.18543553352355957,0.8145644664764404,593,0.18543553352355957
594,16,2,stable_normal,,0.0004088878631591797,0.07220616191625595,0.07076308131217957,0.0737118199467659,0.0029487386345863342,0.9995911121368408,0.18785373866558075,0.0,0.18153944611549377,0.8184605836868286,594,0.18153944611549377
595,16,3,noise_sensitive_normal,,0.36294233798980713,0.0363701656460762,0.0466710589826107,0.08110567182302475,0.03443461284041405,0.6370576620101929,0.286293625831604,0.0,0.2390856295824051,0.7609143853187561,595,0.2390856295824051
596,16,4,stable_normal,,0.030190706253051758,0.0454227514564991,0.07608937472105026,0.023940911516547203,0.05214846134185791,0.9698092937469482,0.19976916909217834,0.0,0.18866367638111115,0.81133633852005,596,0.18866367638111115
597,16,5,noise_sensitive_normal,,0.23715543746948242,0.04530986398458481,0.05637678503990173,0.07271205633878708,0.016335271298885345,0.7628445625305176,0.24975311756134033,0.0,0.19935718178749084,0.8006428480148315,597,0.19935718178749084
598,16,6,stable_normal,,0.033344149589538574,0.03173878416419029,0.07061105221509933,0.010520455427467823,0.060090597718954086,0.9666558504104614,0.20334279537200928,0.0,0.24697621166706085,0.7530238032341003,598,0.24697621166706085
599,16,7,lesion_candidate_preserved,,0.004239380359649658,0.08506616204977036,0.08253896236419678,0.08844610303640366,0.005907140672206879,0.9957606196403503,0.1861167550086975,0.0,0.19422486424446106,0.8057751655578613,599,0.19422486424446106
600,16,8,pseudo_anomaly_risk,,0.31018927693367004,0.028001412749290466,0.021466229110956192,0.08387689292430878,0.062410663813352585,0.6898107528686523,0.2737109959125519,0.0,0.16229276359081268,0.8377072215080261,600,0.16229276359081268
601,16,9,pseudo_anomaly_risk,,0.16480249166488647,0.02068060077726841,0.05001812428236008,0.011228148825466633,0.03878997638821602,0.8351975083351135,0.23714183270931244,0.0,0.23082764446735382,0.7691723704338074,601,0.23082764446735382
602,16,10,lesion_candidate_preserved,,0.0038943886756896973,0.08577924966812134,0.07904937863349915,0.09352022409439087,0.014470845460891724,0.9961056113243103,0.18590350449085236,0.0,0.202863872051239,0.797136127948761,602,0.202863872051239
603,16,11,noise_sensitive_normal,,0.2538786828517914,0.058596983551979065,0.08337905257940292,0.08268915116786957,0.0006899014115333557,0.7461212873458862,0.2508673071861267,0.0,0.2022986114025116,0.797701358795166,603,0.2022986114025116
604,16,12,stable_normal,,0.05505704879760742,0.05619258061051369,0.06320644915103912,0.057499244809150696,0.005707204341888428,0.9449429512023926,0.20307204127311707,0.0,0.21873876452445984,0.7812612056732178,604,0.21873876452445984
605,16,13,stable_normal,,0.011951208114624023,0.057056620717048645,0.07710947096347809,0.04164087399840355,0.03546859696507454,0.988048791885376,0.19337277114391327,0.0,0.16082891821861267,0.8391710519790649,605,0.16082891821861267
606,16,14,stable_normal,,0.006422191858291626,0.08185216039419174,0.08009888231754303,0.08493386954069138,0.004834987223148346,0.9935778379440308,0.18721289932727814,0.0,0.12087221443653107,0.8791278004646301,606,0.12087221443653107
607,16,15,stable_normal,,0.00025391578674316406,0.07396912574768066,0.07623214274644852,0.07184115797281265,0.004390984773635864,0.9997460842132568,0.18747085332870483,0.0,0.15809746086597443,0.8419025540351868,607,0.15809746086597443
608,16,16,stable_normal,,0.00013577938079833984,0.07760731875896454,0.07301118224859238,0.08245404809713364,0.00944286584854126,0.9998642206192017,0.1867251694202423,0.0,0.15715424716472626,0.8428457379341125,608,0.15715424716472626
609,16,17,stable_normal,,0.0006254911422729492,0.08054628223180771,0.07494469732046127,0.08643461763858795,0.011489920318126678,0.999374508857727,0.18624767661094666,0.0,0.1292448192834854,0.8707551956176758,609,0.1292448192834854
610,16,18,pseudo_anomaly_risk,,0.27475810050964355,0.030652854591608047,0.08473924547433853,0.02059306763112545,0.06414617598056793,0.7252418994903564,0.26336053013801575,0.0,0.18077750504016876,0.8192225098609924,610,0.18077750504016876
611,16,19,stable_normal,,0.062299907207489014,0.0815148651599884,0.09256161004304886,0.0826699510216713,0.009891659021377563,0.937700092792511,0.199388787150383,0.0,0.14557427167892456,0.8544257283210754,611,0.14557427167892456
612,16,20,lesion_candidate_preserved,,0.04453200101852417,0.08427314460277557,0.09774652123451233,0.07787206768989563,0.0198744535446167,0.9554679989814758,0.1949114203453064,0.0,0.205306738615036,0.7946932315826416,612,0.205306738615036
613,16,21,stable_normal,,0.010645091533660889,0.06559779495000839,0.08655405044555664,0.048708755522966385,0.037845294922590256,0.9893549084663391,0.1913623809814453,0.0,0.20979313552379608,0.7902068495750427,613,0.20979313552379608
614,16,22,stable_normal,,7.18235969543457e-05,0.0810195803642273,0.07748367637395859,0.08470183610916138,0.007218159735202789,0.9999281764030457,0.18603770434856415,0.0,0.17829661071300507,0.8217033743858337,614,0.17829661071300507
615,16,23,stable_normal,,0.00016480684280395508,0.07696669548749924,0.07570894062519073,0.07826045900583267,0.0025515183806419373,0.999835193157196,0.18685802817344666,0.0,0.14670279622077942,0.853297233581543,615,0.14670279622077942
616,16,24,lesion_candidate_preserved,,0.0005202293395996094,0.08732366561889648,0.08173323422670364,0.09325440227985382,0.011521168053150177,0.9994797706604004,0.18489143252372742,0.0,0.18511496484279633,0.8148850202560425,616,0.18511496484279633
617,16,25,lesion_candidate_preserved,,0.05309015512466431,0.08444830030202866,0.09894048422574997,0.08068372309207916,0.018256761133670807,0.9469098448753357,0.1967487335205078,0.0,0.1543039083480835,0.8456960916519165,617,0.1543039083480835
618,16,26,lesion_candidate_preserved,,0.0021955370903015137,0.09750930219888687,0.09913362562656403,0.09636568278074265,0.0027679428458213806,0.9978044629096985,0.18324866890907288,0.0,0.18322546780109406,0.8167745471000671,618,0.18322546780109406
619,16,27,lesion_candidate_preserved,,0.005006998777389526,0.1331297755241394,0.11290645599365234,0.15609192848205566,0.04318547248840332,0.9949929714202881,0.17697495222091675,0.0,0.2648269534111023,0.7351730465888977,619,0.2648269534111023
620,16,28,stable_normal,,0.009894967079162598,0.0743994191288948,0.09199897944927216,0.05857906863093376,0.033419910818338394,0.9901050329208374,0.18943451344966888,0.0,0.2213117778301239,0.7786881923675537,620,0.2213117778301239
621,16,29,lesion_candidate_preserved,,0.007313251495361328,0.09633246809244156,0.08408114314079285,0.11107122898101807,0.02699008584022522,0.9926867485046387,0.18454623222351074,0.0,0.21038413047790527,0.7896158695220947,621,0.21038413047790527
622,16,30,noise_sensitive_normal,,0.34027305245399475,0.04400485008955002,0.07247325778007507,0.05500127375125885,0.017471984028816223,0.6597269773483276,0.27789923548698425,0.0,0.23387737572193146,0.7661226391792297,622,0.23387737572193146
623,16,31,noise_sensitive_normal,,0.29680272936820984,0.037962596863508224,0.0426708422601223,0.07999224215745926,0.03732139989733696,0.7031972408294678,0.2674781084060669,0.0,0.22910737991333008,0.7708926200866699,623,0.22910737991333008
624,16,32,pseudo_anomaly_risk,,0.33260655403137207,0.03959527984261513,0.09344432502985,0.04159524291753769,0.05184908211231232,0.6673934459686279,0.2769145667552948,0.0,0.1865462213754654,0.8134537935256958,624,0.1865462213754654
625,16,33,stable_normal,,0.00012832880020141602,0.07999170571565628,0.07652868330478668,0.0835655927658081,0.007036909461021423,0.9998716711997986,0.1862524002790451,0.0,0.20404750108718872,0.7959524989128113,625,0.20404750108718872
626,16,34,pseudo_anomaly_risk,,0.3023563623428345,0.031263720244169235,0.0755346417427063,0.031271737068891525,0.044262904673814774,0.6976436376571655,0.27071234583854675,0.0,0.211619570851326,0.7883804440498352,626,0.211619570851326
627,16,35,lesion_candidate_preserved,,0.06741952896118164,0.08944244682788849,0.10919266194105148,0.08633595705032349,0.022856704890727997,0.9325804710388184,0.19887688755989075,0.0,0.19965846836566925,0.8003415465354919,627,0.19965846836566925
628,16,36,pseudo_anomaly_risk,,0.20677465200424194,0.03880535811185837,0.0932997390627861,0.02220030315220356,0.07109943777322769,0.7932253479957581,0.24348193407058716,0.0,0.2592102885246277,0.7407897114753723,628,0.2592102885246277
629,17,0,stable_normal,,0.0026801228523254395,0.06775274127721786,0.07460096478462219,0.06172797083854675,0.01287299394607544,0.9973198771476746,0.18922413885593414,0.0,0.1897159218788147,0.8102840781211853,629,0.1897159218788147
630,17,1,stable_normal,,0.0035886168479919434,0.07025303691625595,0.07381639629602432,0.06742680817842484,0.006389588117599487,0.9964113831520081,0.18891841173171997,0.0,0.15173424780368805,0.8482657670974731,630,0.15173424780368805
631,17,2,stable_normal,,0.010967433452606201,0.08168553560972214,0.07829540222883224,0.08740917593240738,0.009113773703575134,0.9890325665473938,0.18820925056934357,0.0,0.1848212033510208,0.8151788115501404,631,0.1848212033510208
632,17,3,stable_normal,,0.00016885995864868164,0.0801343098282814,0.0798451229929924,0.08046034723520279,0.0006152242422103882,0.9998311400413513,0.1862328052520752,0.0,0.12825323641300201,0.8717467784881592,632,0.12825323641300201
633,17,4,pseudo_anomaly_risk,,0.3318038582801819,0.038264885544776917,0.04315437003970146,0.08890211582183838,0.04574774578213692,0.6681961417198181,0.2770381569862366,0.0,0.2055721879005432,0.7944278120994568,633,0.2055721879005432
634,17,5,noise_sensitive_normal,,0.33195924758911133,0.03085295855998993,0.05658983439207077,0.054016295820474625,0.0025735385715961456,0.6680407524108887,0.2790193557739258,0.0,0.24332745373249054,0.7566725611686707,634,0.24332745373249054
635,17,6,pseudo_anomaly_risk,,0.2860056459903717,0.030065754428505898,0.0847635492682457,0.01942342147231102,0.06534013152122498,0.7139943838119507,0.2665540277957916,0.0,0.2207210510969162,0.7792789340019226,635,0.2207210510969162
636,17,7,stable_normal,,0.012439161539077759,0.06882414221763611,0.06710269302129745,0.07278616726398468,0.005683474242687225,0.9875608682632446,0.19109809398651123,0.0,0.14375221729278564,0.8562477827072144,636,0.14375221729278564
637,17,8,stable_normal,,0.000761866569519043,0.08024458587169647,0.08259483426809311,0.07808199524879456,0.0045128390192985535,0.999238133430481,0.1863359659910202,0.0,0.21502232551574707,0.7849776744842529,637,0.21502232551574707
638,17,9,stable_normal,,0.028492510318756104,0.013825238682329655,0.023411374539136887,0.008190450258553028,0.015220924280583858,0.9715074896812439,0.20604334771633148,0.0,0.23142386972904205,0.7685761451721191,638,0.23142386972904205
639,17,10,stable_normal,,0.00021582841873168945,0.07353224605321884,0.07323557883501053,0.07386559247970581,0.000630013644695282,0.9997841715812683,0.18754947185516357,0.0,0.14193859696388245,0.8580614328384399,639,0.14193859696388245
640,17,11,stable_normal,,0.007584899663925171,0.05746343359351158,0.06360946595668793,0.052581194788217545,0.011028271168470383,0.9924150705337524,0.19234560430049896,0.0,0.1504618227481842,0.8495382070541382,640,0.1504618227481842
641,17,12,stable_normal,,0.0033945441246032715,0.0651380866765976,0.07200437784194946,0.05872271582484245,0.01328166201710701,0.9966054558753967,0.18989987671375275,0.0,0.21281059086322784,0.7871894240379333,641,0.21281059086322784
642,17,13,stable_normal,,0.001417398452758789,0.07458095252513885,0.08277182281017303,0.06710366904735565,0.015668153762817383,0.9985826015472412,0.18759582936763763,0.0,0.1841670125722885,0.8158329725265503,642,0.1841670125722885
643,17,14,stable_normal,,0.00013241171836853027,0.07722967863082886,0.07806483656167984,0.0764164999127388,0.00164833664894104,0.9998675584793091,0.18679915368556976,0.0,0.12187597155570984,0.8781239986419678,643,0.12187597155570984
644,17,15,stable_normal,,8.082389831542969e-05,0.07754822820425034,0.07697926461696625,0.07813315838575363,0.001153893768787384,0.9999191761016846,0.18672522902488708,0.0,0.10983871668577194,0.8901612758636475,644,0.10983871668577194
645,17,16,lesion_candidate_preserved,,0.0010233521461486816,0.0824795588850975,0.07681817561388016,0.08854351937770844,0.011725343763828278,0.9989766478538513,0.18595004081726074,0.0,0.17656679451465607,0.8234332203865051,645,0.17656679451465607
646,17,17,pseudo_anomaly_risk,,0.2715899348258972,0.026299919933080673,0.07646987587213516,0.016772139817476273,0.05969773605465889,0.7284100651741028,0.2636062502861023,0.0,0.21804261207580566,0.7819573879241943,646,0.21804261207580566
647,17,18,noise_sensitive_normal,,0.22795063257217407,0.06640270352363586,0.08935309201478958,0.0874001681804657,0.001952923834323883,0.7720493674278259,0.24228426814079285,0.0,0.1990552693605423,0.8009447455406189,647,0.1990552693605423
648,17,19,pseudo_anomaly_risk,,0.11802360415458679,0.03783835470676422,0.07398529350757599,0.02270689234137535,0.05127840116620064,0.8819763660430908,0.2217012494802475,0.0,0.13721561431884766,0.8627843856811523,648,0.13721561431884766
649,17,20,stable_normal,,0.02696704864501953,0.06776604801416397,0.07186947762966156,0.06786377727985382,0.004005700349807739,0.9730329513549805,0.19445469975471497,0.0,0.1805969625711441,0.8194030523300171,649,0.1805969625711441
650,17,21,lesion_candidate_preserved,,0.0067675113677978516,0.08695099502801895,0.09293010830879211,0.08227310329675674,0.01065700501203537,0.9932324886322021,0.18627719581127167,0.0,0.11190858483314514,0.8880914449691772,650,0.11190858483314514
651,17,22,lesion_candidate_preserved,,0.014892339706420898,0.09880786389112473,0.08551908284425735,0.11680721491575241,0.031288132071495056,0.9851076602935791,0.1856488585472107,0.0,0.18267713487148285,0.817322850227356,651,0.18267713487148285
652,17,23,stable_normal,,0.00011104345321655273,0.07849297672510147,0.07961573451757431,0.07739118486642838,0.002224549651145935,0.9998889565467834,0.18654482066631317,0.0,0.14029982686042786,0.8597002029418945,652,0.14029982686042786
653,17,24,lesion_candidate_preserved,,0.00016644597053527832,0.09850519150495529,0.09580282121896744,0.10135313868522644,0.005550317466259003,0.9998335838317871,0.18263322114944458,0.0,0.18075062334537506,0.8192493915557861,653,0.18075062334537506
654,17,25,lesion_candidate_preserved,,0.009337067604064941,0.09271489083766937,0.06054634228348732,0.14090274274349213,0.0803564041852951,0.9906629323959351,0.1856813281774521,0.0,0.2394043356180191,0.7605956792831421,654,0.2394043356180191
655,17,26,lesion_candidate_preserved,,0.026283621788024902,0.0851583406329155,0.10079198330640793,0.0760946199297905,0.02469736337661743,0.9737163782119751,0.19078406691551208,0.0,0.15367373824119568,0.8463262319564819,655,0.15367373824119568
656,17,27,lesion_candidate_preserved,,0.00037354230880737305,0.08549007028341293,0.08906235545873642,0.08205633610486984,0.007006019353866577,0.9996264576911926,0.185220867395401,0.0,0.18638232350349426,0.8136177062988281,656,0.18638232350349426
657,17,28,stable_normal,,0.01986977458000183,0.07093985378742218,0.09657745063304901,0.05413811653852463,0.042439334094524384,0.9801301956176758,0.19227133691310883,0.0,0.18251432478427887,0.8174856901168823,657,0.18251432478427887
658,17,29,stable_normal,,0.009867340326309204,0.05832648277282715,0.09159664064645767,0.0341329462826252,0.057463694363832474,0.9901326894760132,0.1926639974117279,0.0,0.1578158140182495,0.8421841859817505,658,0.1578158140182495
659,17,30,stable_normal,,6.365776062011719e-05,0.07658301293849945,0.07329582422971725,0.08000379055738449,0.006707966327667236,0.9999363422393799,0.18691259622573853,0.0,0.1640901267528534,0.8359098434448242,659,0.1640901267528534
660,17,31,pseudo_anomaly_risk,,0.35092106461524963,0.0352444089949131,0.0401884950697422,0.09030342102050781,0.05011492595076561,0.6490789651870728,0.2831893563270569,0.0,0.18138960003852844,0.818610429763794,660,0.18138960003852844
661,17,32,noise_sensitive_normal,,0.17872974276542664,0.07004652917385101,0.09802546352148056,0.07541175186634064,0.022613711655139923,0.821270227432251,0.22910794615745544,0.0,0.19738125801086426,0.8026187419891357,661,0.19738125801086426
662,17,33,lesion_candidate_preserved,,0.0003279447555541992,0.08341675996780396,0.08612236380577087,0.08080500364303589,0.005317360162734985,0.9996720552444458,0.18561916053295135,0.0,0.17629225552082062,0.8237077593803406,662,0.17629225552082062
663,17,34,stable_normal,,0.0002473592758178711,0.07480956614017487,0.07250864803791046,0.07716602087020874,0.004657372832298279,0.9997526407241821,0.18730276823043823,0.0,0.1839861273765564,0.8160138726234436,663,0.1839861273765564
664,17,35,lesion_candidate_preserved,,0.011537730693817139,0.09441987425088882,0.09146151691675186,0.09964872896671295,0.00818721204996109,0.9884622693061829,0.18580806255340576,0.0,0.20921321213245392,0.7907868027687073,664,0.20921321213245392
665,17,36,pseudo_anomaly_risk,,0.15203481912612915,0.044163186103105545,0.08990972489118576,0.025750422850251198,0.06415930390357971,0.8479651808738708,0.22850970923900604,0.0,0.2142617106437683,0.7857382893562317,665,0.2142617106437683
666,18,0,stable_normal,,0.009614139795303345,0.07015585899353027,0.060496166348457336,0.08184893429279327,0.021352767944335938,0.990385890007019,0.1902245432138443,0.0,0.17448575794696808,0.8255142569541931,666,0.17448575794696808
667,18,1,stable_normal,,0.031347811222076416,0.057852961122989655,0.06924168765544891,0.050353098660707474,0.01888858899474144,0.9686521887779236,0.197448268532753,0.0,0.2122272551059723,0.7877727746963501,667,0.2122272551059723
668,18,2,stable_normal,,0.00011426210403442383,0.07604773342609406,0.07213138788938522,0.08009933680295944,0.007967948913574219,0.9998857378959656,0.18702930212020874,0.0,0.15401247143745422,0.8459875583648682,668,0.15401247143745422
669,18,3,stable_normal,,0.0006990730762481689,0.07196252048015594,0.07950114458799362,0.06489604711532593,0.014605097472667694,0.9993009567260742,0.18796372413635254,0.0,0.1799994856119156,0.8200005292892456,669,0.1799994856119156
670,18,4,stable_normal,,0.00041666626930236816,0.07921651750802994,0.08236228674650192,0.07623244822025299,0.006129838526248932,0.99958336353302,0.1864662915468216,0.0,0.14412124454975128,0.8558787703514099,670,0.14412124454975128
671,18,5,noise_sensitive_normal,,0.3043898940086365,0.04316891357302666,0.08139128237962723,0.05347795784473419,0.027913324534893036,0.6956101059913635,0.26821625232696533,0.0,0.15380777418613434,0.8461922407150269,671,0.15380777418613434
672,18,6,pseudo_anomaly_risk,,0.20861336588859558,0.022799698635935783,0.06576260924339294,0.009148725308477879,0.05661388486623764,0.791386604309082,0.24781854450702667,0.0,0.20487435162067413,0.7951256632804871,672,0.20487435162067413
673,18,7,stable_normal,,0.0025099515914916992,0.017820322886109352,0.02064569480717182,0.01522090658545494,0.005424788221716881,0.9974900484085083,0.19936637580394745,0.0,0.2590835690498352,0.7409164309501648,673,0.2590835690498352
674,18,8,stable_normal,,0.003941178321838379,0.07992513477802277,0.07793810963630676,0.08275838196277618,0.004820272326469421,0.9960588216781616,0.18707014620304108,0.0,0.12368666380643845,0.876313328742981,674,0.12368666380643845
675,18,9,stable_normal,,0.00047537684440612793,0.0762471929192543,0.07297629117965698,0.07966028153896332,0.0066839903593063354,0.9995245933532715,0.18706609308719635,0.0,0.17163139581680298,0.828368604183197,675,0.17163139581680298
676,18,10,stable_normal,,0.00028207898139953613,0.07482907921075821,0.07154085487127304,0.07823159545660019,0.0066907405853271484,0.9997179508209229,0.1873062551021576,0.0,0.16997669637203217,0.8300232887268066,676,0.16997669637203217
677,18,11,noise_sensitive_normal,,0.2761968970298767,0.05293520167469978,0.0772978886961937,0.0804659053683281,0.0031680166721343994,0.7238031029701233,0.258151650428772,0.0,0.1518031507730484,0.8481968641281128,677,0.1518031507730484
678,18,12,stable_normal,,0.005434125661849976,0.07263370603322983,0.06254524737596512,0.08408191055059433,0.02153666317462921,0.9945658445358276,0.18883635103702545,0.0,0.157560333609581,0.8424396514892578,678,0.157560333609581
679,18,13,stable_normal,,0.003999084234237671,0.0789269283413887,0.09424231946468353,0.06474076956510544,0.029501549899578094,0.9960008859634399,0.18728019297122955,0.0,0.16039687395095825,0.8396031260490417,679,0.16039687395095825
680,18,14,stable_normal,,0.00011733174324035645,0.07389961928129196,0.0754019096493721,0.07244063913822174,0.00296127051115036,0.999882698059082,0.18745571374893188,0.0,0.15678615868091583,0.8432138562202454,680,0.15678615868091583
681,18,15,noise_sensitive_normal,,0.3281169533729553,0.03473832085728645,0.0750756487250328,0.04431700333952904,0.03075864538550377,0.6718830466270447,0.2769317924976349,0.0,0.1691679209470749,0.8308320641517639,681,0.1691679209470749
682,18,16,noise_sensitive_normal,,0.3307225704193115,0.035365425050258636,0.07747282832860947,0.043193213641643524,0.03427961468696594,0.6692774295806885,0.27749380469322205,0.0,0.19647817313671112,0.8035218119621277,682,0.19647817313671112
683,18,17,lesion_candidate_preserved,,0.01735752820968628,0.09165030717849731,0.08902164548635483,0.09786887466907501,0.008847229182720184,0.9826424717903137,0.1875840127468109,0.0,0.20105092227458954,0.7989490628242493,683,0.20105092227458954
684,18,18,noise_sensitive_normal,,0.1754278540611267,0.06599441170692444,0.07669491320848465,0.08811769634485245,0.011422783136367798,0.8245721459388733,0.2292296141386032,0.0,0.16342702507972717,0.8365730047225952,684,0.16342702507972717
685,18,19,pseudo_anomaly_risk,,0.19721466302871704,0.05576905235648155,0.04902110621333122,0.10063974559307098,0.05161863937973976,0.802785336971283,0.23702380061149597,0.0,0.13617771863937378,0.8638222813606262,685,0.13617771863937378
686,18,20,stable_normal,,0.01708635687828064,0.06229320168495178,0.09557576477527618,0.036860402673482895,0.05871536210179329,0.982913613319397,0.19342218339443207,0.0,0.187998428940773,0.8120015859603882,686,0.187998428940773
687,18,21,lesion_candidate_preserved,,0.001162111759185791,0.08732437342405319,0.08445429801940918,0.09047701954841614,0.006022721529006958,0.9988378882408142,0.18502579629421234,0.0,0.17141932249069214,0.8285806775093079,687,0.17141932249069214
688,18,22,stable_normal,,0.00026023387908935547,0.08074332773685455,0.08429180085659027,0.07727205753326416,0.007019743323326111,0.9997397661209106,0.18613186478614807,0.0,0.16603143513202667,0.8339685797691345,688,0.16603143513202667
689,18,23,lesion_candidate_preserved,,0.0009948909282684326,0.09201126545667648,0.08678730577230453,0.09774302691221237,0.010955721139907837,0.9990050792694092,0.18407213687896729,0.0,0.19981832802295685,0.8001816868782043,689,0.19981832802295685
690,18,24,pseudo_anomaly_risk,,0.20276173949241638,0.052168384194374084,0.09518593549728394,0.04821597784757614,0.046969957649707794,0.7972382307052612,0.23927351832389832,0.0,0.14271710813045502,0.8572828769683838,690,0.14271710813045502
691,18,25,pseudo_anomaly_risk,,0.14649450778961182,0.06834620237350464,0.05184347555041313,0.11746186017990112,0.06561838090419769,0.8535054922103882,0.2216728776693344,0.0,0.18712590634822845,0.8128740787506104,691,0.18712590634822845
692,18,26,noise_sensitive_normal,,0.24743303656578064,0.06827188283205032,0.11203975230455399,0.07982666045427322,0.03221309185028076,0.752566933631897,0.24683719873428345,0.0,0.18170690536499023,0.8182930946350098,692,0.18170690536499023
693,18,27,noise_sensitive_normal,,0.1920008659362793,0.06717567145824432,0.09677931666374207,0.07392667979001999,0.022852636873722076,0.8079991340637207,0.23304972052574158,0.0,0.22586850821971893,0.7741314768791199,693,0.22586850821971893
694,18,28,stable_normal,,0.0001030266284942627,0.07766900956630707,0.07860638946294785,0.0767614096403122,0.0018449798226356506,0.9998970031738281,0.1867060512304306,0.0,0.12272727489471436,0.8772727251052856,694,0.12272727489471436
695,18,29,lesion_candidate_preserved,,0.0026389360427856445,0.09203210473060608,0.08004457503557205,0.10562819987535477,0.025583624839782715,0.9973610639572144,0.18441149592399597,0.0,0.175859272480011,0.824140727519989,695,0.175859272480011
696,18,30,lesion_candidate_preserved,,0.00015246868133544922,0.0822838619351387,0.08426688611507416,0.08035899698734283,0.003907889127731323,0.9998475313186646,0.18580543994903564,0.0,0.18995176255702972,0.8100482225418091,696,0.18995176255702972
697,18,31,lesion_candidate_preserved,,0.0017724931240081787,0.0866895318031311,0.0946957916021347,0.07941038906574249,0.015285402536392212,0.9982274770736694,0.1852785348892212,0.0,0.13707438111305237,0.86292564868927,697,0.13707438111305237
698,18,32,lesion_candidate_preserved,,0.0005378127098083496,0.09836646169424057,0.09254065155982971,0.10460637509822845,0.012065723538398743,0.9994621872901917,0.18273727595806122,0.0,0.20148560404777527,0.7985143661499023,698,0.20148560404777527
699,18,33,lesion_candidate_preserved,,0.00024449825286865234,0.08908514678478241,0.09378442913293839,0.08464929461479187,0.009135134518146515,0.9997555017471313,0.18448825180530548,0.0,0.18602129817008972,0.8139786720275879,699,0.18602129817008972
700,18,34,lesion_candidate_preserved,,0.0005029141902923584,0.08225063234567642,0.08949507772922516,0.07554252445697784,0.013952553272247314,0.9994970560073853,0.1858856976032257,0.0,0.20231595635414124,0.7976840734481812,700,0.20231595635414124
701,18,35,stable_normal,,0.01122361421585083,0.07465850561857224,0.10555914044380188,0.04933220148086548,0.0562269389629364,0.9887763857841492,0.18966637551784515,0.0,0.16267816722393036,0.8373218178749084,701,0.16267816722393036
702,18,36,lesion_candidate_preserved,,0.001113593578338623,0.09529358148574829,0.09789712727069855,0.09289208799600601,0.005005039274692535,0.9988864064216614,0.18345561623573303,0.0,0.23220787942409515,0.7677921056747437,702,0.23220787942409515
703,19,0,stable_normal,,0.000789642333984375,0.07749832421541214,0.06953738629817963,0.08615761250257492,0.016620226204395294,0.9992103576660156,0.1868847757577896,0.0,0.21258170902729034,0.7874183058738708,703,0.21258170902729034
704,19,1,stable_normal,,0.06387299299240112,0.04734736308455467,0.0747653916478157,0.0321807786822319,0.0425846129655838,0.9361270070075989,0.20694668591022491,0.0,0.1978108435869217,0.8021891713142395,704,0.1978108435869217
705,19,2,noise_sensitive_normal,,0.35907837748527527,0.039278291165828705,0.06615292280912399,0.07388143986463547,0.007728517055511475,0.6409215927124023,0.2844259440898895,0.0,0.20606672763824463,0.7939332723617554,705,0.20606672763824463
706,19,3,noise_sensitive_normal,,0.21165454387664795,0.018678847700357437,0.017118044197559357,0.042874470353126526,0.02575642615556717,0.788345456123352,0.24961133301258087,0.0,0.18944165110588074,0.8105583190917969,706,0.18944165110588074
707,19,4,pseudo_anomaly_risk,,0.20761066675186157,0.029168730601668358,0.07490897178649902,0.014340064488351345,0.060568906366825104,0.7923893332481384,0.24601683020591736,0.0,0.19909270107746124,0.8009073138237,707,0.19909270107746124
708,19,5,stable_normal,,0.039360880851745605,0.03147193789482117,0.027665171772241592,0.043490931391716,0.01582575961947441,0.9606391191482544,0.2047574520111084,0.0,0.14305351674556732,0.8569464683532715,708,0.14305351674556732
709,19,6,stable_normal,,0.0004248321056365967,0.0714329406619072,0.06677789241075516,0.07634460180997849,0.009566709399223328,0.999575138092041,0.1880108118057251,0.0,0.17088888585567474,0.8291110992431641,709,0.17088888585567474
710,19,7,stable_normal,,0.0003237724304199219,0.07341282814741135,0.06910315155982971,0.0779426246881485,0.008839473128318787,0.9996762275695801,0.18759605288505554,0.0,0.12805761396884918,0.871942400932312,710,0.12805761396884918
711,19,8,stable_normal,,0.065818190574646,0.04661339148879051,0.08129806816577911,0.02608112432062626,0.055216945707798004,0.934181809425354,0.20754794776439667,0.0,0.1700008362531662,0.8299991488456726,711,0.1700008362531662
712,19,9,stable_normal,,8.305907249450684e-05,0.07732120901346207,0.0747285932302475,0.07999203354120255,0.005263440310955048,0.9999169111251831,0.18677063286304474,0.0,0.13472121953964233,0.8652787804603577,712,0.13472121953964233
713,19,10,stable_normal,,0.013540774583816528,0.04748732969164848,0.07308570295572281,0.02900679223239422,0.04407890886068344,0.9864592552185059,0.19567181169986725,0.0,0.18520572781562805,0.8147943019866943,713,0.18520572781562805
714,19,11,noise_sensitive_normal,,0.21469736099243164,0.04104907810688019,0.06184977665543556,0.05038994550704956,0.011459831148386002,0.7853026390075684,0.24497507512569427,0.0,0.1643570363521576,0.83564293384552,714,0.1643570363521576
715,19,12,stable_normal,,0.002911806106567383,0.05437828600406647,0.05316600576043129,0.05611908435821533,0.0029530785977840424,0.9970881938934326,0.1919611394405365,0.0,0.20399032533168793,0.7960096597671509,715,0.20399032533168793
716,19,13,noise_sensitive_normal,,0.21781808137893677,0.052955638617277145,0.06081132963299751,0.08353833109140396,0.02272700145840645,0.7821819186210632,0.24291478097438812,0.0,0.11908500641584396,0.8809149861335754,716,0.11908500641584396
717,19,14,pseudo_anomaly_risk,,0.14240047335624695,0.042083751410245895,0.07784058153629303,0.02712102234363556,0.05071955919265747,0.8575994968414307,0.22663195431232452,0.0,0.21974608302116394,0.7802538871765137,717,0.21974608302116394
718,19,15,stable_normal,,0.07225596904754639,0.03426109254360199,0.07544837146997452,0.013363583944737911,0.06208478659391403,0.9277440309524536,0.21169595420360565,0.0,0.17140904068946838,0.828590989112854,718,0.17140904068946838
719,19,16,stable_normal,,0.0003065764904022217,0.07071257382631302,0.07626599073410034,0.06552581489086151,0.01074017584323883,0.9996933937072754,0.1881289929151535,0.0,0.17883342504501343,0.8211665749549866,719,0.17883342504501343
720,19,17,lesion_candidate_preserved,,0.0004604458808898926,0.09090299904346466,0.08646935969591141,0.09568904340267181,0.009219683706760406,0.9995395541191101,0.18417739868164062,0.0,0.14989346265792847,0.8501065373420715,720,0.14989346265792847
721,19,18,pseudo_anomaly_risk,,0.12011072039604187,0.05261683836579323,0.02691355161368847,0.11466389894485474,0.08775034546852112,0.8798892498016357,0.21889325976371765,0.0,0.17539240419864655,0.8246076107025146,721,0.17539240419864655
722,19,19,pseudo_anomaly_risk,,0.1701260805130005,0.041284918785095215,0.027637576684355736,0.08436079323291779,0.0567232146859169,0.8298739194869995,0.23364347219467163,0.0,0.2269919216632843,0.7730081081390381,722,0.2269919216632843
723,19,20,lesion_candidate_preserved,,0.0005357265472412109,0.08327019959688187,0.08852051198482513,0.07836568355560303,0.010154828429222107,0.9994642734527588,0.1856916844844818,0.0,0.16890515387058258,0.8310948610305786,723,0.16890515387058258
724,19,21,lesion_candidate_preserved,,0.0011638104915618896,0.08367476612329483,0.07848327606916428,0.0892694741487503,0.010786198079586029,0.9988361597061157,0.185744047164917,0.0,0.14047230780124664,0.8595277070999146,724,0.14047230780124664
725,19,22,stable_normal,,0.00019919872283935547,0.07896235585212708,0.08211227506399155,0.07587958127260208,0.006232693791389465,0.9998008012771606,0.1864706426858902,0.0,0.16603580117225647,0.8339642286300659,725,0.16603580117225647
726,19,23,lesion_candidate_preserved,,0.0005466341972351074,0.0840638130903244,0.08695172518491745,0.08126524090766907,0.005686484277248383,0.9994533658027649,0.18553772568702698,0.0,0.19788753986358643,0.8021124601364136,726,0.19788753986358643
727,19,24,lesion_candidate_preserved,,0.0882652997970581,0.08957426249980927,0.09121745079755783,0.10694953054189682,0.01573207974433899,0.9117347002029419,0.20350559055805206,0.0,0.17644231021404266,0.8235576748847961,727,0.17644231021404266
728,19,25,lesion_candidate_preserved,,0.11823886632919312,0.10431680083274841,0.08700008690357208,0.16563226282596588,0.0786321759223938,0.8817611336708069,0.20717012882232666,0.0,0.16141360998153687,0.8385863900184631,728,0.16141360998153687
729,19,26,lesion_candidate_preserved,,0.08232003450393677,0.08784930408000946,0.07506779581308365,0.1172168031334877,0.04214900732040405,0.9176799654960632,0.202532097697258,0.0,0.19345703721046448,0.8065429925918579,729,0.19345703721046448
730,19,27,lesion_candidate_preserved,,0.0036070644855499268,0.09059325605630875,0.09777945280075073,0.08436429500579834,0.013415157794952393,0.9963929653167725,0.18489623069763184,0.0,0.1539582461118698,0.846041738986969,730,0.1539582461118698
731,19,28,stable_normal,,0.0020066797733306885,0.07642862945795059,0.06589523702859879,0.08808282017707825,0.02218758314847946,0.9979933500289917,0.18735399842262268,0.0,0.18581539392471313,0.8141846060752869,731,0.18581539392471313
732,19,29,noise_sensitive_normal,,0.3524002432823181,0.04071379825472832,0.05735648423433304,0.08090826869010925,0.023551784455776215,0.6475997567176819,0.28216174244880676,0.0,0.21685823798179626,0.7831417322158813,732,0.21685823798179626
733,19,30,stable_normal,,0.000407487154006958,0.08103708177804947,0.08948575705289841,0.07322618365287781,0.0162595734000206,0.9995925426483154,0.1861049085855484,0.0,0.20996980369091034,0.7900301814079285,733,0.20996980369091034
734,19,31,pseudo_anomaly_risk,,0.26734697818756104,0.03508380800485611,0.07361113280057907,0.03414303436875343,0.03946809843182564,0.732653021812439,0.2602543830871582,0.0,0.2277074158191681,0.7722926139831543,734,0.2277074158191681
735,19,32,lesion_candidate_preserved,,0.0009151697158813477,0.09819027781486511,0.09076070040464401,0.10623960942029953,0.015478909015655518,0.9990848302841187,0.18284989893436432,0.0,0.21032749116420746,0.7896724939346313,735,0.21032749116420746
736,19,33,noise_sensitive_normal,,0.33108454942703247,0.04214610904455185,0.08838390558958054,0.05074606090784073,0.03763784468173981,0.6689154505729675,0.2758270502090454,0.0,0.21479196846485138,0.7852080464363098,736,0.21479196846485138
737,19,34,lesion_candidate_preserved,,0.0007811188697814941,0.08796457201242447,0.09879522025585175,0.07804308086633682,0.020752139389514923,0.9992188811302185,0.184820294380188,0.0,0.21100352704524994,0.7889964580535889,737,0.21100352704524994
738,19,35,pseudo_anomaly_risk,,0.1943722367286682,0.043785858899354935,0.07963322103023529,0.035717930644750595,0.043915290385484695,0.8056277632713318,0.2391384094953537,0.0,0.18045112490653992,0.8195488452911377,738,0.18045112490653992
739,19,36,stable_normal,,0.08441150188446045,0.02325318567454815,0.02754824422299862,0.02632577158510685,0.0012224726378917694,0.9155884981155396,0.21695499122142792,0.0,0.17887142300605774,0.8211286067962646,739,0.17887142300605774
740,20,0,noise_sensitive_normal,,0.14615494012832642,0.0357816219329834,0.0643397718667984,0.028267644345760345,0.036072127521038055,0.8538450598716736,0.22899387776851654,0.0,0.24505458772182465,0.7549453973770142,740,0.24505458772182465
741,20,1,stable_normal,,0.10828730463981628,0.02385307475924492,0.04100778326392174,0.01892155036330223,0.022086232900619507,0.8917126655578613,0.22251039743423462,0.0,0.2058446854352951,0.7941552996635437,741,0.2058446854352951
742,20,2,stable_normal,,0.001351475715637207,0.08205360174179077,0.07877004146575928,0.08571299910545349,0.006942957639694214,0.9986485242843628,0.18610310554504395,0.0,0.20751312375068665,0.7924869060516357,742,0.20751312375068665
743,20,3,stable_normal,,0.07804319262504578,0.03169750049710274,0.011816811747848988,0.07724927365779877,0.06543245911598206,0.9219567775726318,0.2136017233133316,0.0,0.20361895859241486,0.7963810563087463,743,0.20361895859241486
744,20,4,stable_normal,,0.106597900390625,0.03464871644973755,0.024282746016979218,0.05949592962861061,0.03521318361163139,0.893402099609375,0.21968452632427216,0.0,0.2107894867658615,0.7892104983329773,744,0.2107894867658615
745,20,5,pseudo_anomaly_risk,,0.1099504828453064,0.044876836240291595,0.032821375876665115,0.07650741934776306,0.043686043471097946,0.8900495171546936,0.21820321679115295,0.0,0.215694859623909,0.7843051552772522,745,0.215694859623909
746,20,6,stable_normal,,0.0001875460147857666,0.07618807256221771,0.07992276549339294,0.07274092733860016,0.007181838154792786,0.9998124837875366,0.18701696395874023,0.0,0.1890641450881958,0.8109358549118042,746,0.1890641450881958
747,20,7,stable_normal,,0.0014585256576538086,0.07313643395900726,0.08112730085849762,0.0657777488231659,0.015349552035331726,0.9985414743423462,0.18789145350456238,0.0,0.16643346846103668,0.8335665464401245,747,0.16643346846103668
748,20,8,stable_normal,,0.000479280948638916,0.07772165536880493,0.08091171085834503,0.07474103569984436,0.006170675158500671,0.9995207190513611,0.18677504360675812,0.0,0.19683292508125305,0.8031671047210693,748,0.19683292508125305
749,20,9,pseudo_anomaly_risk,,0.3180229067802429,0.03512973338365555,0.0829840898513794,0.03786992281675339,0.04511416703462601,0.6819770932197571,0.27402985095977783,0.0,0.17263959348201752,0.8273603916168213,749,0.17263959348201752
750,20,10,pseudo_anomaly_risk,,0.25562435388565063,0.02846982143819332,0.08388140052556992,0.013873155228793621,0.07000824809074402,0.7443756461143494,0.25877881050109863,0.0,0.19848640263080597,0.8015136122703552,750,0.19848640263080597
751,20,11,stable_normal,,0.07041275501251221,0.02651285193860531,0.050362471491098404,0.016272185370326042,0.03409028798341751,0.9295872449874878,0.2129552662372589,0.0,0.17283618450164795,0.827163815498352,751,0.17283618450164795
752,20,12,stable_normal,,0.00507017970085144,0.051189396530389786,0.07229872792959213,0.035872682929039,0.03642604500055313,0.9949297904968262,0.19307316839694977,0.0,0.1994093656539917,0.8005906343460083,752,0.1994093656539917
753,20,13,noise_sensitive_normal,,0.14997225999832153,0.050902776420116425,0.07128428667783737,0.0527028813958168,0.01858140528202057,0.8500277400016785,0.22646327316761017,0.0,0.1849704533815384,0.8150295615196228,753,0.1849704533815384
754,20,14,stable_normal,,0.03798544406890869,0.07123584300279617,0.06902147829532623,0.08052769303321838,0.011506214737892151,0.9620145559310913,0.1961512416601181,0.0,0.13404305279254913,0.8659569621086121,754,0.13404305279254913
755,20,15,stable_normal,,0.0002237558364868164,0.07612331956624985,0.07320231944322586,0.07913537323474884,0.00593305379152298,0.9997762441635132,0.18703746795654297,0.0,0.16317063570022583,0.8368293642997742,755,0.16317063570022583
756,20,16,pseudo_anomaly_risk,,0.27827441692352295,0.028320057317614555,0.07398408651351929,0.023901766166090965,0.05008231848478317,0.721725583076477,0.2649010419845581,0.0,0.22400353848934174,0.7759964466094971,756,0.22400353848934174
757,20,17,lesion_candidate_preserved,,0.0023088455200195312,0.08437345921993256,0.0770682543516159,0.0923762246966362,0.015307970345020294,0.9976911544799805,0.18584710359573364,0.0,0.1798265278339386,0.8201735019683838,757,0.1798265278339386
758,20,18,stable_normal,,0.015233933925628662,0.08013240247964859,0.08244651556015015,0.08060650527477264,0.0018400102853775024,0.9847660660743713,0.18942737579345703,0.0,0.13583378493785858,0.8641662001609802,758,0.13583378493785858
759,20,19,stable_normal,,0.030225694179534912,0.06161711364984512,0.057289838790893555,0.07070429623126984,0.013414457440376282,0.9697743058204651,0.19642624258995056,0.0,0.16882872581481934,0.8311712741851807,759,0.16882872581481934
760,20,20,stable_normal,,0.03081563115119934,0.07715929299592972,0.07919488102197647,0.08066164702177048,0.0014667659997940063,0.969184398651123,0.19337841868400574,0.0,0.18547499179840088,0.8145250082015991,760,0.18547499179840088
761,20,21,stable_normal,,0.03063875436782837,0.0785752683877945,0.08569160848855972,0.07712036371231079,0.008571244776248932,0.9693612456321716,0.19305260479450226,0.0,0.12600558996200562,0.8739944100379944,761,0.12600558996200562
762,20,22,stable_normal,,0.007190704345703125,0.07836904376745224,0.07029686868190765,0.08878761529922485,0.0184907466173172,0.9928092956542969,0.1880672723054886,0.0,0.15187549591064453,0.8481245040893555,762,0.15187549591064453
763,20,23,lesion_candidate_preserved,,0.0014631450176239014,0.08455739915370941,0.09019242972135544,0.07924190163612366,0.010950528085231781,0.9985368251800537,0.1856330931186676,0.0,0.1314430683851242,0.8685569167137146,763,0.1314430683851242
764,20,24,stable_normal,,0.000274658203125,0.08217889070510864,0.08455363661050797,0.07983499765396118,0.0047186389565467834,0.999725341796875,0.1858518272638321,0.0,0.16161638498306274,0.8383836150169373,764,0.16161638498306274
765,20,25,lesion_candidate_preserved,,0.0002333521842956543,0.09121374040842056,0.08949200809001923,0.0930233895778656,0.0035313814878463745,0.9997666478157043,0.1840691715478897,0.0,0.21312595903873444,0.7868740558624268,765,0.21312595903873444
766,20,26,lesion_candidate_preserved,,0.007822275161743164,0.09399200230836868,0.09870103746652603,0.09092487394809723,0.0077761635184288025,0.9921777248382568,0.1851121336221695,0.0,0.1692708432674408,0.8307291269302368,766,0.1692708432674408
767,20,27,lesion_candidate_preserved,,0.0029819607734680176,0.10882054269313812,0.09961294382810593,0.1192559078335762,0.019642964005470276,0.997018039226532,0.1812160462141037,0.0,0.21365055441856384,0.7863494157791138,767,0.21365055441856384
768,20,28,lesion_candidate_preserved,,0.005333453416824341,0.09194545447826385,0.07281343638896942,0.1150633841753006,0.04224994778633118,0.994666576385498,0.1849924623966217,0.0,0.1533949226140976,0.8466050624847412,768,0.1533949226140976
769,20,29,stable_normal,,0.0002091526985168457,0.07421505451202393,0.07390952110290527,0.0745464339852333,0.0006369128823280334,0.9997908473014832,0.1874125748872757,0.0,0.18947890400886536,0.810521125793457,769,0.18947890400886536
770,20,30,noise_sensitive_normal,,0.35732221603393555,0.037424832582473755,0.0559564009308815,0.07626653462648392,0.020310133695602417,0.6426777839660645,0.28442052006721497,0.0,0.14380241930484772,0.8561975955963135,770,0.14380241930484772
771,20,31,pseudo_anomaly_risk,,0.28455692529678345,0.030679067596793175,0.08419858664274216,0.022977445274591446,0.06122114136815071,0.7154430747032166,0.2660045623779297,0.0,0.1936441957950592,0.8063558340072632,771,0.1936441957950592
772,20,32,lesion_candidate_preserved,,0.0013318955898284912,0.08515927940607071,0.1014513373374939,0.07103794813156128,0.030413389205932617,0.9986680746078491,0.1854870617389679,0.0,0.1798626035451889,0.8201373815536499,772,0.1798626035451889
773,20,33,stable_normal,,0.020772993564605713,0.052178025245666504,0.08750056475400925,0.029233446344733238,0.05826711654663086,0.9792270064353943,0.19629305601119995,0.0,0.16858430206775665,0.8314157128334045,773,0.16858430206775665
774,20,34,noise_sensitive_normal,,0.3103182911872864,0.03961813822388649,0.08155617862939835,0.04703570902347565,0.0345204696059227,0.6896817088127136,0.2707488238811493,0.0,0.21904577314853668,0.7809542417526245,774,0.21904577314853668
775,20,35,pseudo_anomaly_risk,,0.11729532480239868,0.04172637686133385,0.02740195207297802,0.08085952699184418,0.05345757305622101,0.8827046751976013,0.22065454721450806,0.0,0.18102730810642242,0.8189727067947388,775,0.18102730810642242
776,20,36,stable_normal,,0.008778035640716553,0.04053959995508194,0.02398758754134178,0.06893976777791977,0.04495218023657799,0.9912219643592834,0.19605448842048645,0.0,0.19463664293289185,0.8053633570671082,776,0.19463664293289185
777,21,0,stable_normal,,0.011004805564880371,0.017839645966887474,0.014266583137214184,0.022964676842093468,0.008698093704879284,0.9889951944351196,0.20125366747379303,0.0,0.20913934707641602,0.790860652923584,777,0.20913934707641602
778,21,1,pseudo_anomaly_risk,,0.11377507448196411,0.03291354328393936,0.019927870482206345,0.06471747905015945,0.04478960856795311,0.8862249255180359,0.2217891812324524,0.0,0.17630289494991302,0.8236970901489258,778,0.17630289494991302
779,21,2,pseudo_anomaly_risk,,0.28234708309173584,0.026798048987984657,0.07822877913713455,0.01741671748459339,0.06081206351518631,0.7176529169082642,0.2663920223712921,0.0,0.1646413505077362,0.8353586196899414,779,0.1646413505077362
780,21,3,pseudo_anomaly_risk,,0.24895578622817993,0.026880204677581787,0.012085494585335255,0.0790802612900734,0.06699476391077042,0.7510442137718201,0.2574005126953125,0.0,0.19570961594581604,0.8042904138565063,780,0.19570961594581604
781,21,4,stable_normal,,0.018448173999786377,0.03627089038491249,0.03132625296711922,0.04523568972945213,0.013909436762332916,0.9815518260002136,0.19906659424304962,0.0,0.22783643007278442,0.7721635699272156,781,0.22783643007278442
782,21,5,pseudo_anomaly_risk,,0.22947582602500916,0.043290235102176666,0.08242804557085037,0.036623626947402954,0.04580441862344742,0.7705241441726685,0.24824900925159454,0.0,0.22037315368652344,0.7796268463134766,782,0.22037315368652344
783,21,6,stable_normal,,0.0001500844955444336,0.07743127644062042,0.07467759400606155,0.08025447279214859,0.005576878786087036,0.9998499155044556,0.18676301836967468,0.0,0.14147955179214478,0.8585204482078552,783,0.14147955179214478
784,21,7,stable_normal,,0.00010037422180175781,0.07971879094839096,0.07918712496757507,0.08026598393917084,0.0010788589715957642,0.9998996257781982,0.18630041182041168,0.0,0.12390971183776855,0.8760902881622314,784,0.12390971183776855
785,21,8,stable_normal,,0.00028884410858154297,0.08127444982528687,0.08250807225704193,0.08008963614702225,0.002418436110019684,0.9997111558914185,0.18603312969207764,0.0,0.18107745051383972,0.8189225196838379,785,0.18107745051383972
786,21,9,stable_normal,,0.00015497207641601562,0.08015630394220352,0.08384004980325699,0.07670976966619492,0.007130280137062073,0.999845027923584,0.1862255483865738,0.0,0.18785497546195984,0.8121449947357178,786,0.18785497546195984
787,21,10,pseudo_anomaly_risk,,0.2050504982471466,0.02685806155204773,0.08127203583717346,0.008049044758081436,0.07322299480438232,0.7949495315551758,0.24591508507728577,0.0,0.22896432876586914,0.7710356712341309,787,0.22896432876586914
788,21,11,pseudo_anomaly_risk,,0.18783199787139893,0.02810712717473507,0.07054315507411957,0.014042855240404606,0.05650030076503754,0.8121680021286011,0.24120621383190155,0.0,0.1765870749950409,0.8234128952026367,788,0.1765870749950409
789,21,12,stable_normal,,0.007318824529647827,0.07192877680063248,0.08523885905742645,0.06113129481673241,0.024107564240694046,0.9926811456680298,0.18937885761260986,0.0,0.15079548954963684,0.8492045402526855,789,0.15079548954963684
790,21,13,lesion_candidate_preserved,,0.000543445348739624,0.08405036479234695,0.08549924194812775,0.08272530883550644,0.0027739331126213074,0.999456524848938,0.18553970754146576,0.0,0.1805933713912964,0.8194066286087036,790,0.1805933713912964
791,21,14,stable_normal,,0.09401670098304749,0.059067193418741226,0.043824534863233566,0.09486127644777298,0.05103674158453941,0.9059833288192749,0.21135161817073822,0.0,0.15047354996204376,0.8495264649391174,791,0.15047354996204376
792,21,15,stable_normal,,4.589557647705078e-05,0.0796399861574173,0.07756274193525314,0.08177002519369125,0.00420728325843811,0.999954104423523,0.1863044947385788,0.0,0.15402720868587494,0.8459727764129639,792,0.15402720868587494
793,21,16,stable_normal,,0.0001131892204284668,0.07559765130281448,0.07478146255016327,0.0764370933175087,0.0016556307673454285,0.9998868107795715,0.18711820244789124,0.0,0.17557774484157562,0.8244222402572632,793,0.17557774484157562
794,21,17,noise_sensitive_normal,,0.3020932376384735,0.03781282901763916,0.08031747490167618,0.044877804815769196,0.03543967008590698,0.6979067325592041,0.2689596712589264,0.0,0.23003631830215454,0.7699636816978455,794,0.23003631830215454
795,21,18,pseudo_anomaly_risk,,0.21121573448181152,0.049487315118312836,0.08969613909721375,0.04743822291493416,0.04225791618227959,0.7887842655181885,0.24205897748470306,0.0,0.15512186288833618,0.8448781371116638,795,0.15512186288833618
796,21,19,lesion_candidate_preserved,,0.00390857458114624,0.08484996855258942,0.0903455838561058,0.0804075226187706,0.009938061237335205,0.9960914254188538,0.18608975410461426,0.0,0.16180157661437988,0.8381984233856201,796,0.16180157661437988
797,21,20,stable_normal,,0.059047549962997437,0.047877952456474304,0.04131988435983658,0.07357648015022278,0.0322565957903862,0.9409524202346802,0.20573517680168152,0.0,0.2294418215751648,0.7705581784248352,797,0.2294418215751648
798,21,21,noise_sensitive_normal,,0.19175595045089722,0.06009162962436676,0.09306809306144714,0.06437943130731583,0.028688661754131317,0.8082440495491028,0.23464186489582062,0.0,0.1804009974002838,0.8195990324020386,798,0.1804009974002838
799,21,22,stable_normal,,0.0005402565002441406,0.08072156459093094,0.08274774998426437,0.07878188043832779,0.0039658695459365845,0.9994597434997559,0.18619513511657715,0.0,0.15928296744823456,0.8407170176506042,799,0.15928296744823456
800,21,23,lesion_candidate_preserved,,0.0015829801559448242,0.08844471722841263,0.08829294145107269,0.08888866007328033,0.0005957186222076416,0.9984170198440552,0.18489399552345276,0.0,0.20119856297969818,0.7988014221191406,800,0.20119856297969818
801,21,24,lesion_candidate_preserved,,0.0005844235420227051,0.08960260450839996,0.08823023736476898,0.09111286699771881,0.002882629632949829,0.9994155764579773,0.184457927942276,0.0,0.17825044691562653,0.8217495679855347,801,0.17825044691562653
802,21,25,stable_normal,,0.011596381664276123,0.05627211183309555,0.028170058503746986,0.10943807661533356,0.08126801997423172,0.9884036183357239,0.19345524907112122,0.0,0.21217547357082367,0.7878245115280151,802,0.21217547357082367
803,21,26,stable_normal,,0.007667720317840576,0.059731725603342056,0.06137600168585777,0.05906814709305763,0.0023078545928001404,0.9923322796821594,0.19190490245819092,0.0,0.18938696384429932,0.8106130361557007,803,0.18938696384429932
804,21,27,lesion_candidate_preserved,,0.0011184215545654297,0.09481516480445862,0.08195682615041733,0.10922130942344666,0.027264483273029327,0.9988815784454346,0.18354998528957367,0.0,0.20564104616641998,0.7943589687347412,804,0.20564104616641998
805,21,28,lesion_candidate_preserved,,0.08068925142288208,0.0831969827413559,0.08422369509935379,0.0988440066576004,0.014620311558246613,0.9193107485771179,0.20314539968967438,0.0,0.1817021667957306,0.8182978630065918,805,0.1817021667957306
806,21,29,pseudo_anomaly_risk,,0.13765022158622742,0.030352573841810226,0.07651452720165253,0.009952032938599586,0.06656249612569809,0.8623497486114502,0.2281564474105835,0.0,0.21847198903560638,0.7815279960632324,806,0.21847198903560638
807,21,30,stable_normal,,0.00018516182899475098,0.07692255079746246,0.08087646961212158,0.07314199209213257,0.007734477519989014,0.9998148679733276,0.18687105178833008,0.0,0.18724030256271362,0.8127596974372864,807,0.18724030256271362
808,21,31,lesion_candidate_preserved,,0.0001652836799621582,0.0864086002111435,0.08588404953479767,0.08696165680885315,0.001077607274055481,0.9998347163200378,0.18499673902988434,0.0,0.18925133347511292,0.8107486963272095,808,0.18925133347511292
809,21,32,noise_sensitive_normal,,0.24631446599960327,0.0802101194858551,0.1035226508975029,0.11051764339208603,0.00699499249458313,0.7536855340003967,0.24367116391658783,0.0,0.22379560768604279,0.7762044072151184,809,0.22379560768604279
810,21,33,stable_normal,,0.00552859902381897,0.07405533641576767,0.09654063731431961,0.05559245124459267,0.040948186069726944,0.9944714307785034,0.1885729879140854,0.0,0.16621778905391693,0.8337821960449219,810,0.16621778905391693
811,21,34,stable_normal,,0.01156318187713623,0.07955294102430344,0.05620797723531723,0.11061855405569077,0.054410576820373535,0.9884368181228638,0.18876078724861145,0.0,0.20267078280448914,0.7973291873931885,811,0.20267078280448914
812,21,35,pseudo_anomaly_risk,,0.2709179222583771,0.035337310284376144,0.09773306548595428,0.02140216715633869,0.07633090019226074,0.7290821075439453,0.2611473798751831,0.0,0.23758675158023834,0.7624132633209229,812,0.23758675158023834
813,21,36,stable_normal,,0.014212459325790405,0.023662704974412918,0.025542546063661575,0.022913837805390358,0.0026287082582712173,0.9857875108718872,0.20075160264968872,0.0,0.23100654780864716,0.7689934372901917,813,0.23100654780864716
814,22,0,stable_normal,,0.01488274335861206,0.031220460310578346,0.033301789313554764,0.030384786427021027,0.002917002886533737,0.9851172566413879,0.19932542741298676,0.0,0.2529991567134857,0.7470008134841919,814,0.2529991567134857
815,22,1,stable_normal,,0.039583683013916016,0.05084343999624252,0.028577491641044617,0.08729136735200882,0.0587138757109642,0.960416316986084,0.20072925090789795,0.0,0.2041769027709961,0.7958230972290039,815,0.2041769027709961
816,22,2,stable_normal,,9.924173355102539e-05,0.07584886997938156,0.07301676273345947,0.07876519858837128,0.005748435854911804,0.999900758266449,0.1870654821395874,0.0,0.18632976710796356,0.8136702179908752,816,0.18632976710796356
817,22,3,stable_normal,,0.019571244716644287,0.02027512900531292,0.036140404641628265,0.010378393344581127,0.025762010365724564,0.9804287552833557,0.202661395072937,0.0,0.24485433101654053,0.7551456689834595,817,0.24485433101654053
818,22,4,stable_normal,,0.014809608459472656,0.06737612932920456,0.07736826688051224,0.06033406779170036,0.017034199088811874,0.9851903915405273,0.19190020859241486,0.0,0.22565101087093353,0.7743489742279053,818,0.22565101087093353
819,22,5,lesion_candidate_preserved,,0.00031828880310058594,0.08505671471357346,0.08168236911296844,0.08852670341730118,0.006844334304332733,0.9996817111968994,0.18529446423053741,0.0,0.20234671235084534,0.797653317451477,819,0.20234671235084534
820,22,6,stable_normal,,0.04942357540130615,0.06606747210025787,0.07572223991155624,0.06461768597364426,0.011104553937911987,0.9505764245986938,0.19974394142627716,0.0,0.17192590236663818,0.8280740976333618,820,0.17192590236663818
821,22,7,stable_normal,,6.157159805297852e-05,0.07422557473182678,0.07243330776691437,0.07606344670057297,0.0036301389336586,0.999938428401947,0.18737927079200745,0.0,0.12645205855369568,0.8735479116439819,821,0.12645205855369568
822,22,8,stable_normal,,0.00022220611572265625,0.07650694251060486,0.07963939756155014,0.07359874248504639,0.006040655076503754,0.9997777938842773,0.18696115911006927,0.0,0.19610972702503204,0.8038902878761292,822,0.19610972702503204
823,22,9,stable_normal,,8.279085159301758e-05,0.07923836261034012,0.08080542087554932,0.07773414999246597,0.0030712708830833435,0.999917209148407,0.18639159202575684,0.0,0.1765746772289276,0.82342529296875,823,0.1765746772289276
824,22,10,stable_normal,,0.0001366734504699707,0.07966266572475433,0.0810382291674614,0.0783199667930603,0.0027182623744010925,0.99986332654953,0.18631914258003235,0.0,0.14131253957748413,0.8586874604225159,824,0.14131253957748413
825,22,11,stable_normal,,0.0022289156913757324,0.08165517449378967,0.07846366614103317,0.08525552600622177,0.006791859865188599,0.9977710843086243,0.18636657297611237,0.0,0.16926944255828857,0.8307305574417114,825,0.16926944255828857
826,22,12,stable_normal,,0.037972986698150635,0.06412773579359055,0.07911374419927597,0.05633626878261566,0.02277747541666031,0.9620270133018494,0.19761241972446442,0.0,0.175106018781662,0.8248939514160156,826,0.175106018781662
827,22,13,stable_normal,,0.02999153733253479,0.07532832771539688,0.08092669397592545,0.07482604682445526,0.006100647151470184,0.9700084924697876,0.1935717910528183,0.0,0.1941498965024948,0.805850088596344,827,0.1941498965024948
828,22,14,stable_normal,,0.016612529754638672,0.06407574564218521,0.0425543338060379,0.0969569981098175,0.0544026643037796,0.9833874702453613,0.19295763969421387,0.0,0.18694880604743958,0.8130512237548828,828,0.18694880604743958
829,22,15,noise_sensitive_normal,,0.3402719795703888,0.03593941777944565,0.08032149076461792,0.04335777088999748,0.03696371987462044,0.6597280502319336,0.28001195192337036,0.0,0.20848077535629272,0.7915192246437073,829,0.20848077535629272
830,22,16,lesion_candidate_preserved,,0.0017766356468200684,0.0876898318529129,0.0793856531381607,0.09683381021022797,0.01744815707206726,0.9982233643531799,0.1850828230381012,0.0,0.15633024275302887,0.8436697721481323,830,0.15633024275302887
831,22,17,stable_normal,,0.017610371112823486,0.07348913699388504,0.07109571248292923,0.07900433242321014,0.007908619940280914,0.9823896288871765,0.19126996397972107,0.0,0.14117269217967987,0.8588272929191589,831,0.14117269217967987
832,22,18,noise_sensitive_normal,,0.11334371566772461,0.03969467058777809,0.06473583728075027,0.032389651983976364,0.03234618529677391,0.8866562843322754,0.22016553580760956,0.0,0.16913390159606934,0.8308660984039307,832,0.16913390159606934
833,22,19,lesion_candidate_preserved,,0.0009018778800964355,0.08571865409612656,0.08895622193813324,0.0826718881726265,0.006284333765506744,0.9990981221199036,0.1852867603302002,0.0,0.17251066863536835,0.8274893164634705,833,0.17251066863536835
834,22,20,noise_sensitive_normal,,0.11119994521141052,0.042785391211509705,0.036681462079286575,0.06709561496973038,0.030414152890443802,0.8888000249862671,0.21896511316299438,0.0,0.21233998239040375,0.7876600027084351,834,0.21233998239040375
835,22,21,stable_normal,,0.0003215372562408447,0.07824909687042236,0.08394764363765717,0.07293163985013962,0.011016003787517548,0.9996784925460815,0.18663744628429413,0.0,0.22279496490955353,0.7772050499916077,835,0.22279496490955353
836,22,22,stable_normal,,0.010523885488510132,0.06533101201057434,0.07797981798648834,0.055144716054201126,0.022835101932287216,0.9894760847091675,0.19139008224010468,0.0,0.19463829696178436,0.8053616881370544,836,0.19463829696178436
837,22,23,stable_normal,,0.029903918504714966,0.08117236196994781,0.08954070508480072,0.07838486135005951,0.011155843734741211,0.9700961112976074,0.19236744940280914,0.0,0.16842840611934662,0.8315715789794922,837,0.16842840611934662
838,22,24,stable_normal,,0.015361964702606201,0.021972106769680977,0.010998399928212166,0.03923051804304123,0.028232118114829063,0.9846380352973938,0.20136193931102753,0.0,0.24836578965187073,0.7516342401504517,838,0.24836578965187073
839,22,25,pseudo_anomaly_risk,,0.20823714137077332,0.020001128315925598,0.008057946339249611,0.07035466283559799,0.06229671835899353,0.7917628288269043,0.2484009712934494,0.0,0.24763208627700806,0.7523679137229919,839,0.24763208627700806
840,22,26,stable_normal,,0.01529550552368164,0.035183411091566086,0.02179090864956379,0.06624540686607361,0.04445450007915497,0.9847044944763184,0.19859419763088226,0.0,0.22647343575954437,0.7735265493392944,840,0.22647343575954437
841,22,27,stable_normal,,0.012422293424606323,0.06546811759471893,0.05812940374016762,0.07838205248117447,0.02025264874100685,0.9875776767730713,0.19177106022834778,0.0,0.16300907731056213,0.8369909524917603,841,0.16300907731056213
842,22,28,lesion_candidate_preserved,,0.0009515881538391113,0.0841403678059578,0.09066104143857956,0.07807840406894684,0.012582637369632721,0.9990484118461609,0.18560773134231567,0.0,0.14735542237758636,0.8526445627212524,842,0.14735542237758636
843,22,29,stable_normal,,4.789233207702637e-05,0.08003460615873337,0.07955686002969742,0.08052317798137665,0.0009663179516792297,0.9999520778656006,0.18622702360153198,0.0,0.17096735537052155,0.8290326595306396,843,0.17096735537052155
844,22,30,lesion_candidate_preserved,,0.00030165910720825195,0.08381564170122147,0.08860599994659424,0.07918160408735275,0.009424395859241486,0.9996983408927917,0.18553513288497925,0.0,0.17500919103622437,0.8249908089637756,844,0.17500919103622437
845,22,31,lesion_candidate_preserved,,0.0015090107917785645,0.08647260069847107,0.07947347313165665,0.09442154318094254,0.014948070049285889,0.9984909892082214,0.1852658987045288,0.0,0.1954631209373474,0.8045368790626526,845,0.1954631209373474
846,22,32,lesion_candidate_preserved,,0.006373286247253418,0.08513624966144562,0.09076852351427078,0.08089834451675415,0.009870178997516632,0.9936267137527466,0.18655256927013397,0.0,0.1342899352312088,0.8657100796699524,846,0.1342899352312088
847,22,33,pseudo_anomaly_risk,,0.19265693426132202,0.05380294471979141,0.09967677295207977,0.03919310122728348,0.060483671724796295,0.807343065738678,0.23634198307991028,0.0,0.21022751927375793,0.7897725105285645,847,0.21022751927375793
848,22,34,stable_normal,,0.09589153528213501,0.04567631706595421,0.027329759672284126,0.08218396455049515,0.05485420674085617,0.904108464717865,0.2147125005722046,0.0,0.18330809473991394,0.8166918754577637,848,0.18330809473991394
849,22,35,lesion_candidate_preserved,,0.0010295510292053223,0.0920749083161354,0.07843201607465744,0.10785429179668427,0.029422275722026825,0.9989704489707947,0.18406692147254944,0.0,0.2218751162290573,0.7781248688697815,849,0.2218751162290573
850,22,36,pseudo_anomaly_risk,,0.19157463312149048,0.04119114577770233,0.0786517933011055,0.029985494911670685,0.048666298389434814,0.8084253668785095,0.23904584348201752,0.0,0.20345836877822876,0.7965416312217712,850,0.20345836877822876
851,23,0,stable_normal,,0.022510647773742676,0.025794818997383118,0.012509269639849663,0.04817745462059975,0.03566818684339523,0.9774893522262573,0.2021602839231491,0.0,0.16449598968029022,0.8355039954185486,851,0.16449598968029022
852,23,1,stable_normal,,0.0016131997108459473,0.06375272572040558,0.07024085521697998,0.05786533281207085,0.012375522404909134,0.998386800289154,0.18979661166667938,0.0,0.1597062349319458,0.8402937650680542,852,0.1597062349319458
853,23,2,pseudo_anomaly_risk,,0.2181262969970703,0.022856801748275757,0.07454857230186462,0.0064259921200573444,0.06812258064746857,0.7818737030029297,0.25027742981910706,0.0,0.22264795005321503,0.7773520350456238,853,0.22264795005321503
854,23,3,pseudo_anomaly_risk,,0.2529107630252838,0.025097789242863655,0.07114135473966599,0.014374449849128723,0.05676690489053726,0.7470892667770386,0.2588978409767151,0.0,0.16731126606464386,0.8326887488365173,854,0.16731126606464386
855,23,4,pseudo_anomaly_risk,,0.22864076495170593,0.025174716487526894,0.0730895921587944,0.010730605572462082,0.06235898658633232,0.7713592052459717,0.25245940685272217,0.0,0.21231597661972046,0.7876840233802795,855,0.21231597661972046
856,23,5,noise_sensitive_normal,,0.1986316442489624,0.04439660534262657,0.04738849028944969,0.071009062230587,0.023620571941137314,0.8013683557510376,0.240072101354599,0.0,0.18535445630550385,0.814645528793335,856,0.18535445630550385
857,23,6,stable_normal,,0.014120936393737793,0.04927133023738861,0.03790974244475365,0.06950192898511887,0.03159218654036522,0.9858790636062622,0.1954331398010254,0.0,0.2569999694824219,0.7430000305175781,857,0.2569999694824219
858,23,7,lesion_candidate_preserved,,0.002415269613265991,0.08255291730165482,0.08132531493902206,0.08424779027700424,0.0029224753379821777,0.9975847005844116,0.18622857332229614,0.0,0.18502508103847504,0.8149749040603638,858,0.18502508103847504
859,23,8,stable_normal,,7.286667823791504e-05,0.06625871360301971,0.06525392830371857,0.06728842854499817,0.002034500241279602,0.9999271631240845,0.18896687030792236,0.0,0.16640107333660126,0.8335989117622375,859,0.16640107333660126
860,23,9,stable_normal,,0.10670697689056396,0.021525012329220772,0.037256378680467606,0.015622904524207115,0.02163347415626049,0.893293023109436,0.2226550132036209,0.0,0.2238961011171341,0.7761039137840271,860,0.2238961011171341
861,23,10,stable_normal,,0.00798189640045166,0.04144494608044624,0.035948097705841064,0.04977931082248688,0.013831213116645813,0.9920181035995483,0.1956944316625595,0.0,0.1858150213956833,0.8141849637031555,861,0.1858150213956833
862,23,11,pseudo_anomaly_risk,,0.35064664483070374,0.036021873354911804,0.07926369458436966,0.04003852233290672,0.039225172251462936,0.6493533849716187,0.2829064726829529,0.0,0.23381593823432922,0.7661840915679932,862,0.23381593823432922
863,23,12,stable_normal,,0.012632489204406738,0.059944696724414825,0.0768938660621643,0.04691828787326813,0.02997557818889618,0.9873675107955933,0.1929340958595276,0.0,0.20579466223716736,0.7942053079605103,863,0.20579466223716736
864,23,13,stable_normal,,0.003674536943435669,0.062191158533096313,0.07071460783481598,0.05480995774269104,0.01590465009212494,0.9963254928588867,0.19055110216140747,0.0,0.1709519773721695,0.8290480375289917,864,0.1709519773721695
865,23,14,stable_normal,,0.011064350605010986,0.020949140191078186,0.017574258148670197,0.026620153337717056,0.00904589518904686,0.988935649394989,0.20061667263507843,0.0,0.20686565339565277,0.793134331703186,865,0.20686565339565277
866,23,15,stable_normal,,0.02425706386566162,0.05850181356072426,0.07017266750335693,0.05105487257242203,0.019117794930934906,0.9757429361343384,0.19575811922550201,0.0,0.19564001262187958,0.8043599724769592,866,0.19564001262187958
867,23,16,stable_normal,,0.004711568355560303,0.06232073903083801,0.08201571553945541,0.04638978838920593,0.03562592715024948,0.9952884316444397,0.1907474398612976,0.0,0.17931126058101654,0.8206887245178223,867,0.17931126058101654
868,23,17,pseudo_anomaly_risk,,0.12729233503341675,0.047883614897727966,0.03375589847564697,0.08702243119478226,0.053266532719135284,0.8727076649665833,0.22166652977466583,0.0,0.11638355255126953,0.8836164474487305,868,0.11638355255126953
869,23,18,stable_normal,,0.08165663480758667,0.05307776853442192,0.040547922253608704,0.08314782381057739,0.04259990155696869,0.9183433651924133,0.20979265868663788,0.0,0.1713477224111557,0.8286522626876831,869,0.1713477224111557
870,23,19,stable_normal,,0.0010753870010375977,0.07565051317214966,0.08876678347587585,0.06453509628772736,0.0242316871881485,0.9989246129989624,0.18731121718883514,0.0,0.17416107654571533,0.8258389234542847,870,0.17416107654571533
871,23,20,pseudo_anomaly_risk,,0.22017109394073486,0.030956342816352844,0.02291814051568508,0.07741519063711166,0.05449704825878143,0.7798289060592651,0.24883399903774261,0.0,0.22112034261226654,0.7788796424865723,871,0.22112034261226654
872,23,21,noise_sensitive_normal,,0.24281415343284607,0.037472374737262726,0.0549020990729332,0.05716860294342041,0.002266503870487213,0.7571858167648315,0.2531549334526062,0.0,0.2189064472913742,0.7810935378074646,872,0.2189064472913742
873,23,22,noise_sensitive_normal,,0.22302430868148804,0.05873265862464905,0.09155666083097458,0.06874532252550125,0.022811338305473328,0.776975691318512,0.24286174774169922,0.0,0.20700371265411377,0.7929962873458862,873,0.20700371265411377
874,23,23,stable_normal,,0.016540229320526123,0.07269873470067978,0.08396351337432861,0.06497744470834732,0.018986068665981293,0.9834597706794739,0.1911991387605667,0.0,0.20265331864356995,0.7973467111587524,874,0.20265331864356995
875,23,24,lesion_candidate_preserved,,0.013643503189086914,0.0823369175195694,0.07839933037757874,0.08910766988992691,0.010708339512348175,0.9863564968109131,0.1886482983827591,0.0,0.17425262928009033,0.8257473707199097,875,0.17425262928009033
876,23,25,noise_sensitive_normal,,0.17456674575805664,0.030326073989272118,0.060055676847696304,0.022623678669333458,0.037432000041007996,0.8254332542419434,0.2373242974281311,0.0,0.16255690157413483,0.8374431133270264,876,0.16255690157413483
877,23,26,stable_normal,,0.004192918539047241,0.03731151670217514,0.028010400012135506,0.051245853304862976,0.02323545329272747,0.9958070516586304,0.19571295380592346,0.0,0.1959531456232071,0.8040468692779541,877,0.1959531456232071
878,23,27,stable_normal,,0.008836925029754639,0.06356825679540634,0.04712891951203346,0.09037365764379501,0.04324473813176155,0.9911630749702454,0.1913825273513794,0.0,0.19561707973480225,0.8043829202651978,878,0.19561707973480225
879,23,28,stable_normal,,0.00014385581016540527,0.07969582825899124,0.07857193052768707,0.08082431554794312,0.0022523850202560425,0.9998561143875122,0.18631410598754883,0.0,0.2157011330127716,0.7842988967895508,879,0.2157011330127716
880,23,29,stable_normal,,0.0001137852668762207,0.07872597873210907,0.077328622341156,0.08015240728855133,0.0028237849473953247,0.9998862147331238,0.18649935722351074,0.0,0.19876845180988312,0.8012315630912781,880,0.19876845180988312
881,23,30,pseudo_anomaly_risk,,0.2440592348575592,0.047359514981508255,0.09272368997335434,0.04046956077218056,0.05225412920117378,0.7559407949447632,0.251053124666214,0.0,0.16137778759002686,0.8386222124099731,881,0.16137778759002686
882,23,31,stable_normal,,0.0076438188552856445,0.0594591461122036,0.05401157587766647,0.06632515043020248,0.01231357455253601,0.9923561811447144,0.1919548362493515,0.0,0.18803361058235168,0.8119664192199707,882,0.18803361058235168
883,23,32,stable_normal,,0.0690164864063263,0.04204774275422096,0.04115855321288109,0.05253474786877632,0.011376194655895233,0.9309835433959961,0.20926235616207123,0.0,0.20439258217811584,0.7956074476242065,883,0.20439258217811584
884,23,33,pseudo_anomaly_risk,,0.2651561498641968,0.035051219165325165,0.0940207988023758,0.021585341542959213,0.07243545353412628,0.7348438501358032,0.2596767544746399,0.0,0.17973320186138153,0.8202667832374573,884,0.17973320186138153
885,23,34,noise_sensitive_normal,,0.251248300075531,0.05635249242186546,0.09357982873916626,0.06362151354551315,0.029958315193653107,0.748751699924469,0.25072965025901794,0.0,0.2109782099723816,0.7890217900276184,885,0.2109782099723816
886,23,35,stable_normal,,0.004062831401824951,0.05193270742893219,0.05138956755399704,0.05311613157391548,0.0017265640199184418,0.995937168598175,0.1927044689655304,0.0,0.21469256281852722,0.7853074073791504,886,0.21469256281852722
887,23,36,pseudo_anomaly_risk,,0.2369823455810547,0.031999677419662476,0.01925109513103962,0.0874999389052391,0.06824884563684464,0.7630176544189453,0.2529701888561249,0.0,0.21312972903251648,0.7868702411651611,887,0.21312972903251648
888,24,0,noise_sensitive_normal,,0.13751032948493958,0.03197392076253891,0.05006232485175133,0.02544422447681427,0.024618100374937057,0.8624897003173828,0.22775058448314667,0.0,0.21239858865737915,0.7876014113426208,888,0.21239858865737915
889,24,1,noise_sensitive_normal,,0.18658488988876343,0.043912362307310104,0.07436464726924896,0.03852211311459541,0.03584253415465355,0.8134151101112366,0.23714478313922882,0.0,0.20158010721206665,0.7984198927879333,889,0.20158010721206665
890,24,2,stable_normal,,0.08235996961593628,0.03066164255142212,0.06776683777570724,0.012375564314424992,0.05539127439260483,0.9176400303840637,0.21483880281448364,0.0,0.19383098185062408,0.8061690330505371,890,0.19383098185062408
891,24,3,stable_normal,,0.046919405460357666,0.04522950202226639,0.07101190835237503,0.029560374096035957,0.04145153611898422,0.9530805945396423,0.20355291664600372,0.0,0.20757244527339935,0.7924275398254395,891,0.20757244527339935
892,24,4,lesion_candidate_preserved,,0.0002543926239013672,0.08313628286123276,0.07809292525053024,0.08843959867954254,0.010346673429012299,0.9997456073760986,0.18565894663333893,0.0,0.21688704192638397,0.7831129431724548,892,0.21688704192638397
893,24,5,noise_sensitive_normal,,0.2672857642173767,0.04243040829896927,0.0468694269657135,0.07908736169338226,0.03221793472766876,0.7327142357826233,0.2584001123905182,0.0,0.20889101922512054,0.7911089658737183,893,0.20889101922512054
894,24,6,stable_normal,,0.005846142768859863,0.03923673927783966,0.04162248224020004,0.03757016733288765,0.004052314907312393,0.9941538572311401,0.1956799328327179,0.0,0.24246998131275177,0.7575300335884094,894,0.24246998131275177
895,24,7,pseudo_anomaly_risk,,0.22960111498832703,0.02700626291334629,0.08111411333084106,0.010643623769283295,0.07047048956155777,0.7703988552093506,0.2522611618041992,0.0,0.23260943591594696,0.7673905491828918,895,0.23260943591594696
896,24,8,pseudo_anomaly_risk,,0.2527419626712799,0.022522304207086563,0.0693732351064682,0.011163798160851002,0.058209437876939774,0.7472580671310425,0.25949692726135254,0.0,0.21365836262702942,0.786341667175293,896,0.21365836262702942
897,24,9,pseudo_anomaly_risk,,0.21330124139785767,0.026545407250523567,0.0784408301115036,0.009621207602322102,0.06881961971521378,0.7866987586021423,0.24812379479408264,0.0,0.1944357305765152,0.805564284324646,897,0.1944357305765152
898,24,10,stable_normal,,0.09816604852676392,0.039099596440792084,0.028191708028316498,0.06785646826028824,0.03966476023197174,0.9018339514732361,0.21669651567935944,0.0,0.1800522357225418,0.8199477791786194,898,0.1800522357225418
899,24,11,noise_sensitive_normal,,0.2141428291797638,0.028713619336485863,0.058322615921497345,0.024660566821694374,0.03366205096244812,0.7858572006225586,0.2478153109550476,0.0,0.21443331241607666,0.7855666875839233,899,0.21443331241607666
900,24,12,stable_normal,,0.007872313261032104,0.05213006213307381,0.06873180717229843,0.03820115700364113,0.030530650168657303,0.9921276569366455,0.1934894174337387,0.0,0.12395262718200684,0.8760473728179932,900,0.12395262718200684
901,24,13,stable_normal,,0.006894052028656006,0.055823422968387604,0.06692645698785782,0.046869128942489624,0.020057328045368195,0.993105947971344,0.1925283521413803,0.0,0.18904368579387665,0.8109562993049622,901,0.18904368579387665
902,24,14,stable_normal,,0.02051323652267456,0.023691533133387566,0.033329498022794724,0.016310691833496094,0.01701880618929863,0.9794867634773254,0.20215438306331635,0.0,0.22309811413288116,0.77690190076828,902,0.22309811413288116
903,24,15,stable_normal,,0.045243799686431885,0.049197059124708176,0.08321351557970047,0.02718733437359333,0.05602618306875229,0.9547562003135681,0.2023402750492096,0.0,0.13063709437847137,0.8693628907203674,903,0.13063709437847137
904,24,16,noise_sensitive_normal,,0.18682876229286194,0.049527864903211594,0.08187965303659439,0.04640846699476242,0.03547118604183197,0.8131712675094604,0.23588523268699646,0.0,0.20365647971630096,0.7963435053825378,904,0.20365647971630096
905,24,17,pseudo_anomaly_risk,,0.1780422329902649,0.039233218878507614,0.02858986146748066,0.08255739510059357,0.05396753549575806,0.8219577670097351,0.2361009120941162,0.0,0.15865573287010193,0.8413442373275757,905,0.15865573287010193
906,24,18,stable_normal,,0.01892039179801941,0.026773735880851746,0.02872081659734249,0.0265898946672678,0.0021309219300746918,0.9810795783996582,0.20115165412425995,0.0,0.20085111260414124,0.7991489171981812,906,0.20085111260414124
907,24,19,stable_normal,,0.0033014118671417236,0.08199414610862732,0.08779803663492203,0.07704667747020721,0.010751359164714813,0.9966986179351807,0.18652573227882385,0.0,0.16789792478084564,0.8321020603179932,907,0.16789792478084564
908,24,20,stable_normal,,0.0019794106483459473,0.05073454976081848,0.05057258903980255,0.051171183586120605,0.0005985945463180542,0.998020589351654,0.19249683618545532,0.0,0.20926952362060547,0.7907304763793945,908,0.20926952362060547
909,24,21,stable_normal,,0.002153456211090088,0.07681821286678314,0.06910894066095352,0.08547494560480118,0.016366004943847656,0.9978465437889099,0.18730778992176056,0.0,0.18773551285266876,0.8122645020484924,909,0.18773551285266876
910,24,22,stable_normal,,0.003857254981994629,0.05597294494509697,0.0699896290898323,0.04473251476883888,0.025257114320993423,0.9961427450180054,0.19184280931949615,0.0,0.163285493850708,0.836714506149292,910,0.163285493850708
911,24,23,noise_sensitive_normal,,0.21630573272705078,0.04858851060271263,0.05072600394487381,0.08757857978343964,0.036852575838565826,0.7836942672729492,0.24357491731643677,0.0,0.20971374213695526,0.7902862429618835,911,0.20971374213695526
912,24,24,pseudo_anomaly_risk,,0.1702730655670166,0.03907112777233124,0.07899119704961777,0.026893317699432373,0.052097879350185394,0.8297269344329834,0.2341967672109604,0.0,0.1870061159133911,0.8129938840866089,912,0.1870061159133911
913,24,25,lesion_candidate_preserved,,0.005910515785217285,0.08401767909526825,0.08813665062189102,0.08111198246479034,0.0070246681571006775,0.9940894842147827,0.18667608499526978,0.0,0.1966422200202942,0.8033577799797058,913,0.1966422200202942
914,24,26,pseudo_anomaly_risk,,0.237318754196167,0.031091822311282158,0.020940184593200684,0.08389914035797119,0.06295895576477051,0.762681245803833,0.2532821297645569,0.0,0.2234993726015091,0.7765006422996521,914,0.2234993726015091
915,24,27,stable_normal,,0.013446658849716187,0.04947925731539726,0.027031930163502693,0.09636622667312622,0.06933429837226868,0.9865533113479614,0.195243239402771,0.0,0.19417338073253632,0.8058266043663025,915,0.19417338073253632
916,24,28,pseudo_anomaly_risk,,0.3076432943344116,0.02896130643785,0.07873686403036118,0.02390676736831665,0.054830096662044525,0.6923567056655884,0.2727600336074829,0.0,0.17502401769161224,0.8249759674072266,916,0.17502401769161224
917,24,29,stable_normal,,0.0001926124095916748,0.07653391361236572,0.07219993323087692,0.08106008917093277,0.008860155940055847,0.9998073577880859,0.18694956600666046,0.0,0.1817358434200287,0.8182641267776489,917,0.1817358434200287
918,24,30,stable_normal,,0.0010120272636413574,0.07494597136974335,0.06982138007879257,0.08043423295021057,0.010612852871418,0.9989879727363586,0.18743754923343658,0.0,0.2152460515499115,0.7847539186477661,918,0.2152460515499115
919,24,31,pseudo_anomaly_risk,,0.26284676790237427,0.04174966737627983,0.03725537657737732,0.08924628794193268,0.05199091136455536,0.7371532320976257,0.25738900899887085,0.0,0.17278142273426056,0.8272185921669006,919,0.17278142273426056
920,24,32,stable_normal,,0.04198038578033447,0.030516698956489563,0.02644965425133705,0.04372192174196243,0.01727226749062538,0.9580196142196655,0.2055540233850479,0.0,0.20798884332180023,0.7920111417770386,920,0.20798884332180023
921,24,33,lesion_candidate_preserved,,0.0005792975425720215,0.09271449595689774,0.0888419821858406,0.09680285304784775,0.007960870862007141,0.999420702457428,0.18384790420532227,0.0,0.21860331296920776,0.7813966870307922,921,0.21860331296920776
922,24,34,lesion_candidate_preserved,,0.00046518445014953613,0.08415719121694565,0.09210269898176193,0.07674699276685715,0.015355706214904785,0.9995348453521729,0.18550224602222443,0.0,0.17709794640541077,0.8229020833969116,922,0.17709794640541077
923,24,35,stable_normal,,0.07522571086883545,0.029597286134958267,0.018124118447303772,0.056019797921180725,0.03789567947387695,0.9247742891311646,0.21340349316596985,0.0,0.1983691155910492,0.8016308546066284,923,0.1983691155910492
924,24,36,pseudo_anomaly_risk,,0.22990074753761292,0.032722730189561844,0.016420066356658936,0.0976986512541771,0.08127858489751816,0.7700992822647095,0.2509375810623169,0.0,0.23030342161655426,0.7696965932846069,924,0.23030342161655426
925,25,0,stable_normal,,0.07224804162979126,0.03130481392145157,0.06910937279462814,0.011770741082727909,0.05733863264322281,0.9277519583702087,0.21233738958835602,0.0,0.23877708613872528,0.7612228989601135,925,0.23877708613872528
926,25,1,stable_normal,,0.0006928741931915283,0.07537150382995605,0.07572976499795914,0.07514552772045135,0.000584237277507782,0.9993071556091309,0.1872856318950653,0.0,0.21794266998767853,0.7820573449134827,926,0.21794266998767853
927,25,2,stable_normal,,0.000478893518447876,0.061504215002059937,0.0596068874001503,0.06347911059856415,0.003872223198413849,0.9995211362838745,0.1900046020746231,0.0,0.19082751870155334,0.809172511100769,927,0.19082751870155334
928,25,3,stable_normal,,9.822845458984375e-05,0.06845151633024216,0.06737304478883743,0.06955596804618835,0.0021829232573509216,0.9999017715454102,0.1885349005460739,0.0,0.17181265354156494,0.8281873464584351,928,0.17181265354156494
929,25,4,stable_normal,,0.00022178888320922852,0.07479791343212128,0.07553522288799286,0.07410167902708054,0.001433543860912323,0.9997782111167908,0.1872996687889099,0.0,0.16662736237049103,0.8333726525306702,929,0.16662736237049103
930,25,5,stable_normal,,0.060559868812561035,0.021896297112107277,0.05943113565444946,0.008278057910501957,0.05115307867527008,0.939440131187439,0.2116706520318985,0.0,0.24641449749469757,0.7535855174064636,930,0.24641449749469757
931,25,6,pseudo_anomaly_risk,,0.32130247354507446,0.02809343859553337,0.07756783068180084,0.02767658792436123,0.049891240894794464,0.6786975264549255,0.2767683267593384,0.0,0.17773133516311646,0.8222686648368835,931,0.17773133516311646
932,25,7,stable_normal,,0.0002625882625579834,0.07302331924438477,0.07151678204536438,0.07457402348518372,0.003057241439819336,0.9997373819351196,0.18766041100025177,0.0,0.14379172027111053,0.8562082648277283,932,0.14379172027111053
933,25,8,stable_normal,,0.07948076725006104,0.045280616730451584,0.027810316532850266,0.07809024304151535,0.050279926508665085,0.920519232749939,0.21097739040851593,0.0,0.2105073779821396,0.7894926071166992,933,0.2105073779821396
934,25,9,stable_normal,,0.00011047720909118652,0.07924678176641464,0.07747803628444672,0.08105475455522537,0.003576718270778656,0.9998894929885864,0.1863957643508911,0.0,0.1594819277524948,0.840518057346344,934,0.1594819277524948
935,25,10,pseudo_anomaly_risk,,0.17366594076156616,0.04098130390048027,0.02887856215238571,0.08002766221761703,0.05114910006523132,0.8263340592384338,0.23459655046463013,0.0,0.2183321863412857,0.7816678285598755,935,0.2183321863412857
936,25,11,stable_normal,,0.03160905838012695,0.018780753016471863,0.02493329532444477,0.014605537988245487,0.010327757336199284,0.968390941619873,0.20569626986980438,0.0,0.18007957935333252,0.8199204206466675,936,0.18007957935333252
937,25,12,pseudo_anomaly_risk,,0.18694621324539185,0.037534963339567184,0.028249939903616905,0.07844959199428558,0.05019965022802353,0.8130537867546082,0.23874202370643616,0.0,0.18418008089065552,0.8158199191093445,937,0.18418008089065552
938,25,13,stable_normal,,0.0027105212211608887,0.0725271925330162,0.06596247106790543,0.08002272248268127,0.014060251414775848,0.9972894787788391,0.18827837705612183,0.0,0.15662553906440735,0.843374490737915,938,0.15662553906440735
939,25,14,stable_normal,,0.0012741684913635254,0.06404682248830795,0.07014290243387222,0.05852792412042618,0.011614978313446045,0.9987258315086365,0.1896652728319168,0.0,0.20267069339752197,0.797329306602478,939,0.20267069339752197
940,25,15,stable_normal,,0.0006040036678314209,0.07814949750900269,0.07381463050842285,0.0827377587556839,0.008923128247261047,0.9993959665298462,0.18671675026416779,0.0,0.1884506344795227,0.8115493655204773,940,0.1884506344795227
941,25,16,stable_normal,,0.0012105107307434082,0.07174111157655716,0.08102862536907196,0.06357719749212265,0.01745142787694931,0.9987894892692566,0.18811626732349396,0.0,0.1815173625946045,0.8184826374053955,941,0.1815173625946045
942,25,17,noise_sensitive_normal,,0.16426944732666016,0.024966495111584663,0.04916371777653694,0.01835019327700138,0.03081352449953556,0.8357305526733398,0.23599982261657715,0.0,0.19597549736499786,0.8040245175361633,942,0.19597549736499786
943,25,18,stable_normal,,0.07265955209732056,0.044876184314489365,0.025116171687841415,0.0891023650765419,0.06398619711399078,0.9273404479026794,0.20949071645736694,0.0,0.21844352781772614,0.7815564870834351,943,0.21844352781772614
944,25,19,stable_normal,,0.026611119508743286,0.04599972814321518,0.037204355001449585,0.059280283749103546,0.02207592874765396,0.9733889102935791,0.19885525107383728,0.0,0.19443510472774506,0.8055648803710938,944,0.19443510472774506
945,25,20,stable_normal,,0.0042237937450408936,0.04308636859059334,0.04896904155611992,0.03796212002635002,0.011006921529769897,0.9957761764526367,0.19453838467597961,0.0,0.20675966143608093,0.7932403087615967,945,0.20675966143608093
946,25,21,stable_normal,,0.002504706382751465,0.06496187299489975,0.061898764222860336,0.06844647228717804,0.006547708064317703,0.9974952936172485,0.1897449791431427,0.0,0.15668673813343048,0.8433132767677307,946,0.15668673813343048
947,25,22,stable_normal,,0.002086430788040161,0.06262438744306564,0.06006370857357979,0.06546016782522202,0.005396459251642227,0.9979135990142822,0.19012396037578583,0.0,0.132408007979393,0.8675919771194458,947,0.132408007979393
948,25,23,stable_normal,,0.002135753631591797,0.04751962423324585,0.04130394384264946,0.055175941437482834,0.013871997594833374,0.9978642463684082,0.19318245351314545,0.0,0.15786518156528473,0.8421348333358765,948,0.15786518156528473
949,25,24,stable_normal,,0.00538557767868042,0.06003204733133316,0.043701861053705215,0.08371425420045853,0.04001239314675331,0.9946144223213196,0.1913529485464096,0.0,0.20403753221035004,0.7959624528884888,949,0.20403753221035004
950,25,25,noise_sensitive_normal,,0.13105618953704834,0.06294941157102585,0.06669902056455612,0.0829969123005867,0.01629789173603058,0.8689438104629517,0.2191934734582901,0.0,0.20447468757629395,0.795525312423706,950,0.20447468757629395
951,25,26,stable_normal,,0.008713960647583008,0.022692272439599037,0.02187415584921837,0.02467864751815796,0.0028044916689395905,0.991286039352417,0.19973012804985046,0.0,0.23729799687862396,0.7627019882202148,951,0.23729799687862396
952,25,27,stable_normal,,0.005319118499755859,0.053358130156993866,0.03762463480234146,0.07442250847816467,0.03679787367582321,0.9946808815002441,0.1926872730255127,0.0,0.21074332296848297,0.7892566919326782,952,0.21074332296848297
953,25,28,noise_sensitive_normal,,0.32019752264022827,0.03828494995832443,0.07968632131814957,0.04314879700541496,0.036537524312734604,0.6798024773597717,0.2738136351108551,0.0,0.21756894886493683,0.7824310660362244,953,0.21756894886493683
954,25,29,stable_normal,,0.10841259360313416,0.03154266998171806,0.04916730150580406,0.032528720796108246,0.016638580709695816,0.8915873765945435,0.22081248462200165,0.0,0.23809659481048584,0.7619034051895142,954,0.23809659481048584
955,25,30,pseudo_anomaly_risk,,0.13521412014961243,0.03297726437449455,0.01642019674181938,0.0736202672123909,0.05720007047057152,0.86478590965271,0.22696037590503693,0.0,0.16056635975837708,0.8394336700439453,955,0.16056635975837708
956,25,31,stable_normal,,0.00016814470291137695,0.07787171751260757,0.075556680560112,0.08025926351547241,0.004702582955360413,0.9998318552970886,0.1866796910762787,0.0,0.15680773556232452,0.8431922793388367,956,0.15680773556232452
957,25,32,stable_normal,,0.10850703716278076,0.05496103689074516,0.07115670293569565,0.05568624660372734,0.015470456331968307,0.8914929628372192,0.21563135087490082,0.0,0.19766156375408173,0.8023384213447571,957,0.19766156375408173
958,25,33,stable_normal,,9.149312973022461e-05,0.07439278811216354,0.07129096239805222,0.07760237157344818,0.006311409175395966,0.9999085068702698,0.18735241889953613,0.0,0.17822761833667755,0.8217723965644836,958,0.17822761833667755
959,25,34,stable_normal,,0.0025828182697296143,0.07114662230014801,0.08300046622753143,0.06068888679146767,0.022311579436063766,0.9974172115325928,0.1885261982679367,0.0,0.17473675310611725,0.825263261795044,959,0.17473675310611725
960,25,35,lesion_candidate_preserved,,0.0017646253108978271,0.08812884241342545,0.08779361099004745,0.08879721909761429,0.0010036081075668335,0.9982353448867798,0.18499405682086945,0.0,0.19943131506443024,0.800568699836731,960,0.19943131506443024
961,25,36,stable_normal,,0.08535510301589966,0.02231430821120739,0.016294848173856735,0.04720216616988182,0.030907317996025085,0.9146448969841003,0.21738587319850922,0.0,0.22027157247066498,0.7797284126281738,961,0.22027157247066498
962,26,0,stable_normal,,0.06085324287414551,0.021071884781122208,0.025960858911275864,0.02122347615659237,0.004737382754683495,0.9391467571258545,0.21191799640655518,0.0,0.221488818526268,0.7785111665725708,962,0.221488818526268
963,26,1,stable_normal,,0.06566962599754333,0.023816104978322983,0.041230928152799606,0.015995655208826065,0.02523527294397354,0.9343303442001343,0.21243952214717865,0.0,0.23547519743442535,0.7645248174667358,963,0.23547519743442535
964,26,2,pseudo_anomaly_risk,,0.20948639512062073,0.021659335121512413,0.07084015756845474,0.006641779560595751,0.06419837474822998,0.7905136346817017,0.24832193553447723,0.0,0.21219517290592194,0.7878048419952393,964,0.21219517290592194
965,26,3,stable_normal,,0.00020706653594970703,0.0733727514743805,0.06699278950691223,0.08023718744516373,0.013244397938251495,0.9997929334640503,0.18757928907871246,0.0,0.15304091572761536,0.846959114074707,965,0.15304091572761536
966,26,4,stable_normal,,0.033620744943618774,0.0443166047334671,0.07722403109073639,0.024196967482566833,0.053027063608169556,0.9663792848587036,0.20076347887516022,0.0,0.1995965540409088,0.8004034757614136,966,0.1995965540409088
967,26,5,noise_sensitive_normal,,0.15983381867408752,0.04542454332113266,0.07109925150871277,0.0491744801402092,0.02192477136850357,0.8401662111282349,0.23013514280319214,0.0,0.24510709941387177,0.754892885684967,967,0.24510709941387177
968,26,6,stable_normal,,0.00836104154586792,0.06094185262918472,0.04851677641272545,0.0763363167643547,0.027819540351629257,0.9916389584541321,0.19180993735790253,0.0,0.22596655786037445,0.7740334272384644,968,0.22596655786037445
969,26,7,pseudo_anomaly_risk,,0.26349592208862305,0.022273220121860504,0.06817485392093658,0.012089059688150883,0.056085795164108276,0.736504077911377,0.2624422311782837,0.0,0.20502714812755585,0.794972836971283,969,0.20502714812755585
970,26,8,pseudo_anomaly_risk,,0.2559099793434143,0.03216053918004036,0.07234594970941544,0.026764972135424614,0.04558097571134567,0.7440900206565857,0.2579337954521179,0.0,0.2206590175628662,0.7793409824371338,970,0.2206590175628662
971,26,9,stable_normal,,0.011412471532821655,0.07400515675544739,0.0776432454586029,0.07242730259895325,0.005215942859649658,0.988587498664856,0.18983756005764008,0.0,0.1914980262517929,0.8085019588470459,971,0.1914980262517929
972,26,10,pseudo_anomaly_risk,,0.25621363520622253,0.024363044649362564,0.07527300715446472,0.011345726437866688,0.06392727792263031,0.7437863349914551,0.2599636912345886,0.0,0.21383796632289886,0.7861620187759399,972,0.21383796632289886
973,26,11,stable_normal,,0.0031491219997406006,0.07512523233890533,0.0763656347990036,0.07445713877677917,0.0019084960222244263,0.996850848197937,0.18785475194454193,0.0,0.18658354878425598,0.8134164810180664,973,0.18658354878425598
974,26,12,stable_normal,,0.10851317644119263,0.034840814769268036,0.0233345627784729,0.06675544381141663,0.043420881032943726,0.8914868235588074,0.22009824216365814,0.0,0.19160234928131104,0.808397650718689,974,0.19160234928131104
975,26,13,stable_normal,,0.0005375444889068604,0.06611967086791992,0.06848782300949097,0.06395415961742401,0.004533663392066956,0.9994624853134155,0.18909363448619843,0.0,0.19421130418777466,0.8057886958122253,975,0.19421130418777466
976,26,14,stable_normal,,0.00019246339797973633,0.06638222187757492,0.06804314255714417,0.06482315808534622,0.003219984471797943,0.9998075366020203,0.18896767497062683,0.0,0.20240110158920288,0.7975988984107971,976,0.20240110158920288
977,26,15,stable_normal,,0.00014197826385498047,0.07608426362276077,0.07370997220277786,0.07857181131839752,0.004861839115619659,0.999858021736145,0.1870279163122177,0.0,0.16243158280849457,0.8375684022903442,977,0.16243158280849457
978,26,16,stable_normal,,0.0023084282875061035,0.06822831928730011,0.06842004507780075,0.0684209018945694,8.568167686462402e-07,0.9976915717124939,0.18904991447925568,0.0,0.20440085232257843,0.7955991625785828,978,0.20440085232257843
979,26,17,stable_normal,,0.02327030897140503,0.03722355514764786,0.037654098123311996,0.03966725617647171,0.0020131580531597137,0.976729691028595,0.1999387890100479,0.0,0.22336065769195557,0.7766393423080444,979,0.22336065769195557
980,26,18,stable_normal,,0.004901885986328125,0.028659610077738762,0.023557983338832855,0.036533087491989136,0.01297510415315628,0.9950981140136719,0.19764912128448486,0.0,0.2205161303281784,0.7794838547706604,980,0.2205161303281784
981,26,19,stable_normal,,0.004730701446533203,0.041229043155908585,0.052794087678194046,0.031588196754455566,0.02120589092373848,0.9952692985534668,0.19502833485603333,0.0,0.14200656116008759,0.8579934239387512,981,0.14200656116008759
982,26,20,stable_normal,,0.003626585006713867,0.0777139663696289,0.057029787451028824,0.10344797372817993,0.04641818627715111,0.9963734149932861,0.18744191527366638,0.0,0.17163793742656708,0.8283620476722717,982,0.17163793742656708
983,26,21,lesion_candidate_preserved,,0.021749496459960938,0.18928685784339905,0.08319596201181412,0.39694133400917053,0.313745379447937,0.9782505035400391,0.16982720792293549,0.0,0.2606000006198883,0.7394000291824341,983,0.2606000006198883
984,26,22,lesion_candidate_preserved,,0.004493445158004761,0.09443222731351852,0.07701186090707779,0.11704842001199722,0.040036559104919434,0.9955065250396729,0.18432898819446564,0.0,0.23419344425201416,0.7658065557479858,984,0.23419344425201416
985,26,23,stable_normal,,0.002729743719100952,0.04377958923578262,0.05154063552618027,0.037342920899391174,0.014197714626789093,0.9972702264785767,0.1940719485282898,0.0,0.16564065217971802,0.834359347820282,985,0.16564065217971802
986,26,24,stable_normal,,0.0019646883010864258,0.06248097121715546,0.056244224309921265,0.0698234960436821,0.013579271733760834,0.9980353116989136,0.1901266723871231,0.0,0.12678389251232147,0.8732160925865173,986,0.12678389251232147
987,26,25,stable_normal,,0.005589872598648071,0.026022182777523994,0.024817505851387978,0.028154704719781876,0.003337198868393898,0.9944101572036743,0.19834645092487335,0.0,0.17886748909950256,0.8211325407028198,987,0.17886748909950256
988,26,26,stable_normal,,0.024667084217071533,0.06324704736471176,0.07575026154518127,0.05575283616781235,0.019997425377368927,0.9753329157829285,0.1948762834072113,0.0,0.196061372756958,0.803938627243042,988,0.196061372756958
989,26,27,stable_normal,,0.0001291036605834961,0.07524009793996811,0.07556083798408508,0.0749458447098732,0.0006149932742118835,0.9998708963394165,0.1871924102306366,0.0,0.17175200581550598,0.8282480239868164,989,0.17175200581550598
990,26,28,stable_normal,,0.0006165504455566406,0.07062159478664398,0.06225252151489258,0.07987363636493683,0.01762111485004425,0.9993834495544434,0.18821293115615845,0.0,0.14291085302829742,0.8570891618728638,990,0.14291085302829742
991,26,29,noise_sensitive_normal,,0.26380234956741333,0.015425167977809906,0.043104734271764755,0.01925012655556202,0.023854607716202736,0.7361976504325867,0.26425519585609436,0.0,0.2413407266139984,0.7586592435836792,991,0.2413407266139984
992,26,30,stable_normal,,0.00039446353912353516,0.06940912455320358,0.06259510666131973,0.0767781138420105,0.014183007180690765,0.9996055364608765,0.18840712308883667,0.0,0.16837647557258606,0.8316235542297363,992,0.16837647557258606
993,26,31,stable_normal,,0.002743631601333618,0.07811633497476578,0.07804981619119644,0.07867934554815292,0.0006295293569564819,0.9972563982009888,0.18717533349990845,0.0,0.1956886649131775,0.8043113350868225,993,0.1956886649131775
994,26,32,noise_sensitive_normal,,0.35380399227142334,0.044255271553993225,0.07876288890838623,0.06744887679815292,0.011314012110233307,0.6461960077285767,0.2816229462623596,0.0,0.2218899428844452,0.7781100273132324,994,0.2218899428844452
995,26,33,noise_sensitive_normal,,0.22953319549560547,0.04671317711472511,0.07798423618078232,0.05138161778450012,0.026602618396282196,0.7704668045043945,0.24743276834487915,0.0,0.15538452565670013,0.8446154594421387,995,0.15538452565670013
996,26,34,stable_normal,,0.0007487237453460693,0.07986822724342346,0.08039052039384842,0.07947807759046555,0.0009124428033828735,0.9992512464523315,0.18640753626823425,0.0,0.180511936545372,0.8194880485534668,996,0.180511936545372
997,26,35,noise_sensitive_normal,,0.19556990265846252,0.024955378845334053,0.04389020800590515,0.024173667654395103,0.019716540351510048,0.8044301271438599,0.2439364641904831,0.0,0.22628353536128998,0.7737164497375488,997,0.22628353536128998
998,26,36,pseudo_anomaly_risk,,0.27928629517555237,0.03677147626876831,0.026832081377506256,0.09601261466741562,0.06918053328990936,0.72071373462677,0.2630355656147003,0.0,0.21060992777347565,0.7893900871276855,998,0.21060992777347565
999,27,0,stable_normal,,0.01223638653755188,0.03324810042977333,0.031552668660879135,0.036733366549015045,0.00518069788813591,0.9877636432647705,0.19831882417201996,0.0,0.22027790546417236,0.7797220945358276,999,0.22027790546417236
1000,27,1,stable_normal,,0.009712576866149902,0.03928672522306442,0.036316219717264175,0.04413888230919838,0.007822662591934204,0.9902874231338501,0.19651684165000916,0.0,0.23735980689525604,0.7626401782035828,1000,0.23735980689525604
1001,27,2,pseudo_anomaly_risk,,0.1695411205291748,0.027338752523064613,0.07259096205234528,0.008961842395365238,0.06362912058830261,0.8304588794708252,0.23676471412181854,0.0,0.22041001915931702,0.7795900106430054,1001,0.22041001915931702
1002,27,3,stable_normal,,0.03334534168243408,0.0469672866165638,0.06914250552654266,0.032923758029937744,0.03621874749660492,0.9666546583175659,0.2001487761735916,0.0,0.209713876247406,0.790286123752594,1002,0.209713876247406
1003,27,4,noise_sensitive_normal,,0.33978819847106934,0.03742823004722595,0.07400806248188019,0.05270640552043915,0.02130165696144104,0.6602118015289307,0.2794857323169708,0.0,0.1697729229927063,0.8302270770072937,1003,0.1697729229927063
1004,27,5,stable_normal,,0.007616221904754639,0.04751688241958618,0.07205165922641754,0.03166232258081436,0.04038933664560318,0.9923837780952454,0.19437304139137268,0.0,0.2547575533390045,0.7452424764633179,1004,0.2547575533390045
1005,27,6,stable_normal,,0.007455378770828247,0.08164040744304657,0.07531788945198059,0.08998465538024902,0.014666765928268433,0.9925446510314941,0.18747350573539734,0.0,0.21574793756008148,0.7842520475387573,1005,0.21574793756008148
1006,27,7,stable_normal,,0.04517003893852234,0.01814572513103485,0.018561815842986107,0.02102854661643505,0.002466730773448944,0.9548299312591553,0.20892958343029022,0.0,0.24360103905200958,0.7563989758491516,1006,0.24360103905200958
1007,27,8,stable_normal,,0.00017470121383666992,0.07706150412559509,0.07505296915769577,0.07914462685585022,0.0040916576981544495,0.9998252987861633,0.18684135377407074,0.0,0.15244516730308533,0.8475548028945923,1007,0.15244516730308533
1008,27,9,stable_normal,,0.09603512287139893,0.03304468095302582,0.07792489975690842,0.012297607026994228,0.06562729179859161,0.9039648771286011,0.21753357350826263,0.0,0.15959899127483368,0.8404009938240051,1008,0.15959899127483368
1009,27,10,stable_normal,,0.0001748502254486084,0.07439345866441727,0.07729222625494003,0.07162080705165863,0.005671419203281403,0.999825119972229,0.1873699426651001,0.0,0.18135324120521545,0.8186467885971069,1009,0.18135324120521545
1010,27,11,stable_normal,,0.035727500915527344,0.03962143510580063,0.07213227450847626,0.019365940243005753,0.052766334265470505,0.9642724990844727,0.20221851766109467,0.0,0.22472144663333893,0.7752785682678223,1010,0.22472144663333893
1011,27,12,stable_normal,,0.016543924808502197,0.02488221414387226,0.0139346644282341,0.05113164335489273,0.03719697892665863,0.9834560751914978,0.20101681351661682,0.0,0.21346153318881989,0.7865384817123413,1011,0.21346153318881989
1012,27,13,pseudo_anomaly_risk,,0.24754783511161804,0.02525690756738186,0.016062619164586067,0.07762482017278671,0.061562202870845795,0.7524521350860596,0.2574306130409241,0.0,0.20382346212863922,0.796176552772522,1012,0.20382346212863922
1013,27,14,stable_normal,,0.0010471045970916748,0.07149071991443634,0.06577420234680176,0.07785117626190186,0.012076973915100098,0.9989528656005859,0.1881314069032669,0.0,0.19483205676078796,0.8051679134368896,1013,0.19483205676078796
1014,27,15,pseudo_anomaly_risk,,0.278633713722229,0.030674807727336884,0.07645982503890991,0.02447015792131424,0.05198966711759567,0.721366286277771,0.2644013464450836,0.0,0.17943550646305084,0.8205645084381104,1014,0.17943550646305084
1015,27,16,stable_normal,,0.006638050079345703,0.033072326332330704,0.023486023768782616,0.047429703176021576,0.02394367940723896,0.9933619499206543,0.19712086021900177,0.0,0.23475852608680725,0.7652415037155151,1015,0.23475852608680725
1016,27,17,noise_sensitive_normal,,0.16819846630096436,0.039700061082839966,0.05874161422252655,0.04507402703166008,0.01366758719086647,0.8318015336990356,0.2335333675146103,0.0,0.201280876994133,0.7987191081047058,1016,0.201280876994133
1017,27,18,stable_normal,,0.003291219472885132,0.0453328862786293,0.05863547697663307,0.03502820432186127,0.023607272654771805,0.9967087507247925,0.19387765228748322,0.0,0.15774977207183838,0.8422502279281616,1017,0.15774977207183838
1018,27,19,stable_normal,,0.002747833728790283,0.057944681495428085,0.07382941991090775,0.04567571356892586,0.028153706341981888,0.9972521662712097,0.19120639562606812,0.0,0.13582995533943176,0.8641700744628906,1018,0.13582995533943176
1019,27,20,lesion_candidate_preserved,,0.004010319709777832,0.2027752697467804,0.1384132206439972,0.2779983878135681,0.13958516716957092,0.9959896802902222,0.163956880569458,0.0,0.21457719802856445,0.7854228019714355,1019,0.21457719802856445
1020,27,21,lesion_candidate_preserved,,0.006166607141494751,0.41685599088668823,0.305520236492157,0.5439664125442505,0.2384461760520935,0.9938334226608276,0.12955278158187866,0.051020409911870956,0.29543784260749817,0.7045621871948242,1020,0.29543784260749817
1021,27,22,lesion_candidate_preserved,,0.0036782920360565186,0.30576956272125244,0.21995772421360016,0.40135759115219116,0.181399866938591,0.9963216781616211,0.1463290899991989,0.025510204955935478,0.24057862162590027,0.7594213485717773,1021,0.24057862162590027
1022,27,23,stable_normal,,0.0030375421047210693,0.05220600590109825,0.04910043999552727,0.05608249455690384,0.006982054561376572,0.9969624280929565,0.19242754578590393,0.0,0.17117734253406525,0.828822672367096,1022,0.17117734253406525
1023,27,24,stable_normal,,0.003674536943435669,0.04007721692323685,0.053857676684856415,0.029662897810339928,0.024194778874516487,0.9963254928588867,0.19503338634967804,0.0,0.1537279188632965,0.8462721109390259,1023,0.1537279188632965
1024,27,25,stable_normal,,0.018081247806549072,0.02234932966530323,0.015524353832006454,0.035287804901599884,0.01976345106959343,0.9819187521934509,0.20189127326011658,0.0,0.20801633596420288,0.7919836640357971,1024,0.20801633596420288
1025,27,26,lesion_candidate_preserved,,0.010684221982955933,0.08735004812479019,0.09256946295499802,0.08428869396448135,0.008280768990516663,0.9893157482147217,0.18702471256256104,0.0,0.17407825589179993,0.8259217739105225,1025,0.17407825589179993
1026,27,27,stable_normal,,0.011000871658325195,0.052604835480451584,0.026614123955368996,0.09267177432775497,0.06605765223503113,0.9889991283416748,0.1940721571445465,0.0,0.16901347041130066,0.830986499786377,1026,0.16901347041130066
1027,27,28,noise_sensitive_normal,2,0.44989728927612305,0.031995173543691635,0.05750037357211113,0.035274915397167206,0.022225458174943924,0.550102710723877,0.3128354847431183,0.0,0.24238470196723938,0.757615327835083,1027,0.24238470196723938
1028,27,29,stable_normal,,0.0008066296577453613,0.07133851945400238,0.061806268990039825,0.08206218481063843,0.020255915820598602,0.9991933703422546,0.18811063468456268,0.0,0.15078306198120117,0.8492169380187988,1028,0.15078306198120117
1029,27,30,stable_normal,,3.9249658584594727e-05,0.07795429974794388,0.0773368626832962,0.07858321815729141,0.0012463554739952087,0.9999607801437378,0.18663617968559265,0.0,0.1519133299589157,0.8480866551399231,1029,0.1519133299589157
1030,27,31,stable_normal,,0.020888447761535645,0.029676906764507294,0.032336052507162094,0.029067089781165123,0.003268962725996971,0.9791115522384644,0.20098364353179932,0.0,0.23180268704891205,0.7681972980499268,1030,0.23180268704891205
1031,27,32,pseudo_anomaly_risk,,0.233026921749115,0.03655046224594116,0.07064005732536316,0.03243483975529671,0.03820521757006645,0.766973078250885,0.250817209482193,0.0,0.21740664541721344,0.7825933694839478,1031,0.21740664541721344
1032,27,33,lesion_candidate_preserved,,0.0006299018859863281,0.08372721821069717,0.08722126483917236,0.08048425614833832,0.006737008690834045,0.9993700981140137,0.1856215000152588,0.0,0.16414609551429749,0.8358539342880249,1032,0.16414609551429749
1033,27,34,noise_sensitive_normal,,0.2523602545261383,0.0466371588408947,0.07569167762994766,0.05664197728037834,0.01904970034956932,0.7476397752761841,0.25340667366981506,0.0,0.1565333902835846,0.8434666395187378,1033,0.1565333902835846
1034,27,35,stable_normal,,0.004080533981323242,0.026807522401213646,0.022221947088837624,0.03352109342813492,0.011299146339297295,0.9959194660186768,0.19785070419311523,0.0,0.16179528832435608,0.8382047414779663,1034,0.16179528832435608
1035,27,36,stable_normal,,0.004590213298797607,0.024888692423701286,0.019754471257328987,0.03242403268814087,0.012669561430811882,0.9954097867012024,0.19836026430130005,0.0,0.18716008961200714,0.812839925289154,1035,0.18716008961200714
1036,28,0,stable_normal,,0.00462302565574646,0.03035035729408264,0.03055538609623909,0.030620766803622246,6.538070738315582e-05,0.9953769445419312,0.1972387284040451,0.0,0.2427704632282257,0.7572295665740967,1036,0.2427704632282257
1037,28,1,stable_normal,,0.021142423152923584,0.05027327686548233,0.049586065113544464,0.05378619581460953,0.0042001307010650635,0.9788575768470764,0.19676585495471954,0.0,0.20190489292144775,0.7980951070785522,1037,0.20190489292144775
1038,28,2,pseudo_anomaly_risk,,0.21228599548339844,0.0195989441126585,0.06338171660900116,0.00625200942158699,0.05712970718741417,0.7877140045166016,0.2495512068271637,0.0,0.22639885544776917,0.7736011743545532,1038,0.22639885544776917
1039,28,3,stable_normal,,0.00061798095703125,0.05496381223201752,0.05966831371188164,0.050751060247421265,0.008917253464460373,0.9993820190429688,0.191349059343338,0.0,0.19030387699604034,0.8096961379051208,1039,0.19030387699604034
1040,28,4,pseudo_anomaly_risk,,0.14249789714813232,0.03203268349170685,0.07156909257173538,0.015142087824642658,0.0564270056784153,0.8575021028518677,0.2289585918188095,0.0,0.16655333340168,0.8334466814994812,1040,0.16655333340168
1041,28,5,stable_normal,,0.1000211238861084,0.02597407065331936,0.03790183365345001,0.024132994934916496,0.013768838718533516,0.8999788761138916,0.22005462646484375,0.0,0.2358679473400116,0.764132022857666,1041,0.2358679473400116
1042,28,6,noise_sensitive_normal,,0.199209064245224,0.033687446266412735,0.05998247116804123,0.03269067779183388,0.02729179337620735,0.8007909059524536,0.24277357757091522,0.0,0.17862363159656525,0.821376383304596,1042,0.17862363159656525
1043,28,7,stable_normal,,0.003199279308319092,0.01969391293823719,0.021588241681456566,0.01806715875864029,0.0035210829228162766,0.9968007206916809,0.1991298943758011,0.0,0.15597158670425415,0.8440284132957458,1043,0.15597158670425415
1044,28,8,stable_normal,,0.00026994943618774414,0.07463441789150238,0.07112515717744827,0.07835657149553299,0.007231414318084717,0.9997300505638123,0.18734228610992432,0.0,0.20464755594730377,0.7953524589538574,1044,0.20464755594730377
1045,28,9,pseudo_anomaly_risk,,0.28274375200271606,0.024436477571725845,0.01899782195687294,0.06352711468935013,0.04452929273247719,0.7172562479972839,0.2671014964580536,0.0,0.19736288487911224,0.8026371002197266,1045,0.19736288487911224
1046,28,10,pseudo_anomaly_risk,,0.1633954644203186,0.033884938806295395,0.0706433355808258,0.016931161284446716,0.05371217429637909,0.8366045355796814,0.23369421064853668,0.0,0.2064756453037262,0.7935243844985962,1046,0.2064756453037262
1047,28,11,stable_normal,,0.004651665687561035,0.028419941663742065,0.022856449708342552,0.03598656505346298,0.01313011534512043,0.995348334312439,0.1976434737443924,0.0,0.2261834293603897,0.7738165855407715,1047,0.2261834293603897
1048,28,12,stable_normal,,0.005621045827865601,0.030913300812244415,0.02321271039545536,0.04332888126373291,0.02011617086827755,0.994378924369812,0.19734229147434235,0.0,0.21746109426021576,0.782538890838623,1048,0.21746109426021576
1049,28,13,stable_normal,,0.014604777097702026,0.027890734374523163,0.013969030231237411,0.05765911564230919,0.04369008541107178,0.9853951930999756,0.19995667040348053,0.0,0.2287110835313797,0.7712889313697815,1049,0.2287110835313797
1050,28,14,pseudo_anomaly_risk,,0.136094868183136,0.033460672944784164,0.017101557925343513,0.07688906788825989,0.05978751182556152,0.863905131816864,0.22706466913223267,0.0,0.20377373695373535,0.7962262630462646,1050,0.20377373695373535
1051,28,15,stable_normal,,0.024928241968154907,0.06472109258174896,0.05807379260659218,0.07629744708538055,0.018223654478788376,0.9750717878341675,0.1946321278810501,0.0,0.19901491701602936,0.8009850978851318,1051,0.19901491701602936
1052,28,16,stable_normal,,0.0496562123298645,0.051161136478185654,0.04044688120484352,0.07451328635215759,0.03406640514731407,0.9503437876701355,0.20291781425476074,0.0,0.22973008453845978,0.7702699303627014,1052,0.22973008453845978
1053,28,17,stable_normal,,0.0044172704219818115,0.07462184131145477,0.08839809149503708,0.0633961632847786,0.025001928210258484,0.9955826997756958,0.1882239729166031,0.0,0.18906788527965546,0.8109320998191833,1053,0.18906788527965546
1054,28,18,stable_normal,,0.008513212203979492,0.07361190021038055,0.12745943665504456,0.04106893017888069,0.08639051020145416,0.9914867877960205,0.189297154545784,0.0,0.16033096611499786,0.8396690487861633,1054,0.16033096611499786
1055,28,19,lesion_candidate_preserved,,0.004224717617034912,0.13989655673503876,0.1820818930864334,0.10817620158195496,0.07390569150447845,0.9957752823829651,0.17553742229938507,0.0,0.1913955956697464,0.8086044192314148,1055,0.1913955956697464
1056,28,20,lesion_candidate_preserved,3,0.014980196952819824,0.5533474683761597,0.40528109669685364,0.6990153789520264,0.29373428225517273,0.9850198030471802,0.11200248450040817,0.0,0.44182586669921875,0.5581741333007812,1056,0.44182586669921875
1057,28,21,lesion_candidate_preserved,,0.0027826428413391113,0.38432401418685913,0.3450840413570404,0.4243679344654083,0.07928389310836792,0.9972173571586609,0.13386031985282898,0.5663264989852905,0.27097752690315247,0.7290225028991699,1057,0.27097752690315247
1058,28,22,lesion_candidate_preserved,,0.0068648457527160645,0.2951464056968689,0.2631983458995819,0.3337218463420868,0.07052350044250488,0.9931351542472839,0.14862552285194397,0.6428571343421936,0.26955074071884155,0.7304492592811584,1058,0.26955074071884155
1059,28,23,lesion_candidate_preserved,,0.007479965686798096,0.12376804649829865,0.20631912350654602,0.07347415387630463,0.1328449696302414,0.9925200343132019,0.1792631447315216,0.0,0.16795501112937927,0.8320449590682983,1059,0.16795501112937927
1060,28,24,stable_normal,,0.002054542303085327,0.050200846046209335,0.053756602108478546,0.047009918838739395,0.006746683269739151,0.9979454278945923,0.1926211565732956,0.0,0.153462752699852,0.8465372323989868,1060,0.153462752699852
1061,28,25,stable_normal,,0.005501866340637207,0.04226892441511154,0.032509926706552505,0.057041991502046585,0.02453206479549408,0.9944981336593628,0.19498394429683685,0.0,0.17603744566440582,0.8239625692367554,1061,0.17603744566440582
1062,28,26,stable_normal,,0.02291738986968994,0.08066696673631668,0.08236873894929886,0.08317527174949646,0.0008065328001976013,0.9770826101303101,0.1909649670124054,0.0,0.2066396027803421,0.7933604121208191,1062,0.2066396027803421
1063,28,27,noise_sensitive_normal,,0.29337239265441895,0.04034007340669632,0.07350997626781464,0.05532921850681305,0.018180757761001587,0.706627607345581,0.26593998074531555,0.0,0.14767025411128998,0.8523297309875488,1063,0.14767025411128998
1064,28,28,stable_normal,,5.370378494262695e-05,0.07862623035907745,0.07564473152160645,0.08172483742237091,0.006080105900764465,0.9999462962150574,0.18650640547275543,0.0,0.18110480904579163,0.8188952207565308,1064,0.18110480904579163
1065,28,29,stable_normal,,0.00024521350860595703,0.07766929268836975,0.0751393735408783,0.0803784728050232,0.0052390992641448975,0.999754786491394,0.18673598766326904,0.0,0.15412256121635437,0.8458774089813232,1065,0.15412256121635437
1066,28,30,stable_normal,,0.000496596097946167,0.08060786873102188,0.08060356974601746,0.0807022824883461,9.87127423286438e-05,0.9995033740997314,0.18620836734771729,0.0,0.17379646003246307,0.8262035250663757,1066,0.17379646003246307
1067,28,31,stable_normal,,0.000987410545349121,0.07013063132762909,0.0789564922451973,0.062008123844861984,0.016948368400335312,0.9990125894546509,0.18838943541049957,0.0,0.1975572258234024,0.8024427890777588,1067,0.1975572258234024
1068,28,32,noise_sensitive_normal,,0.19649672508239746,0.04238481447100639,0.07003410905599594,0.04210764914751053,0.027926459908485413,0.8035032749176025,0.24000877141952515,0.0,0.18215331435203552,0.8178466558456421,1068,0.18215331435203552
1069,28,33,noise_sensitive_normal,,0.18229463696479797,0.052330806851387024,0.07384847104549408,0.058483194559812546,0.015365276485681534,0.8177053928375244,0.23409602046012878,0.0,0.19417409598827362,0.8058258891105652,1069,0.19417409598827362
1070,28,34,noise_sensitive_normal,,0.3593049645423889,0.037692878395318985,0.07487624883651733,0.05511017516255379,0.019766073673963547,0.6406950354576111,0.2849105894565582,0.0,0.1907215714454651,0.8092784285545349,1070,0.1907215714454651
1071,28,35,pseudo_anomaly_risk,,0.29001185297966003,0.03096858784556389,0.021183427423238754,0.08990346640348434,0.06872004270553589,0.7099881172180176,0.2674136459827423,0.0,0.16477404534816742,0.8352259397506714,1071,0.16477404534816742
1072,28,36,stable_normal,,0.009071946144104004,0.016038792207837105,0.020533395931124687,0.012828066945075989,0.007705328986048698,0.990928053855896,0.20119886100292206,0.0,0.23640090227127075,0.7635990977287292,1072,0.23640090227127075
1073,29,0,stable_normal,,0.03606772422790527,0.012167363427579403,0.010763769969344139,0.016144244000315666,0.005380474030971527,0.9639322757720947,0.2081267535686493,0.0,0.2502826452255249,0.7497173547744751,1073,0.2502826452255249
1074,29,1,stable_normal,,0.001085728406906128,0.05383962765336037,0.059957001358270645,0.048158686608076096,0.01179831475019455,0.9989142417907715,0.19167643785476685,0.0,0.21745623648166656,0.7825437784194946,1074,0.21745623648166656
1075,29,2,stable_normal,,0.00025460124015808105,0.06338730454444885,0.06670288741588593,0.0601961612701416,0.006506726145744324,0.9997453689575195,0.18957951664924622,0.0,0.16635358333587646,0.8336464166641235,1075,0.16635358333587646
1076,29,3,stable_normal,,0.000854790210723877,0.0634365826845169,0.054996516555547714,0.0727803036570549,0.017783787101507187,0.9991452097892761,0.18969784677028656,0.0,0.1711561679840088,0.8288438320159912,1076,0.1711561679840088
1077,29,4,stable_normal,,0.00034362077713012695,0.07269435375928879,0.06774863600730896,0.07788466662168503,0.010136030614376068,0.9996563792228699,0.1877429187297821,0.0,0.18930061161518097,0.8106994032859802,1077,0.18930061161518097
1078,29,5,noise_sensitive_normal,,0.26491090655326843,0.026466330513358116,0.030929606407880783,0.05433999001979828,0.023410383611917496,0.7350890636444092,0.2617662847042084,0.0,0.14544662833213806,0.8545533418655396,1078,0.14544662833213806
1079,29,6,noise_sensitive_normal,,0.21295437216758728,0.0377797931432724,0.06963330507278442,0.03542784973978996,0.03420545533299446,0.7870455980300903,0.24531473219394684,0.0,0.20118173956871033,0.7988182306289673,1079,0.20118173956871033
1080,29,7,noise_sensitive_normal,,0.21975550055503845,0.015745429322123528,0.02121596969664097,0.02918037213385105,0.007964402437210083,0.7802444696426392,0.25244659185409546,0.0,0.15646494925022125,0.8435350656509399,1080,0.15646494925022125
1081,29,8,pseudo_anomaly_risk,,0.2697239816188812,0.02498125657439232,0.013122407719492912,0.07559662312269211,0.06247421354055405,0.7302759885787964,0.2634362578392029,0.0,0.20018526911735535,0.7998147010803223,1081,0.20018526911735535
1082,29,9,stable_normal,,0.019833266735076904,0.04652341827750206,0.07101702690124512,0.02882695384323597,0.0421900749206543,0.9801667332649231,0.19725069403648376,0.0,0.19238542020320892,0.8076145648956299,1082,0.19238542020320892
1083,29,10,stable_normal,,0.0030212700366973877,0.07106496393680573,0.0642581433057785,0.07908882945775986,0.014830686151981354,0.996978759765625,0.1886357218027115,0.0,0.18149258196353912,0.8185074329376221,1083,0.18149258196353912
1084,29,11,stable_normal,,0.003673374652862549,0.04630983993411064,0.03701198846101761,0.058854736387729645,0.021842747926712036,0.9963266253471375,0.19376182556152344,0.0,0.18820162117481232,0.8117983937263489,1084,0.18820162117481232
1085,29,12,stable_normal,,0.004275113344192505,0.030443206429481506,0.024728404358029366,0.03705411031842232,0.012325705960392952,0.9957249164581299,0.19714303314685822,0.0,0.22554245591163635,0.774457573890686,1085,0.22554245591163635
1086,29,13,noise_sensitive_normal,,0.19988173246383667,0.021101156249642372,0.031248314306139946,0.03133275732398033,8.444301784038544e-05,0.8001182675361633,0.2459733486175537,0.0,0.22142867743968964,0.7785713076591492,1086,0.22142867743968964
1087,29,14,stable_normal,,0.0475735068321228,0.07800959795713425,0.06873586028814316,0.09973036497831345,0.030994504690170288,0.9524264931678772,0.1968623548746109,0.0,0.21391238272190094,0.7860876321792603,1087,0.21391238272190094
1088,29,15,stable_normal,,0.0005341768264770508,0.07543174177408218,0.07311420142650604,0.07793090492486954,0.004816703498363495,0.999465823173523,0.1872401088476181,0.0,0.1713917851448059,0.8286082148551941,1088,0.1713917851448059
1089,29,16,noise_sensitive_normal,,0.19232714176177979,0.05747528746724129,0.07822474092245102,0.07104294747114182,0.007181793451309204,0.8076728582382202,0.23539724946022034,0.0,0.14295543730258942,0.8570445775985718,1089,0.14295543730258942
1090,29,17,stable_normal,,0.076904296875,0.057167597115039825,0.10412882268428802,0.03498537838459015,0.06914344429969788,0.923095703125,0.20782141387462616,0.0,0.20080438256263733,0.7991956472396851,1090,0.20080438256263733
1091,29,18,lesion_candidate_preserved,,0.013659656047821045,0.10940577834844589,0.1305278241634369,0.08945351094007492,0.04107431322336197,0.986340343952179,0.18331435322761536,0.0,0.22684693336486816,0.7731530666351318,1091,0.22684693336486816
1092,29,19,lesion_candidate_preserved,,0.009199917316436768,0.09944143891334534,0.17268937826156616,0.05828344076871872,0.11440593749284744,0.9908000826835632,0.18433156609535217,0.0,0.1626325249671936,0.8373674750328064,1092,0.1626325249671936
1093,29,20,lesion_candidate_preserved,,0.004531502723693848,0.4390358626842499,0.397720605134964,0.47919756174087524,0.08147695660591125,0.9954684972763062,0.12607908248901367,0.0,0.3312346935272217,0.6687653064727783,1093,0.3312346935272217
1094,29,21,lesion_candidate_preserved,,0.003661930561065674,0.3265174627304077,0.32038095593452454,0.33304688334465027,0.012665927410125732,0.9963380694389343,0.14298270642757416,0.1428571492433548,0.2721335291862488,0.7278664708137512,1094,0.2721335291862488
1095,29,22,lesion_candidate_preserved,,0.004968851804733276,0.20058758556842804,0.28178665041923523,0.1401999294757843,0.14158672094345093,0.9950311183929443,0.1645309031009674,0.06122449040412903,0.2180226743221283,0.7819772958755493,1095,0.2180226743221283
1096,29,23,lesion_candidate_preserved,,0.010226428508758545,0.08634912967681885,0.15631555020809174,0.0470772385597229,0.10923831164836884,0.9897735714912415,0.18712621927261353,0.0,0.17930465936660767,0.8206953406333923,1096,0.17930465936660767
1097,29,24,stable_normal,,0.003094583749771118,0.05030661076307297,0.06487952917814255,0.03859895095229149,0.02628057822585106,0.9969054460525513,0.19282463192939758,0.0,0.13778723776340485,0.8622127771377563,1097,0.13778723776340485
1098,29,25,stable_normal,,0.01812279224395752,0.05023697391152382,0.055113088339567184,0.04762223735451698,0.007490850985050201,0.9818772077560425,0.19611085951328278,0.0,0.2159363478422165,0.7840636372566223,1098,0.2159363478422165
1099,29,26,pseudo_anomaly_risk,,0.2491539716720581,0.04145137593150139,0.04033777117729187,0.08984487503767014,0.049507103860378265,0.7508460283279419,0.25384169816970825,0.0,0.16672444343566895,0.833275556564331,1099,0.16672444343566895
1100,29,27,noise_sensitive_normal,,0.1568668782711029,0.07378652691841125,0.08954165875911713,0.08872231841087341,0.0008193403482437134,0.8431330919265747,0.22294023633003235,0.0,0.18042784929275513,0.8195721507072449,1100,0.18042784929275513
1101,29,28,stable_normal,,0.02982345223426819,0.039601121097803116,0.05057641118764877,0.03234179690480232,0.01823461428284645,0.9701765775680542,0.20090214908123016,0.0,0.294183611869812,0.705816388130188,1101,0.294183611869812
1102,29,29,stable_normal,,0.00036656856536865234,0.07158897817134857,0.07648218423128128,0.06696399301290512,0.00951819121837616,0.9996334314346313,0.187967449426651,0.0,0.16950000822544098,0.8305000066757202,1102,0.16950000822544098
1103,29,30,noise_sensitive_normal,,0.2896972894668579,0.05227172002196312,0.07845045626163483,0.07977218925952911,0.0013217329978942871,0.7103027105331421,0.261928528547287,0.0,0.16527637839317322,0.8347235918045044,1103,0.16527637839317322
1104,29,31,stable_normal,,0.0001182854175567627,0.07804831117391586,0.07533402740955353,0.08084781467914581,0.005513787269592285,0.9998817443847656,0.18663425743579865,0.0,0.20762626826763153,0.7923737168312073,1104,0.20762626826763153
1105,29,32,stable_normal,,0.08153355121612549,0.03386945277452469,0.07623516023159027,0.012761794030666351,0.06347336620092392,0.9184664487838745,0.21394163370132446,0.0,0.1970043033361435,0.8029956817626953,1105,0.1970043033361435
1106,29,33,stable_normal,,0.0003171563148498535,0.07848631590604782,0.07561615109443665,0.08153598010540009,0.00591982901096344,0.9996828436851501,0.18658961355686188,0.0,0.16813023388385773,0.8318697810173035,1106,0.16813023388385773
1107,29,34,noise_sensitive_normal,,0.2046821117401123,0.03623458743095398,0.040553316473960876,0.06776592135429382,0.027212604880332947,0.7953178882598877,0.2435629516839981,0.0,0.18867331743240356,0.8113266825675964,1107,0.18867331743240356
1108,29,35,pseudo_anomaly_risk,,0.193954199552536,0.03411169722676277,0.01771537773311138,0.09383781254291534,0.07612243294715881,0.8060457706451416,0.24133223295211792,0.0,0.15292146801948547,0.8470785617828369,1108,0.15292146801948547
1109,29,36,stable_normal,,0.004848361015319824,0.02318822592496872,0.01910712942481041,0.028659984469413757,0.009552855044603348,0.9951516389846802,0.19876983761787415,0.0,0.16878460347652435,0.8312153816223145,1109,0.16878460347652435
1110,30,0,stable_normal,,0.002326071262359619,0.0195710901170969,0.0186306182295084,0.020735543221235275,0.0021049249917268753,0.9976739287376404,0.19896189868450165,0.0,0.23041047155857086,0.7695895433425903,1110,0.23041047155857086
1111,30,1,stable_normal,,0.004143834114074707,0.052499230951070786,0.06485025584697723,0.04201826825737953,0.022831987589597702,0.9958561658859253,0.19260720908641815,0.0,0.20360910892486572,0.7963908910751343,1111,0.20360910892486572
1112,30,2,stable_normal,,0.09983223676681519,0.014557924121618271,0.01005648821592331,0.03174600005149841,0.021689511835575104,0.9001677632331848,0.22257183492183685,0.0,0.20795074105262756,0.7920492887496948,1112,0.20795074105262756
1113,30,3,stable_normal,,0.03445032238960266,0.015387049876153469,0.011450966820120811,0.02718432806432247,0.01573336124420166,0.9655497074127197,0.2070670872926712,0.0,0.227563738822937,0.772436261177063,1113,0.227563738822937
1114,30,4,stable_normal,,0.07592570781707764,0.009347686544060707,0.00908664707094431,0.013976356014609337,0.004889708943665028,0.9240742921829224,0.2180301696062088,0.0,0.23275282979011536,0.767247200012207,1114,0.23275282979011536
1115,30,5,noise_sensitive_normal,,0.21517685055732727,0.020846614614129066,0.021807916462421417,0.04141342639923096,0.01960550993680954,0.7848231792449951,0.24999964237213135,0.0,0.17280890047550201,0.8271911144256592,1115,0.17280890047550201
1116,30,6,noise_sensitive_normal,,0.13149946928024292,0.019259929656982422,0.03228755667805672,0.017704537138342857,0.01458301953971386,0.8685005307197571,0.2291969656944275,0.0,0.19684149324893951,0.8031585216522217,1116,0.19684149324893951
1117,30,7,pseudo_anomaly_risk,,0.2846713960170746,0.02861723117530346,0.023739006370306015,0.07954263687133789,0.055803630501031876,0.715328574180603,0.26656031608581543,0.0,0.16643975675106049,0.8335602283477783,1117,0.16643975675106049
1118,30,8,pseudo_anomaly_risk,,0.27821823954582214,0.023304827511310577,0.013479742221534252,0.07301528006792068,0.05953553691506386,0.7217817306518555,0.2661597430706024,0.0,0.20613202452659607,0.7938679456710815,1118,0.20613202452659607
1119,30,9,stable_normal,,0.0004798769950866699,0.06949698179960251,0.07042121887207031,0.06863707304000854,0.0017841458320617676,0.9995201230049133,0.1884077936410904,0.0,0.18755294382572174,0.8124470710754395,1119,0.18755294382572174
1120,30,10,stable_normal,,0.00479280948638916,0.07619951665401459,0.06731154769659042,0.08685183525085449,0.01954028755426407,0.9952071905136108,0.18798984587192535,0.0,0.22202472388744354,0.7779752612113953,1120,0.22202472388744354
1121,30,11,stable_normal,,0.0003211796283721924,0.07030095160007477,0.07597588002681732,0.06512469053268433,0.010851189494132996,0.9996788501739502,0.1882139891386032,0.0,0.20943941175937653,0.7905606031417847,1121,0.20943941175937653
1122,30,12,pseudo_anomaly_risk,,0.17952194809913635,0.0398823507130146,0.07264778763055801,0.03202337771654129,0.040624409914016724,0.820478081703186,0.2363194227218628,0.0,0.16167932748794556,0.8383206725120544,1122,0.16167932748794556
1123,30,13,stable_normal,,0.00015416741371154785,0.07193147391080856,0.06895511597394943,0.07505742460489273,0.006102308630943298,0.9998458623886108,0.18785430490970612,0.0,0.2293592393398285,0.7706407308578491,1123,0.2293592393398285
1124,30,14,pseudo_anomaly_risk,,0.1861567497253418,0.03019137494266033,0.0739162415266037,0.012478700838983059,0.061437539756298065,0.8138432502746582,0.24028439819812775,0.0,0.20701530575752258,0.7929847240447998,1124,0.20701530575752258
1125,30,15,stable_normal,,0.0026332736015319824,0.07112401723861694,0.07658231258392334,0.06650140136480331,0.010080911219120026,0.997366726398468,0.18854141235351562,0.0,0.1787809282541275,0.8212190866470337,1125,0.1787809282541275
1126,30,16,pseudo_anomaly_risk,,0.24195557832717896,0.025792626664042473,0.0696147158741951,0.01373029313981533,0.05588442087173462,0.758044421672821,0.25581473112106323,0.0,0.23280341923236847,0.7671965956687927,1126,0.23280341923236847
1127,30,17,stable_normal,,0.004159450531005859,0.06472832709550858,0.08341721445322037,0.05039948597550392,0.033017728477716446,0.9958405494689941,0.19014564156532288,0.0,0.23261286318302155,0.7673871517181396,1127,0.23261286318302155
1128,30,18,stable_normal,,0.004246711730957031,0.04528465121984482,0.043290212750434875,0.048331134021282196,0.0050409212708473206,0.995753288269043,0.19409511983394623,0.0,0.15343092381954193,0.8465690612792969,1128,0.15343092381954193
1129,30,19,stable_normal,,0.006076812744140625,0.048204872757196426,0.05849487707018852,0.03866589069366455,0.01982898637652397,0.9939231872558594,0.19389811158180237,0.0,0.18101026117801666,0.8189897537231445,1129,0.18101026117801666
1130,30,20,lesion_candidate_preserved,,0.002306520938873291,0.11080583184957504,0.11203568428754807,0.11008337140083313,0.0019523128867149353,0.9976934790611267,0.1806936413049698,0.0,0.177911177277565,0.8220888376235962,1130,0.177911177277565
1131,30,21,lesion_candidate_preserved,,0.005625724792480469,0.14608478546142578,0.20719459652900696,0.10087842494249344,0.10631617158651352,0.9943742752075195,0.1746545135974884,0.0,0.22393935918807983,0.7760606408119202,1131,0.22393935918807983
1132,30,22,lesion_candidate_preserved,,0.00448530912399292,0.10227629542350769,0.12735706567764282,0.08135683834552765,0.04600022733211517,0.9955146908760071,0.18279613554477692,0.0,0.19693180918693542,0.8030681610107422,1132,0.19693180918693542
1133,30,23,stable_normal,,0.002279818058013916,0.022752411663532257,0.021225886419415474,0.024538684636354446,0.0033127982169389725,0.9977201819419861,0.1982921063899994,0.0,0.21909452974796295,0.7809054851531982,1133,0.21909452974796295
1134,30,24,stable_normal,,0.008945941925048828,0.032694730907678604,0.021787583827972412,0.05277051031589508,0.03098292648792267,0.9910540580749512,0.19770701229572296,0.0,0.14765731990337372,0.8523426651954651,1134,0.14765731990337372
1135,30,25,stable_normal,,0.04572451114654541,0.06888418644666672,0.049161069095134735,0.12205340713262558,0.07289233803749084,0.9542754888534546,0.19833941757678986,0.0,0.21434614062309265,0.785653829574585,1135,0.21434614062309265
1136,30,26,stable_normal,,0.009205251932144165,0.051789965480566025,0.03390343859791756,0.07286422699689865,0.038960788398981094,0.9907947778701782,0.1938478946685791,0.0,0.17459316551685333,0.8254068493843079,1136,0.17459316551685333
1137,30,27,pseudo_anomaly_risk,,0.2460307776927948,0.04434390366077423,0.03509921208024025,0.099374920129776,0.06427571177482605,0.7539691925048828,0.2523089647293091,0.0,0.19542749226093292,0.8045725226402283,1137,0.19542749226093292
1138,30,28,stable_normal,,0.0019852519035339355,0.03935261443257332,0.04189116135239601,0.03709498420357704,0.00479617714881897,0.9980147480964661,0.19481302797794342,0.0,0.29787585139274597,0.7021241188049316,1138,0.29787585139274597
1139,30,29,noise_sensitive_normal,,0.34406715631484985,0.041419774293899536,0.06418728083372116,0.054968368262052536,0.009218912571668625,0.6559328436851501,0.2796364724636078,0.0,0.25205421447753906,0.7479457855224609,1139,0.25205421447753906
1140,30,30,stable_normal,,0.012345820665359497,0.053517576307058334,0.033377423882484436,0.08133101463317871,0.047953590750694275,0.9876542091369629,0.19417859613895416,0.0,0.21978411078453064,0.780215859413147,1140,0.21978411078453064
1141,30,31,pseudo_anomaly_risk,,0.2721865177154541,0.027582520619034767,0.0700710192322731,0.021897418424487114,0.04817359894514084,0.7278134822845459,0.2634429633617401,0.0,0.19090422987937927,0.8090957403182983,1141,0.19090422987937927
1142,30,32,stable_normal,,5.6862831115722656e-05,0.07385463267564774,0.0733613669872284,0.07436380535364151,0.0010024383664131165,0.9999431371688843,0.18745185434818268,0.0,0.2057265192270279,0.7942734956741333,1142,0.2057265192270279
1143,30,33,stable_normal,,4.9501657485961914e-05,0.07726475596427917,0.0768975168466568,0.07764261960983276,0.0007451027631759644,0.9999505281448364,0.18677471578121185,0.0,0.20421937108039856,0.7957806587219238,1143,0.20421937108039856
1144,30,34,stable_normal,,0.0065586864948272705,0.06562147289514542,0.05634460970759392,0.07683921605348587,0.020494606345891953,0.9934413433074951,0.19048026204109192,0.0,0.2129257619380951,0.7870742082595825,1144,0.2129257619380951
1145,30,35,pseudo_anomaly_risk,,0.21411219239234924,0.02828960493206978,0.08484097570180893,0.00880582258105278,0.07603515684604645,0.7858878374099731,0.24791032075881958,0.0,0.2134462296962738,0.7865537405014038,1145,0.2134462296962738
1146,30,36,stable_normal,,0.00014340877532958984,0.0771116092801094,0.07721713930368423,0.07703088223934174,0.00018625706434249878,0.9998565912246704,0.18682484328746796,0.0,0.21626882255077362,0.7837311625480652,1146,0.21626882255077362
1147,31,0,noise_sensitive_normal,,0.19063138961791992,0.03144567459821701,0.054080426692962646,0.024067347869277,0.030013078823685646,0.8093686103820801,0.24112245440483093,0.0,0.22209295630455017,0.7779070138931274,1147,0.22209295630455017
1148,31,1,stable_normal,,0.026810556650161743,0.04816345497965813,0.07055903226137161,0.032417647540569305,0.03814138472080231,0.9731894731521606,0.1984507441520691,0.0,0.23247969150543213,0.7675203084945679,1148,0.23247969150543213
1149,31,2,stable_normal,,0.0009914636611938477,0.01691500097513199,0.017042458057403564,0.016859015449881554,0.0001834426075220108,0.9990085363388062,0.1992177516222,0.0,0.20799948275089264,0.7920005321502686,1149,0.20799948275089264
1150,31,3,stable_normal,,0.00047576427459716797,0.06887675076723099,0.07191531360149384,0.06599791347980499,0.005917400121688843,0.9995242357254028,0.18853046000003815,0.0,0.2197076976299286,0.780292272567749,1150,0.2197076976299286
1151,31,4,stable_normal,,0.07423746585845947,0.05246442183852196,0.06812115013599396,0.0474986732006073,0.020622476935386658,0.9257625341415405,0.208219975233078,0.0,0.20641504228115082,0.793584942817688,1151,0.20641504228115082
1152,31,5,stable_normal,,0.0923263430595398,0.02385256253182888,0.028151128441095352,0.028353838250041008,0.00020270980894565582,0.9076736569404602,0.21869626641273499,0.0,0.16138966381549835,0.8386103510856628,1152,0.16138966381549835
1153,31,6,pseudo_anomaly_risk,,0.15283077955245972,0.03216277062892914,0.06689071655273438,0.016328055411577225,0.05056266114115715,0.8471692204475403,0.23147368431091309,0.0,0.17926336824893951,0.8207366466522217,1153,0.17926336824893951
1154,31,7,noise_sensitive_normal,,0.2507047653198242,0.051006216555833817,0.06776520609855652,0.08057072758674622,0.012805521488189697,0.7492952346801758,0.2518976926803589,0.0,0.18747124075889587,0.8125287294387817,1154,0.18747124075889587
1155,31,8,stable_normal,,0.015969187021255493,0.01868777722120285,0.02179996483027935,0.016147729009389877,0.005652235820889473,0.9840308427810669,0.20218686759471893,0.0,0.1386920064687729,0.8613079786300659,1155,0.1386920064687729
1156,31,9,stable_normal,,0.05150711536407471,0.016955392435193062,0.014472432434558868,0.029570799320936203,0.015098366886377335,0.9484928846359253,0.21064676344394684,0.0,0.20614756643772125,0.7938524484634399,1156,0.20614756643772125
1157,31,10,stable_normal,,0.09166613221168518,0.017445674166083336,0.010541676543653011,0.03932402655482292,0.028782349079847336,0.9083338975906372,0.2199680358171463,0.0,0.1982899308204651,0.8017100691795349,1157,0.1982899308204651
1158,31,11,stable_normal,,0.011572480201721191,0.020692037418484688,0.02505994588136673,0.018877891823649406,0.006182054057717323,0.9884275197982788,0.20078368484973907,0.0,0.16618570685386658,0.833814263343811,1158,0.16618570685386658
1159,31,12,pseudo_anomaly_risk,,0.26449453830718994,0.02824478968977928,0.018895544111728668,0.07620112597942352,0.057305581867694855,0.7355054616928101,0.2612071931362152,0.0,0.2241400182247162,0.7758599519729614,1159,0.2241400182247162
1160,31,13,noise_sensitive_normal,,0.17793434858322144,0.07195466756820679,0.08602829277515411,0.0934450700879097,0.007416777312755585,0.8220656514167786,0.22847440838813782,0.0,0.19144098460674286,0.808559000492096,1160,0.19144098460674286
1161,31,14,noise_sensitive_normal,,0.2424788773059845,0.05774208903312683,0.08116000890731812,0.07936594635248184,0.0017940625548362732,0.7575211524963379,0.24810896813869476,0.0,0.19485776126384735,0.8051422238349915,1161,0.19485776126384735
1162,31,15,stable_normal,,0.00027763843536376953,0.07533977180719376,0.07196063548326492,0.0790102556347847,0.007049620151519775,0.9997223615646362,0.18720407783985138,0.0,0.15495190024375916,0.8450480699539185,1162,0.15495190024375916
1163,31,16,stable_normal,,0.0013901591300964355,0.06394673883914948,0.07127806544303894,0.057365041226148605,0.013913024216890335,0.9986098408699036,0.1897100955247879,0.0,0.20955942571163177,0.790440559387207,1163,0.20955942571163177
1164,31,17,stable_normal,,0.06674432754516602,0.05967256799340248,0.0726061686873436,0.05783640593290329,0.014769762754440308,0.933255672454834,0.204973965883255,0.0,0.20675557851791382,0.7932444214820862,1164,0.20675557851791382
1165,31,18,stable_normal,,0.016413509845733643,0.03635358065366745,0.022742820903658867,0.059372540563344955,0.03662972152233124,0.9835864901542664,0.1985989362001419,0.0,0.19825489819049835,0.8017451167106628,1165,0.19825489819049835
1166,31,19,stable_normal,,0.017020046710968018,0.04320153221487999,0.019212983548641205,0.0936184823513031,0.0744054988026619,0.982979953289032,0.19731667637825012,0.0,0.18377068638801575,0.8162293434143066,1166,0.18377068638801575
1167,31,20,stable_normal,,0.004169881343841553,0.06881985068321228,0.06225547194480896,0.07679412513971329,0.014538653194904327,0.9958301186561584,0.18932859599590302,0.0,0.16515515744686127,0.8348448276519775,1167,0.16515515744686127
1168,31,21,stable_normal,,0.003384888172149658,0.05949491634964943,0.05149953067302704,0.06950756907463074,0.0180080384016037,0.9966151118278503,0.19103111326694489,0.0,0.19305625557899475,0.8069437742233276,1168,0.19305625557899475
1169,31,22,stable_normal,,0.010197162628173828,0.05971946194767952,0.03865722939372063,0.09566334635019302,0.0570061169564724,0.9898028373718262,0.19245319068431854,0.0,0.18904604017734528,0.8109539747238159,1169,0.18904604017734528
1170,31,23,stable_normal,,0.005401670932769775,0.048918962478637695,0.03211912885308266,0.07458514720201492,0.042466018348932266,0.9945983290672302,0.19360622763633728,0.0,0.17687676846981049,0.8231232166290283,1170,0.17687676846981049
1171,31,24,stable_normal,,0.003391444683074951,0.04061248525977135,0.03493528440594673,0.04716014489531517,0.012224860489368439,0.996608555316925,0.1948622167110443,0.0,0.18168523907661438,0.818314790725708,1171,0.18168523907661438
1172,31,25,stable_normal,,0.02026847004890442,0.05108969286084175,0.02423512563109398,0.11647433787584305,0.09223921597003937,0.979731559753418,0.1964060515165329,0.0,0.17525723576545715,0.8247427940368652,1172,0.17525723576545715
1173,31,26,stable_normal,,0.024723976850509644,0.06159031763672829,0.028538044542074203,0.15293800830841064,0.12439996004104614,0.975275993347168,0.1952275186777115,0.0,0.24583342671394348,0.7541666030883789,1173,0.24583342671394348
1174,31,27,pseudo_anomaly_risk,,0.3309673070907593,0.03114902414381504,0.02829737961292267,0.07900072634220123,0.050703346729278564,0.6690326929092407,0.27866455912590027,0.0,0.25447791814804077,0.7455220818519592,1174,0.25447791814804077
1175,31,28,pseudo_anomaly_risk,,0.3086974620819092,0.030484646558761597,0.0748729258775711,0.030522337183356285,0.04435058683156967,0.6913025379180908,0.2726571261882782,0.0,0.21102233231067657,0.7889776825904846,1175,0.21102233231067657
1176,31,29,stable_normal,,0.027891933917999268,0.04237113893032074,0.04313061386346817,0.045646730810403824,0.0025161169469356537,0.9721080660820007,0.19989383220672607,0.0,0.28505223989486694,0.7149477601051331,1176,0.28505223989486694
1177,31,30,stable_normal,,0.0012033581733703613,0.06570201367139816,0.05471588671207428,0.07819879055023193,0.023482903838157654,0.9987966418266296,0.18931905925273895,0.0,0.17791227996349335,0.8220877051353455,1177,0.17791227996349335
1178,31,31,stable_normal,,0.001161038875579834,0.027188370004296303,0.028764329850673676,0.025840848684310913,0.0029234811663627625,0.9988389611244202,0.19712898135185242,0.0,0.18123389780521393,0.8187661170959473,1178,0.18123389780521393
1179,31,32,stable_normal,,0.07935762405395508,0.03268861770629883,0.07712236791849136,0.010718146339058876,0.06640422344207764,0.9206423759460449,0.21369178593158722,0.0,0.2096937596797943,0.7903062105178833,1179,0.2096937596797943
1180,31,33,stable_normal,,0.004233419895172119,0.0766206607222557,0.06544693559408188,0.08968754857778549,0.024240612983703613,0.9957665801048279,0.18778753280639648,0.0,0.16599252820014954,0.8340075016021729,1180,0.16599252820014954
1181,31,34,pseudo_anomaly_risk,,0.23830875754356384,0.024020966142416,0.010276111774146557,0.07058023661375046,0.060304123908281326,0.7616912126541138,0.2552894353866577,0.0,0.18117183446884155,0.8188281655311584,1181,0.18117183446884155
1182,31,35,pseudo_anomaly_risk,,0.293657511472702,0.02523798681795597,0.01579388976097107,0.07800587266683578,0.062211982905864716,0.7063424587249756,0.2698756754398346,0.0,0.17225109040737152,0.8277488946914673,1182,0.17225109040737152
1183,31,36,stable_normal,,0.0006215274333953857,0.05913761258125305,0.05508273467421532,0.06359590590000153,0.008513171225786209,0.9993784427642822,0.19051003456115723,0.0,0.18043577671051025,0.8195642232894897,1183,0.18043577671051025
1184,32,0,stable_normal,,0.006399750709533691,0.02255026064813137,0.02381332591176033,0.02192578837275505,0.0018875375390052795,0.9936002492904663,0.19924600422382355,0.0,0.18843576312065125,0.8115642070770264,1184,0.18843576312065125
1185,32,1,noise_sensitive_normal,,0.1805208921432495,0.024454139173030853,0.01874294877052307,0.05167652666568756,0.03293357789516449,0.8194791078567505,0.24021859467029572,0.0,0.1989946961402893,0.8010053038597107,1185,0.1989946961402893
1186,32,2,stable_normal,,0.019349753856658936,0.012555308640003204,0.012536854483187199,0.013886157423257828,0.0013493029400706291,0.9806502461433411,0.20424096286296844,0.0,0.17978374660015106,0.8202162384986877,1186,0.17978374660015106
1187,32,3,stable_normal,,0.02333509922027588,0.029017647728323936,0.016594797372817993,0.05141844227910042,0.034823644906282425,0.9766649007797241,0.20166850090026855,0.0,0.21878868341445923,0.7812113165855408,1187,0.21878868341445923
1188,32,4,pseudo_anomaly_risk,,0.3119262754917145,0.028928201645612717,0.01858966425061226,0.07052842527627945,0.05193876102566719,0.6880737543106079,0.2739510238170624,0.0,0.20393241941928864,0.7960675954818726,1188,0.20393241941928864
1189,32,5,stable_normal,,0.0020810961723327637,0.061660606414079666,0.04853835329413414,0.0769675225019455,0.028429169207811356,0.9979189038276672,0.19031617045402527,0.0,0.14352786540985107,0.8564721345901489,1189,0.14352786540985107
1190,32,6,noise_sensitive_normal,,0.2864230275154114,0.025325873866677284,0.022187521681189537,0.05062589421868324,0.028438372537493706,0.7135769724845886,0.2678764760494232,0.0,0.2420494556427002,0.7579505443572998,1190,0.2420494556427002
1191,32,7,stable_normal,,0.008573383092880249,0.011286786757409573,0.010248146951198578,0.013055581599473953,0.0028074346482753754,0.9914265871047974,0.20208369195461273,0.0,0.19196215271949768,0.8080378770828247,1191,0.19196215271949768
1192,32,8,stable_normal,,0.05512213706970215,0.011635526083409786,0.013330641202628613,0.012987216003239155,0.0003434251993894577,0.9448778629302979,0.21264122426509857,0.0,0.1962040513753891,0.8037959337234497,1192,0.1962040513753891
1193,32,9,stable_normal,,0.0030402541160583496,0.020432228222489357,0.02141715958714485,0.01972837932407856,0.0016887802630662918,0.9969597458839417,0.19894134998321533,0.0,0.20184031128883362,0.7981597185134888,1193,0.20184031128883362
1194,32,10,noise_sensitive_normal,,0.15179479122161865,0.01702098175883293,0.01729399897158146,0.03915737196803093,0.02186337299644947,0.8482052087783813,0.2347419261932373,0.0,0.1783241331577301,0.8216758966445923,1194,0.1783241331577301
1195,32,11,pseudo_anomaly_risk,,0.22701212763786316,0.038141246885061264,0.0717335119843483,0.02729211375117302,0.04444139823317528,0.7729878425598145,0.24886204302310944,0.0,0.18628306686878204,0.8137169480323792,1195,0.18628306686878204
1196,32,12,stable_normal,,0.02111351490020752,0.06950816512107849,0.030483944341540337,0.16745316982269287,0.13696922361850739,0.9788864850997925,0.19283004105091095,0.0,0.2260621339082718,0.7739378809928894,1196,0.2260621339082718
1197,32,13,noise_sensitive_normal,,0.2711065709590912,0.03241460770368576,0.032975949347019196,0.06972347944974899,0.0367475301027298,0.7288933992385864,0.26193326711654663,0.0,0.1770317703485489,0.8229682445526123,1197,0.1770317703485489
1198,32,14,stable_normal,,0.00017952919006347656,0.07434755563735962,0.0712733045220375,0.07761287689208984,0.006339572370052338,0.9998204708099365,0.18738003075122833,0.0,0.22847980260849,0.77152019739151,1198,0.22847980260849
1199,32,15,noise_sensitive_normal,,0.2712491750717163,0.029025454074144363,0.05432529002428055,0.02781876176595688,0.02650652825832367,0.7287508249282837,0.26282596588134766,0.0,0.22510047256946564,0.7748995423316956,1199,0.22510047256946564
1200,32,16,stable_normal,,0.0011258423328399658,0.06395889818668365,0.0700257271528244,0.05812927335500717,0.01189645379781723,0.9988741874694824,0.18965119123458862,0.0,0.20379146933555603,0.7962085008621216,1200,0.20379146933555603
1201,32,17,noise_sensitive_normal,,0.20904603600502014,0.020220765843987465,0.018052680417895317,0.04566214606165886,0.027609465643763542,0.7909539937973022,0.24855753779411316,0.0,0.22229713201522827,0.7777028679847717,1201,0.22229713201522827
1202,32,18,stable_normal,,0.053284645080566406,0.040282901376485825,0.08447190374135971,0.015260598622262478,0.06921130418777466,0.9467153549194336,0.20604296028614044,0.0,0.21835553646087646,0.7816444635391235,1202,0.21835553646087646
1203,32,19,pseudo_anomaly_risk,,0.331278920173645,0.06358486413955688,0.07776078581809998,0.1311403065919876,0.053379520773887634,0.668721079826355,0.27033770084381104,0.0,0.19499021768569946,0.8050097823143005,1203,0.19499021768569946
1204,32,20,stable_normal,,0.0014993846416473389,0.05864163488149643,0.054075680673122406,0.0639243870973587,0.009848706424236298,0.9985005855560303,0.19079799950122833,0.0,0.16477346420288086,0.8352265357971191,1204,0.16477346420288086
1205,32,21,stable_normal,,0.0026862621307373047,0.05612870678305626,0.05535045638680458,0.057243525981903076,0.0018930695950984955,0.9973137378692627,0.19155918061733246,0.0,0.19863443076610565,0.8013655543327332,1205,0.19863443076610565
1206,32,22,stable_normal,,0.0030247867107391357,0.044693805277347565,0.040538087487220764,0.04940847307443619,0.008870385587215424,0.9969751834869385,0.1939498484134674,0.0,0.13612160086631775,0.8638783693313599,1206,0.13612160086631775
1207,32,23,stable_normal,,0.01592540740966797,0.053026821464300156,0.03816622495651245,0.08507616072893143,0.046909935772418976,0.984074592590332,0.19505861401557922,0.0,0.20469094812870026,0.7953090667724609,1207,0.20469094812870026
1208,32,24,pseudo_anomaly_risk,,0.22451677918434143,0.04249773919582367,0.03151385858654976,0.10143949091434479,0.06992563605308533,0.775483250617981,0.24715696275234222,0.0,0.19419659674167633,0.8058034181594849,1208,0.19419659674167633
1209,32,25,noise_sensitive_normal,,0.22618311643600464,0.03785241022706032,0.04063259810209274,0.06828702241182327,0.02765442430973053,0.7738168835639954,0.24871701002120972,0.0,0.24077223241329193,0.7592277526855469,1209,0.24077223241329193
1210,32,26,pseudo_anomaly_risk,,0.22319400310516357,0.051873039454221725,0.04627393186092377,0.09900777786970139,0.05273384600877762,0.7768059968948364,0.24455203115940094,0.0,0.1768353134393692,0.823164701461792,1210,0.1768353134393692
1211,32,27,stable_normal,,0.07733836770057678,0.05272269248962402,0.04368104785680771,0.0755709558725357,0.031889908015728,0.9226616621017456,0.208875834941864,0.0,0.17834633588790894,0.8216536641120911,1211,0.17834633588790894
1212,32,28,stable_normal,,9.697675704956055e-05,0.07592454552650452,0.07491207122802734,0.07698093354701996,0.0020688623189926147,0.9999030232429504,0.1870500147342682,0.0,0.19229136407375336,0.8077086210250854,1212,0.19229136407375336
1213,32,29,noise_sensitive_normal,,0.268595427274704,0.020442117005586624,0.052147217094898224,0.019007191061973572,0.03314002603292465,0.7314045429229736,0.26427993178367615,0.0,0.22287698090076447,0.7771230340003967,1213,0.22287698090076447
1214,32,30,pseudo_anomaly_risk,,0.27245691418647766,0.040812887251377106,0.024056386202573776,0.09044718742370605,0.06639079749584198,0.7275431156158447,0.2601851224899292,0.0,0.23143558204174042,0.7685644030570984,1214,0.23143558204174042
1215,32,31,pseudo_anomaly_risk,,0.2377912700176239,0.0303911492228508,0.019594354555010796,0.0670030266046524,0.04740867018699646,0.7622087001800537,0.2535790205001831,0.0,0.19036351144313812,0.8096364736557007,1215,0.19036351144313812
1216,32,32,stable_normal,,0.017077207565307617,0.02960662916302681,0.023945434018969536,0.03982141613960266,0.015875982120633125,0.9829227924346924,0.20014895498752594,0.0,0.24881888926029205,0.7511811256408691,1216,0.24881888926029205
1217,32,33,lesion_candidate_preserved,,0.0013977289199829102,0.08398192375898361,0.08115023374557495,0.08715150505304337,0.006001271307468414,0.9986022710800171,0.18573269248008728,0.0,0.1854245364665985,0.8145754337310791,1217,0.1854245364665985
1218,32,34,stable_normal,,0.04048517346382141,0.040323033928871155,0.019536243751645088,0.0762459859251976,0.05670974403619766,0.959514856338501,0.20313945412635803,0.0,0.20110778510570526,0.7988921999931335,1218,0.20110778510570526
1219,32,35,stable_normal,,0.06437802314758301,0.023469235748052597,0.019986795261502266,0.034370195120573044,0.014383399859070778,0.935621976852417,0.212214857339859,0.0,0.20447233319282532,0.7955276966094971,1219,0.20447233319282532
1220,32,36,stable_normal,,0.07832908630371094,0.04877544566988945,0.08011455088853836,0.032411571592092514,0.04770297929644585,0.9216709136962891,0.20995499193668365,0.0,0.16624733805656433,0.8337526321411133,1220,0.16624733805656433
1221,33,0,stable_normal,,0.003552764654159546,0.02574366144835949,0.02304454706609249,0.02913779765367508,0.006093250587582588,0.9964472055435181,0.1979542374610901,0.0,0.1570625603199005,0.8429374694824219,1221,0.1570625603199005
1222,33,1,stable_normal,,0.002816438674926758,0.020126860588788986,0.01816442422568798,0.022746460512280464,0.0045820362865924835,0.9971835613250732,0.19895514845848083,0.0,0.1501162201166153,0.8498837947845459,1222,0.1501162201166153
1223,33,2,noise_sensitive_normal,,0.2455502152442932,0.02254568412899971,0.021274633705615997,0.050800010561943054,0.029525376856327057,0.7544497847557068,0.2575749158859253,0.0,0.19742487370967865,0.8025751113891602,1223,0.19742487370967865
1224,33,3,stable_normal,,0.06772172451019287,0.009928793646395206,0.008255678229033947,0.015511547215282917,0.00725586898624897,0.9322782754898071,0.21596413850784302,0.0,0.1923334151506424,0.8076665997505188,1224,0.1923334151506424
1225,33,4,noise_sensitive_normal,,0.2971591353416443,0.02002650871872902,0.01914888434112072,0.04183131456375122,0.0226824302226305,0.7028408646583557,0.2721783220767975,0.0,0.24549856781959534,0.754501461982727,1225,0.24549856781959534
1226,33,5,noise_sensitive_normal,,0.30861419439315796,0.03457457944750786,0.05364641547203064,0.06446898728609085,0.010822571814060211,0.691385805606842,0.27157899737358093,0.0,0.23874683678150177,0.7612531781196594,1226,0.23874683678150177
1227,33,6,pseudo_anomaly_risk,,0.3399658799171448,0.03400011733174324,0.02320116199553013,0.07453159242868423,0.051330432295799255,0.6600341200828552,0.28043562173843384,0.0,0.1956627070903778,0.8043372631072998,1227,0.1956627070903778
1228,33,7,stable_normal,,0.005385160446166992,0.020571526139974594,0.017853137105703354,0.024191182106733322,0.006338045001029968,0.994614839553833,0.19943229854106903,0.0,0.17483220994472504,0.8251677751541138,1228,0.17483220994472504
1229,33,8,stable_normal,1,0.003631085157394409,0.007444044575095177,0.008411259390413761,0.006721269339323044,0.0016899900510907173,0.9963688850402832,0.20178329944610596,0.0,0.2082926481962204,0.7917073369026184,1229,0.2082926481962204
1230,33,9,stable_normal,,0.027351200580596924,0.011124222539365292,0.011552865616977215,0.012052790261805058,0.0004999246448278427,0.9726487994194031,0.20635952055454254,0.0,0.16577140986919403,0.8342285752296448,1230,0.16577140986919403
1231,33,10,pseudo_anomaly_risk,,0.3161860406398773,0.034429509192705154,0.025185462087392807,0.07645851373672485,0.051273051649332047,0.6838139295578003,0.27370351552963257,0.0,0.21136370301246643,0.788636326789856,1231,0.21136370301246643
1232,33,11,noise_sensitive_normal,,0.13236498832702637,0.03747932240366936,0.03147071972489357,0.061177149415016174,0.029706429690122604,0.8676350116729736,0.22524137794971466,0.0,0.2027459740638733,0.7972540259361267,1232,0.2027459740638733
1233,33,12,stable_normal,,0.0118161141872406,0.038144130259752274,0.032770346850156784,0.046400606632232666,0.013630259782075882,0.988183856010437,0.19721440970897675,0.0,0.20353001356124878,0.7964699864387512,1233,0.20353001356124878
1234,33,13,stable_normal,,0.10993337631225586,0.05276986584067345,0.02737928368151188,0.10603658109903336,0.07865729928016663,0.8900666236877441,0.21645046770572662,0.0,0.18372870981693268,0.8162713050842285,1234,0.18372870981693268
1235,33,14,noise_sensitive_normal,,0.2647289037704468,0.03662975877523422,0.062140949070453644,0.049054279923439026,0.013086669147014618,0.7352710962295532,0.2591676712036133,0.0,0.19358916580677032,0.8064108490943909,1235,0.19358916580677032
1236,33,15,stable_normal,,0.010399788618087769,0.02188984677195549,0.019500726833939552,0.02605660818517208,0.006555881351232529,0.9896001815795898,0.20027224719524384,0.0,0.2156810164451599,0.7843189835548401,1236,0.2156810164451599
1237,33,16,pseudo_anomaly_risk,,0.3032795488834381,0.026449095457792282,0.07694555819034576,0.019715482369065285,0.05723007768392563,0.6967204809188843,0.2722063362598419,0.0,0.2335212677717209,0.7664787173271179,1237,0.2335212677717209
1238,33,17,stable_normal,,0.029043853282928467,0.013455585576593876,0.019309988245368004,0.010093140415847301,0.009216847829520702,0.9709561467170715,0.20624755322933197,0.0,0.2506602108478546,0.7493398189544678,1238,0.2506602108478546
1239,33,18,stable_normal,,0.0034860968589782715,0.0629221722483635,0.06583020091056824,0.06037541851401329,0.005454782396554947,0.9965139031410217,0.19036389887332916,0.0,0.23842334747314453,0.7615766525268555,1239,0.23842334747314453
1240,33,19,pseudo_anomaly_risk,,0.3381519317626953,0.05439980328083038,0.07317163795232773,0.11319784075021744,0.04002620279788971,0.6618480682373047,0.27460283041000366,0.0,0.21358102560043335,0.7864189743995667,1240,0.21358102560043335
1241,33,20,noise_sensitive_normal,,0.32050248980522156,0.05310143157839775,0.08963143825531006,0.07917746901512146,0.010453969240188599,0.679497480392456,0.2700766921043396,0.0,0.2201843559741974,0.779815673828125,1241,0.2201843559741974
1242,33,21,pseudo_anomaly_risk,,0.21311214566230774,0.07911118865013123,0.07134747505187988,0.18352629244327545,0.11217881739139557,0.7868878841400146,0.23552480340003967,0.0,0.2273571938276291,0.7726427912712097,1242,0.2273571938276291
1243,33,22,stable_normal,,0.06646949052810669,0.0686294212937355,0.07234933972358704,0.07711164653301239,0.004762306809425354,0.9335305094718933,0.20301756262779236,0.0,0.2536488175392151,0.7463511824607849,1243,0.2536488175392151
1244,33,23,stable_normal,,0.03108164668083191,0.07474159449338913,0.08175574243068695,0.07327371835708618,0.008482024073600769,0.9689183235168457,0.19392788410186768,0.0,0.21554650366306305,0.7844535112380981,1244,0.21554650366306305
1245,33,24,pseudo_anomaly_risk,,0.2259141206741333,0.038046468049287796,0.07280587404966354,0.025452740490436554,0.04735313355922699,0.7740858793258667,0.24859996140003204,0.0,0.19537268579006195,0.8046272993087769,1245,0.19537268579006195
1246,33,25,pseudo_anomaly_risk,,0.23304051160812378,0.0786733478307724,0.061197005212306976,0.2224901020526886,0.16129308938980103,0.7669594883918762,0.2406526654958725,0.0,0.22271408140659332,0.7772859334945679,1246,0.22271408140659332
1247,33,26,lesion_candidate_preserved,,0.33828550577163696,0.11239629238843918,0.10577154159545898,0.28581181168556213,0.18004027009010315,0.661714494228363,0.25985005497932434,0.0,0.25169599056243896,0.748304009437561,1247,0.25169599056243896
1248,33,27,lesion_candidate_preserved,,0.007882356643676758,0.09193460643291473,0.08096425235271454,0.10582607984542847,0.024861827492713928,0.9921176433563232,0.18552932143211365,0.0,0.16075748205184937,0.8392425179481506,1248,0.16075748205184937
1249,33,28,stable_normal,,0.05710873007774353,0.05921817198395729,0.035180240869522095,0.12690192461013794,0.09172168374061584,0.9428912401199341,0.2028958648443222,0.0,0.2369108647108078,0.763089120388031,1249,0.2369108647108078
1250,33,29,pseudo_anomaly_risk,,0.12645024061203003,0.07118629664182663,0.06042476370930672,0.12595629692077637,0.06553153693675995,0.87354975938797,0.21627575159072876,0.0,0.18524646759033203,0.814753532409668,1250,0.18524646759033203
1251,33,30,stable_normal,,0.0037888288497924805,0.02501824125647545,0.024242859333753586,0.026108376681804657,0.0018655173480510712,0.9962111711502075,0.19815640151500702,0.0,0.2291732132434845,0.7708268165588379,1251,0.2291732132434845
1252,33,31,pseudo_anomaly_risk,,0.32155105471611023,0.030875908210873604,0.024795807898044586,0.06668563932180405,0.04188983142375946,0.6784489154815674,0.27611252665519714,0.0,0.19021552801132202,0.809784471988678,1252,0.19021552801132202
1253,33,32,stable_normal,,0.1011059582233429,0.02633582055568695,0.010946276597678661,0.061731062829494476,0.05078478530049324,0.8988940715789795,0.22023257613182068,0.0,0.16551144421100616,0.834488570690155,1253,0.16551144421100616
1254,33,33,noise_sensitive_normal,,0.2930183410644531,0.0458223819732666,0.06826116144657135,0.07569843530654907,0.007437273859977722,0.7069816589355469,0.26445260643959045,0.0,0.20044410228729248,0.7995558977127075,1254,0.20044410228729248
1255,33,34,pseudo_anomaly_risk,,0.1928301751613617,0.036818694323301315,0.07586994767189026,0.025587841868400574,0.050282105803489685,0.8071697950363159,0.24040184915065765,0.0,0.21232841908931732,0.7876715660095215,1255,0.21232841908931732
1256,33,35,pseudo_anomaly_risk,,0.2289409637451172,0.027586113661527634,0.014706389978528023,0.08146350830793381,0.06675712019205093,0.7710590362548828,0.25194576382637024,0.0,0.14289364218711853,0.8571063280105591,1256,0.14289364218711853
1257,33,36,stable_normal,,0.010634422302246094,0.0233153123408556,0.015387735329568386,0.038888122886419296,0.023500386625528336,0.9893655776977539,0.2000272423028946,0.0,0.13562653958797455,0.8643734455108643,1257,0.13562653958797455
1258,34,0,stable_normal,,0.004669666290283203,0.028192734345793724,0.02858782559633255,0.028246916830539703,0.0003409087657928467,0.9953303337097168,0.19769436120986938,0.0,0.16604989767074585,0.8339501023292542,1258,0.16604989767074585
1259,34,1,stable_normal,,0.006044268608093262,0.024591414257884026,0.02165205590426922,0.028458712622523308,0.006806656718254089,0.9939557313919067,0.19874349236488342,0.0,0.1515120416879654,0.8484879732131958,1259,0.1515120416879654
1260,34,2,stable_normal,,0.021966099739074707,0.00814084056764841,0.008323950693011284,0.00881105475127697,0.00048710405826568604,0.9780339002609253,0.20577074587345123,0.0,0.22141116857528687,0.7785888314247131,1260,0.22141116857528687
1261,34,3,pseudo_anomaly_risk,,0.2358507513999939,0.02155187539756298,0.00801360048353672,0.0668710321187973,0.05885743349790573,0.7641492486000061,0.25525134801864624,0.0,0.22840015590190887,0.7715998291969299,1261,0.22840015590190887
1262,34,4,stable_normal,,0.02437037229537964,0.01388524379581213,0.02250674180686474,0.008291398175060749,0.01421534363180399,0.9756296277046204,0.20509490370750427,0.0,0.18400231003761292,0.8159977197647095,1262,0.18400231003761292
1263,34,5,stable_normal,,0.005049467086791992,0.05519634857773781,0.054989080876111984,0.0561031848192215,0.0011141039431095123,0.994950532913208,0.19225691258907318,0.0,0.18880484998226166,0.8111951351165771,1263,0.18880484998226166
1264,34,6,stable_normal,,0.09964588284492493,0.029350513592362404,0.07347068190574646,0.009952337481081486,0.06351834535598755,0.9003541469573975,0.21921144425868988,0.0,0.1605425328016281,0.8394574522972107,1264,0.1605425328016281
1265,34,7,stable_normal,,0.027550101280212402,0.013261646032333374,0.02086833119392395,0.010467945598065853,0.010400385595858097,0.9724498987197876,0.20594915747642517,0.0,0.1713116317987442,0.828688383102417,1265,0.1713116317987442
1266,34,8,stable_normal,,0.01885432004928589,0.012631798163056374,0.009917671792209148,0.016791140660643578,0.006873468868434429,0.9811456799507141,0.2041129171848297,0.0,0.1725413203239441,0.8274586796760559,1266,0.1725413203239441
1267,34,9,stable_normal,,0.022303342819213867,0.012906870804727077,0.022136108949780464,0.007257574237883091,0.014878534711897373,0.9776966571807861,0.20483440160751343,0.0,0.1816040426492691,0.8183959722518921,1267,0.1816040426492691
1268,34,10,stable_normal,,0.045776963233947754,0.055175766348838806,0.07112841308116913,0.047538403421640396,0.023590009659528732,0.9542230367660522,0.20120541751384735,0.0,0.2327740639448166,0.7672259211540222,1268,0.2327740639448166
1269,34,11,stable_normal,,0.02872103452682495,0.06196004897356033,0.035097792744636536,0.13272352516651154,0.097625732421875,0.971278965473175,0.19602592289447784,0.0,0.19153252243995667,0.8084675073623657,1269,0.19153252243995667
1270,34,12,stable_normal,,0.07600605487823486,0.06655215471982956,0.09521430730819702,0.0505242794752121,0.044690027832984924,0.9239939451217651,0.20561224222183228,0.0,0.17691688239574432,0.8230831027030945,1270,0.17691688239574432
1271,34,13,stable_normal,,0.019583046436309814,0.017610691487789154,0.012596622109413147,0.024728111922740936,0.01213148981332779,0.9804169535636902,0.20322540402412415,0.0,0.15013359487056732,0.8498663902282715,1271,0.15013359487056732
1272,34,14,pseudo_anomaly_risk,,0.14398205280303955,0.027749447152018547,0.00897929910570383,0.07633694261312485,0.06735764443874359,0.8560179471969604,0.23031044006347656,0.0,0.2201441377401352,0.7798558473587036,1272,0.2201441377401352
1273,34,15,stable_normal,,0.04381197690963745,0.029139257967472076,0.010364302434027195,0.07514895498752594,0.06478465348482132,0.9561880230903625,0.20626364648342133,0.0,0.21340708434581757,0.7865929007530212,1273,0.21340708434581757
1274,34,16,stable_normal,,0.10255223512649536,0.029849939048290253,0.07195184379816055,0.0112783657386899,0.06067347899079323,0.8974477648735046,0.21979209780693054,0.0,0.1447569727897644,0.8552430272102356,1274,0.1447569727897644
1275,34,17,noise_sensitive_normal,,0.1543917953968048,0.046755339950323105,0.07691721618175507,0.04191284626722336,0.03500436991453171,0.8456082344055176,0.22849203646183014,0.0,0.1928626298904419,0.8071373701095581,1275,0.1928626298904419
1276,34,18,noise_sensitive_normal,,0.2286936640739441,0.04768853634595871,0.0807034820318222,0.050029363483190536,0.030674118548631668,0.7713063359260559,0.246979221701622,0.0,0.19049352407455444,0.8095064759254456,1276,0.19049352407455444
1277,34,19,lesion_candidate_preserved,,0.001492619514465332,0.08534584194421768,0.09314382076263428,0.0781366154551506,0.015007205307483673,0.9985073804855347,0.18548409640789032,0.0,0.19484537839889526,0.8051546216011047,1277,0.19484537839889526
1278,34,20,stable_normal,,0.08578574657440186,0.026733506470918655,0.018179049715399742,0.04671138897538185,0.02853233925998211,0.9142142534255981,0.21650972962379456,0.0,0.24732065200805664,0.7526793479919434,1278,0.24732065200805664
1279,34,21,lesion_candidate_preserved,,0.0006525814533233643,0.08512064069509506,0.09131307154893875,0.07939440757036209,0.01191866397857666,0.999347448348999,0.18535204231739044,0.0,0.22498765587806702,0.7750123739242554,1279,0.22498765587806702
1280,34,22,noise_sensitive_normal,,0.22168636322021484,0.05551854521036148,0.07795727252960205,0.07327243685722351,0.00468483567237854,0.7783136367797852,0.24328985810279846,0.0,0.1977975219488144,0.8022024631500244,1280,0.1977975219488144
1281,34,23,stable_normal,,0.012775838375091553,0.06416317075490952,0.06202348321676254,0.06952943652868271,0.007505953311920166,0.9872241616249084,0.19211091101169586,0.0,0.23597578704357147,0.7640241980552673,1281,0.23597578704357147
1282,34,24,noise_sensitive_normal,,0.29958635568618774,0.05361393839120865,0.07495606690645218,0.09174804389476776,0.016791976988315582,0.7004136443138123,0.2642543315887451,0.0,0.2191990166902542,0.780800998210907,1282,0.2191990166902542
1283,34,25,stable_normal,,5.644559860229492e-05,0.07921306788921356,0.07844532281160355,0.07999736815690994,0.0015520453453063965,0.9999435544013977,0.18639102578163147,0.0,0.19449585676193237,0.8055041432380676,1283,0.19449585676193237
1284,34,26,lesion_candidate_preserved,,0.0036385655403137207,0.10498176515102386,0.0830218642950058,0.13211052119731903,0.04908865690231323,0.9963614344596863,0.18209496140480042,0.0,0.25551196932792664,0.744488000869751,1284,0.25551196932792664
1285,34,27,lesion_candidate_preserved,,0.005043447017669678,0.08476968109607697,0.06626792997121811,0.10742421448230743,0.041156284511089325,0.9949565529823303,0.18634462356567383,0.0,0.2376650869846344,0.762334942817688,1285,0.2376650869846344
1286,34,28,stable_normal,,0.022099077701568604,0.04167575761675835,0.04376130923628807,0.0424504354596138,0.0013108737766742706,0.9779009222984314,0.19875341653823853,0.0,0.1905032992362976,0.8094967007637024,1286,0.1905032992362976
1287,34,29,pseudo_anomaly_risk,4,0.3554458022117615,0.07343427836894989,0.07977462559938431,0.1930023431777954,0.1132277175784111,0.6445541977882385,0.2744523584842682,0.0,0.23130221664905548,0.7686977982521057,1287,0.23130221664905548
1288,34,30,noise_sensitive_normal,,0.1403404176235199,0.0524117611348629,0.07543205469846725,0.050309259444475174,0.02512279525399208,0.8596595525741577,0.22378510236740112,0.0,0.22776122391223907,0.7722387909889221,1288,0.22776122391223907
1289,34,31,stable_normal,,0.0004132986068725586,0.06722887605428696,0.06275301426649094,0.07199373841285706,0.00924072414636612,0.9995867013931274,0.18884572386741638,0.0,0.1580299586057663,0.8419700264930725,1289,0.1580299586057663
1290,34,32,stable_normal,,0.018586456775665283,0.012535864487290382,0.012047834694385529,0.014104253612458706,0.0020564189180731773,0.9814135432243347,0.2040727287530899,0.0,0.22576552629470825,0.7742344737052917,1290,0.22576552629470825
1291,34,33,stable_normal,,0.05394953489303589,0.04156583175063133,0.01685173809528351,0.08730242401361465,0.07045068591833115,0.9460504651069641,0.20592081546783447,0.0,0.159156933426857,0.8408430814743042,1291,0.159156933426857
1292,34,34,stable_normal,,0.00014150142669677734,0.0771089643239975,0.07391531020402908,0.08042409271001816,0.006508782505989075,0.9998584985733032,0.1868249624967575,0.0,0.2077101618051529,0.7922898530960083,1292,0.2077101618051529
1293,34,35,stable_normal,,0.00764349102973938,0.023077189922332764,0.015001939609646797,0.03622232750058174,0.021220387890934944,0.992356538772583,0.19941236078739166,0.0,0.13889944553375244,0.8611005544662476,1293,0.13889944553375244
1294,34,36,stable_normal,,0.007572650909423828,0.021273070946335793,0.01574014499783516,0.02936328761279583,0.01362314261496067,0.9924273490905762,0.19977203011512756,0.0,0.18016046285629272,0.8198395371437073,1294,0.18016046285629272
1295,35,0,stable_normal,,0.03967016935348511,0.011004677973687649,0.007353883236646652,0.018015660345554352,0.0106617771089077,0.9603298306465149,0.2092035710811615,0.0,0.2320108711719513,0.7679891586303711,1295,0.2320108711719513
1296,35,1,stable_normal,,0.021627426147460938,0.015158023685216904,0.010868057608604431,0.022021716460585594,0.011153658851981163,0.9783725738525391,0.2042045295238495,0.0,0.1853843331336975,0.8146156668663025,1296,0.1853843331336975
1297,35,2,pseudo_anomaly_risk,,0.21520069241523743,0.031503140926361084,0.026458080857992172,0.06505420058965683,0.03859611973166466,0.784799337387085,0.2474123239517212,0.0,0.17268981039524078,0.8273102045059204,1297,0.17268981039524078
1298,35,3,noise_sensitive_normal,,0.13961142301559448,0.016554227098822594,0.022152774035930634,0.0219043530523777,0.00024842098355293274,0.8603885769844055,0.2318219244480133,0.0,0.1477542519569397,0.8522457480430603,1298,0.1477542519569397
1299,35,4,stable_normal,,0.09709399938583374,0.06530671566724777,0.06854722648859024,0.0804530456662178,0.011905819177627563,0.9029060006141663,0.21071064472198486,0.0,0.21984486281871796,0.7801551222801208,1299,0.21984486281871796
1300,35,5,stable_normal,,0.024060070514678955,0.03773566335439682,0.02376096323132515,0.06378215551376343,0.04002119228243828,0.975939929485321,0.20000770688056946,0.0,0.2085517942905426,0.7914482355117798,1300,0.2085517942905426
1301,35,6,lesion_candidate_preserved,,0.0385260283946991,0.08302051573991776,0.09764784574508667,0.07752310484647751,0.02012474089860916,0.9614739418029785,0.19385968148708344,0.0,0.21170729398727417,0.7882927060127258,1301,0.21170729398727417
1302,35,7,stable_normal,,0.034202903509140015,0.05559108033776283,0.10518468171358109,0.0302137304097414,0.07497095316648483,0.9657970666885376,0.19854621589183807,0.0,0.2182016521692276,0.7817983627319336,1302,0.2182016521692276
1303,35,8,noise_sensitive_normal,,0.11353486776351929,0.07685350626707077,0.10928890109062195,0.07436838001012802,0.03492052108049393,0.8864651322364807,0.21201273798942566,0.0,0.21712030470371246,0.7828797101974487,1303,0.21712030470371246
1304,35,9,stable_normal,,0.05701151490211487,0.08013465255498886,0.09900469332933426,0.07530012726783752,0.023704566061496735,0.9429885149002075,0.19850389659404755,0.0,0.205713152885437,0.794286847114563,1304,0.205713152885437
1305,35,10,noise_sensitive_normal,,0.16085076332092285,0.0693734660744667,0.09815037250518799,0.07579118013381958,0.022359192371368408,0.8391492366790771,0.22490139305591583,0.0,0.22048085927963257,0.7795191407203674,1305,0.22048085927963257
1306,35,11,stable_normal,,0.100868821144104,0.02209625206887722,0.04143492504954338,0.018530553206801414,0.022904371842741966,0.899131178855896,0.22112557291984558,0.0,0.17084220051765442,0.829157829284668,1306,0.17084220051765442
1307,35,12,stable_normal,,0.004018455743789673,0.06385244429111481,0.050896089524030685,0.08022210001945496,0.02932601049542427,0.9959815740585327,0.19029119610786438,0.0,0.21938768029212952,0.7806123495101929,1307,0.21938768029212952
1308,35,13,stable_normal,,0.018612682819366455,0.058317553251981735,0.06618530303239822,0.05259346589446068,0.013591837137937546,0.9813873171806335,0.1945635825395584,0.0,0.21983148157596588,0.7801685333251953,1308,0.21983148157596588
1309,35,14,stable_normal,,0.08509939908981323,0.05019044876098633,0.08740860968828201,0.038343824446201324,0.04906478524208069,0.9149006009101868,0.2112129181623459,0.0,0.23457926511764526,0.7654207348823547,1309,0.23457926511764526
1310,35,15,stable_normal,,0.017267286777496338,0.07314508408308029,0.06453422456979752,0.08524025231599808,0.02070602774620056,0.9827327132225037,0.1912655234336853,0.0,0.2131727933883667,0.7868272066116333,1310,0.2131727933883667
1311,35,16,stable_normal,,0.009344905614852905,0.06790038198232651,0.06643860787153244,0.07079687714576721,0.004358269274234772,0.9906550645828247,0.19061973690986633,0.0,0.22848451137542725,0.7715154886245728,1311,0.22848451137542725
1312,35,17,stable_normal,,0.09873855113983154,0.07697873562574387,0.09909467399120331,0.07747995853424072,0.021614715456962585,0.9012614488601685,0.2085704356431961,0.0,0.20982524752616882,0.7901747226715088,1312,0.20982524752616882
1313,35,18,lesion_candidate_preserved,,0.025020718574523926,0.08697927743196487,0.1069037914276123,0.07731059938669205,0.029593192040920258,0.9749792814254761,0.19014772772789001,0.0,0.23116767406463623,0.7688323259353638,1313,0.23116767406463623
1314,35,19,stable_normal,,0.04361814260482788,0.07810469716787338,0.06566469371318817,0.10265223681926727,0.0369875431060791,0.9563818573951721,0.19597508013248444,0.0,0.21004296839237213,0.7899570465087891,1314,0.21004296839237213
1315,35,20,lesion_candidate_preserved,,0.010275721549987793,0.09401548653841019,0.11199627816677094,0.08300276100635529,0.02899351716041565,0.9897242784500122,0.185622438788414,0.0,0.22034700214862823,0.779653012752533,1315,0.22034700214862823
1316,35,21,noise_sensitive_normal,,0.13916778564453125,0.07775743305683136,0.10721544921398163,0.08081034570932388,0.026405103504657745,0.8608322143554688,0.21782515943050385,0.0,0.22383421659469604,0.776165783405304,1316,0.22383421659469604
1317,35,22,stable_normal,,0.09040552377700806,0.057891372591257095,0.0473477803170681,0.08317868411540985,0.03583090379834175,0.9095944762229919,0.2107708603143692,0.0,0.2299032360315323,0.7700967788696289,1317,0.2299032360315323
1318,35,23,noise_sensitive_normal,,0.2140025794506073,0.05205180123448372,0.05242884159088135,0.08434842526912689,0.031919583678245544,0.7859973907470703,0.24215680360794067,0.0,0.20883111655712128,0.7911688685417175,1318,0.20883111655712128
1319,35,24,noise_sensitive_normal,,0.17777740955352783,0.05866857245564461,0.06792201846837997,0.07857762277126312,0.010655604302883148,0.8222225904464722,0.2315002977848053,0.0,0.2304324507713318,0.7695675492286682,1319,0.2304324507713318
1320,35,25,lesion_candidate_preserved,,0.0760316252708435,0.09898919612169266,0.10482224076986313,0.10924416780471802,0.004421927034854889,0.9239683747291565,0.1988028883934021,0.0,0.22647829353809357,0.7735217213630676,1320,0.22647829353809357
1321,35,26,noise_sensitive_normal,,0.1365298628807068,0.06975536048412323,0.07880513370037079,0.08420256525278091,0.005397431552410126,0.8634701371192932,0.2189784198999405,0.0,0.20766977965831757,0.7923302054405212,1321,0.20766977965831757
1322,35,27,stable_normal,,0.05071890354156494,0.07946468144655228,0.07551278918981552,0.09224018454551697,0.016727395355701447,0.9492810964584351,0.19725419580936432,0.0,0.1754823923110962,0.8245176076889038,1322,0.1754823923110962
1323,35,28,stable_normal,,0.05494055151939392,0.05379772558808327,0.04806166887283325,0.06723280996084213,0.01917114108800888,0.9450594186782837,0.20355106890201569,0.0,0.15917135775089264,0.8408286571502686,1323,0.15917135775089264
1324,35,29,stable_normal,,0.010624498128890991,0.05002165958285332,0.028019003570079803,0.08890155702829361,0.060882553458213806,0.9893754720687866,0.19451694190502167,0.0,0.23161906003952026,0.7683809399604797,1324,0.23161906003952026
1325,35,30,stable_normal,,0.006972670555114746,0.06495284289121628,0.07539231330156326,0.056520797312259674,0.01887151598930359,0.9930273294448853,0.1907033771276474,0.0,0.17160193622112274,0.8283980488777161,1325,0.17160193622112274
1326,35,31,stable_normal,,0.00043830275535583496,0.07803633064031601,0.07616149634122849,0.08001770079135895,0.0038562044501304626,0.9995616674423218,0.1867041438817978,0.0,0.21037563681602478,0.7896243333816528,1326,0.21037563681602478
1327,35,32,stable_normal,,0.0010737776756286621,0.07098384201526642,0.06808087974786758,0.07415260374546051,0.006071723997592926,0.9989262223243713,0.18823793530464172,0.0,0.21505863964557648,0.7849413752555847,1327,0.21505863964557648
1328,35,33,stable_normal,,0.08357429504394531,0.03970329463481903,0.057770296931266785,0.03283430635929108,0.024935990571975708,0.9164257049560547,0.21314188838005066,0.0,0.17245334386825562,0.8275466561317444,1328,0.17245334386825562
1329,35,34,noise_sensitive_normal,,0.24675455689430237,0.023479586467146873,0.04778960347175598,0.02687377668917179,0.02091582678258419,0.75324547290802,0.25766241550445557,0.0,0.21448425948619843,0.7855157256126404,1329,0.21448425948619843
1330,35,35,stable_normal,,0.018731117248535156,0.014236505143344402,0.011285163462162018,0.018633445724844933,0.007348282262682915,0.9812688827514648,0.2037457674741745,0.0,0.17280356585979462,0.8271964192390442,1330,0.17280356585979462
1331,35,36,stable_normal,,0.009434640407562256,0.015719395130872726,0.009967822581529617,0.02530078962445259,0.015332967042922974,0.9905653595924377,0.20134678483009338,0.0,0.18331487476825714,0.816685140132904,1331,0.18331487476825714
1332,36,0,stable_normal,,0.012099921703338623,0.014369357377290726,0.01041348185390234,0.020407699048519135,0.009994217194616795,0.9879000782966614,0.2022266983985901,0.0,0.22453747689723969,0.7754625082015991,1332,0.22453747689723969
1333,36,1,stable_normal,,0.00892367959022522,0.016325397416949272,0.012690943665802479,0.02235828898847103,0.009667345322668552,0.9910763502120972,0.2011057585477829,0.0,0.23477692902088165,0.7652230858802795,1333,0.23477692902088165
1334,36,2,noise_sensitive_normal,,0.22344428300857544,0.01347687654197216,0.022580664604902267,0.021797852590680122,0.0007828120142221451,0.7765557169914246,0.2539747953414917,0.0,0.20403937995433807,0.7959606051445007,1334,0.20403937995433807
1335,36,3,stable_normal,,0.0028200745582580566,0.027338378131389618,0.025775980204343796,0.029369458556175232,0.003593478351831436,0.9971799254417419,0.19746321439743042,0.0,0.15899284183979034,0.8410071730613708,1335,0.15899284183979034
1336,36,4,stable_normal,,0.012184828519821167,0.05372152104973793,0.03528903052210808,0.07954161614179611,0.044252585619688034,0.9878151416778564,0.19410203397274017,0.0,0.22006797790527344,0.7799320220947266,1336,0.22006797790527344
1337,36,5,stable_normal,,0.07644879817962646,0.0297122523188591,0.033794548362493515,0.033332739025354385,0.00046180933713912964,0.9235512018203735,0.21366386115550995,0.0,0.23359447717666626,0.7664055228233337,1337,0.23359447717666626
1338,36,6,noise_sensitive_normal,,0.24967104196548462,0.03566423058509827,0.07056669890880585,0.034450169652700424,0.03611652925610542,0.7503289580345154,0.2554086744785309,0.0,0.22168318927288055,0.7783167958259583,1338,0.22168318927288055
1339,36,7,stable_normal,,0.01722201704978943,0.038388896733522415,0.06932468712329865,0.020304489880800247,0.0490201972424984,0.9827779531478882,0.19835598766803741,0.0,0.2549861967563629,0.7450138330459595,1339,0.2549861967563629
1340,36,8,stable_normal,,0.052310407161712646,0.053487446159124374,0.053780898451805115,0.061698067933321,0.007917169481515884,0.9476895928382874,0.20302444696426392,0.0,0.23397982120513916,0.7660201787948608,1340,0.23397982120513916
1341,36,9,stable_normal,,0.041418373584747314,0.04266475513577461,0.07796171307563782,0.019665958359837532,0.058295756578445435,0.9585816264152527,0.20285582542419434,0.0,0.2243366241455078,0.7756633758544922,1341,0.2243366241455078
1342,36,10,stable_normal,,0.0052849650382995605,0.07353325933218002,0.07516900449991226,0.07286244630813599,0.0023065581917762756,0.9947150349617004,0.18862520158290863,0.0,0.2290811836719513,0.7709188461303711,1342,0.2290811836719513
1343,36,11,stable_normal,,0.06522899866104126,0.056006379425525665,0.03180891275405884,0.09265891462564468,0.060850001871585846,0.9347710013389587,0.2054092437028885,0.0,0.22392955422401428,0.7760704755783081,1343,0.22392955422401428
1344,36,12,stable_normal,,0.020714789628982544,0.03354591503739357,0.039852991700172424,0.03071916103363037,0.009133830666542053,0.9792852401733398,0.2001369446516037,0.0,0.2010316103696823,0.7989683747291565,1344,0.2010316103696823
1345,36,13,stable_normal,,0.030700206756591797,0.05078170821070671,0.03716808930039406,0.07342580705881119,0.03625771775841713,0.9692997932434082,0.19876845180988312,0.0,0.15144462883472443,0.8485553860664368,1345,0.15144462883472443
1346,36,14,stable_normal,,0.013930171728134155,0.037281010299921036,0.02952292002737522,0.05017176270484924,0.020648842677474022,0.9860697984695435,0.19785837829113007,0.0,0.20252420008182526,0.7974758148193359,1346,0.20252420008182526
1347,36,15,pseudo_anomaly_risk,,0.21521484851837158,0.03959394618868828,0.033320553600788116,0.07922108471393585,0.045900531113147736,0.7847851514816284,0.24545899033546448,0.0,0.2515457570552826,0.748454213142395,1347,0.2515457570552826
1348,36,16,stable_normal,,0.006930679082870483,0.04675319418311119,0.03003767319023609,0.06981514394283295,0.039777472615242004,0.9930692911148071,0.19437959790229797,0.0,0.2244189828634262,0.7755810022354126,1348,0.2244189828634262
1349,36,17,stable_normal,,0.0295562744140625,0.061281219124794006,0.08988150954246521,0.043259911239147186,0.046621598303318024,0.9704437255859375,0.19634844362735748,0.0,0.21837659180164337,0.7816234230995178,1349,0.21837659180164337
1350,36,18,stable_normal,,0.04223287105560303,0.04325447604060173,0.06458832323551178,0.03473195806145668,0.0298563651740551,0.957767128944397,0.20291471481323242,0.0,0.21449586749076843,0.7855041027069092,1350,0.21449586749076843
1351,36,19,stable_normal,,0.009863108396530151,0.05880776792764664,0.04391314834356308,0.07838105410337448,0.0344679057598114,0.9901368618011475,0.19256559014320374,0.0,0.23751738667488098,0.7624826431274414,1351,0.23751738667488098
1352,36,20,stable_normal,,0.05718815326690674,0.05456101521849632,0.03245968371629715,0.0936439037322998,0.061184220016002655,0.9428118467330933,0.20389656722545624,0.0,0.23863419890403748,0.7613657712936401,1352,0.23863419890403748
1353,36,21,stable_normal,,0.04604867100715637,0.05378012731671333,0.042948558926582336,0.07289360463619232,0.029945045709609985,0.953951358795166,0.20155848562717438,0.0,0.22669824957847595,0.7733017206192017,1353,0.22669824957847595
1354,36,22,stable_normal,,0.0025731921195983887,0.04583100974559784,0.04066211357712746,0.052383050322532654,0.011720936745405197,0.9974268078804016,0.19362038373947144,0.0,0.23255978524684906,0.7674401998519897,1354,0.23255978524684906
1355,36,23,stable_normal,,0.10301822423934937,0.06523388624191284,0.049996454268693924,0.10038866847753525,0.050392214208841324,0.8969817757606506,0.21209919452667236,0.0,0.23714880645275116,0.7628511786460876,1355,0.23714880645275116
1356,36,24,stable_normal,,0.05555713176727295,0.06183826923370361,0.040401361882686615,0.11254703253507614,0.07214567065238953,0.944442868232727,0.20199662446975708,0.0,0.19178016483783722,0.808219850063324,1356,0.19178016483783722
1357,36,25,noise_sensitive_normal,,0.16511759161949158,0.046800095587968826,0.05726771056652069,0.06111745163798332,0.0038497410714626312,0.834882378578186,0.23112031817436218,0.0,0.24349237978458405,0.7565076351165771,1357,0.24349237978458405
1358,36,26,lesion_candidate_preserved,,0.004692524671554565,0.08306879550218582,0.09631827473640442,0.07129746675491333,0.02502080798149109,0.995307445526123,0.18660672008991241,0.0,0.252669095993042,0.747330904006958,1358,0.252669095993042
1359,36,27,stable_normal,,0.03542459011077881,0.033981624990701675,0.045790765434503555,0.02876284532248974,0.017027920112013817,0.9645754098892212,0.20333799719810486,0.0,0.2518360912799835,0.7481639385223389,1359,0.2518360912799835
1360,36,28,stable_normal,,0.012162774801254272,0.0412151999771595,0.026828479021787643,0.06299901753664017,0.036170538514852524,0.9878371953964233,0.1966579705476761,0.0,0.17657238245010376,0.8234276175498962,1360,0.17657238245010376
1361,36,29,stable_normal,,0.006686866283416748,0.04006121680140495,0.03782305866479874,0.04311181604862213,0.005288757383823395,0.9933131337165833,0.19569481909275055,0.0,0.2049262672662735,0.7950737476348877,1361,0.2049262672662735
1362,36,30,stable_normal,,0.0013441741466522217,0.06460290402173996,0.059614721685647964,0.0699525699019432,0.010337848216295242,0.9986557960510254,0.18956893682479858,0.0,0.23543095588684082,0.7645690441131592,1362,0.23543095588684082
1363,36,31,noise_sensitive_normal,,0.23052632808685303,0.023699862882494926,0.049821607768535614,0.021845078095793724,0.02797652967274189,0.769473671913147,0.25331753492355347,0.0,0.19320960342884064,0.8067904114723206,1363,0.19320960342884064
1364,36,32,stable_normal,,0.023967862129211426,0.015365811064839363,0.012797325849533081,0.020313603803515434,0.007516277953982353,0.9760321378707886,0.204689621925354,0.0,0.23450063169002533,0.7654993534088135,1364,0.23450063169002533
1365,36,33,stable_normal,,0.0207042396068573,0.012594486586749554,0.007242627441883087,0.024396806955337524,0.017154179513454437,0.9792957305908203,0.20453880727291107,0.0,0.20944295823574066,0.7905570268630981,1365,0.20944295823574066
1366,36,34,noise_sensitive_normal,,0.17879676818847656,0.01717088185250759,0.020685400813817978,0.030742665752768517,0.010057264938950539,0.8212032318115234,0.24151499569416046,0.0,0.1680617481470108,0.8319382667541504,1366,0.1680617481470108
1367,36,35,stable_normal,,0.10200536251068115,0.01786482147872448,0.01531206350773573,0.03004327416419983,0.0147312106564641,0.8979946374893188,0.22234925627708435,0.0,0.15922260284423828,0.8407773971557617,1367,0.15922260284423828
1368,36,36,stable_normal,,0.06982213258743286,0.013451788574457169,0.01739554852247238,0.014190825633704662,0.0032047228887677193,0.9301778674125671,0.21568162739276886,0.0,0.1908257007598877,0.8091742992401123,1368,0.1908257007598877
